2026-05-29 10:55:44.579 [main] INFO  c.s.document.DocumentApplication otel_trace_id= otel_span_id= request_id= business_trace_id= tenant_id= document_id= ingestion_job_id= - Starting DocumentApplication using Java 25.0.2 with PID 19120 (D:\Projects\Sparrow-x\document-service\target\classes started by aggre in D:\Projects\Sparrow-x\document-service)
2026-05-29 10:55:44.582 [main] INFO  c.s.document.DocumentApplication otel_trace_id= otel_span_id= request_id= business_trace_id= tenant_id= document_id= ingestion_job_id= - The following 1 profile is active: "dev"
2026-05-29 10:55:45.299 [main] INFO  o.s.d.r.c.RepositoryConfigurationDelegate otel_trace_id= otel_span_id= request_id= business_trace_id= tenant_id= document_id= ingestion_job_id= - Multiple Spring Data modules found, entering strict repository configuration mode
2026-05-29 10:55:45.300 [main] INFO  o.s.d.r.c.RepositoryConfigurationDelegate otel_trace_id= otel_span_id= request_id= business_trace_id= tenant_id= document_id= ingestion_job_id= - Bootstrapping Spring Data JPA repositories in DEFAULT mode.
2026-05-29 10:55:45.429 [main] INFO  o.s.d.r.c.RepositoryConfigurationDelegate otel_trace_id= otel_span_id= request_id= business_trace_id= tenant_id= document_id= ingestion_job_id= - Finished Spring Data repository scanning in 119 ms. Found 5 JPA repository interfaces.
2026-05-29 10:55:46.118 [main] INFO  o.s.d.r.c.RepositoryConfigurationDelegate otel_trace_id= otel_span_id= request_id= business_trace_id= tenant_id= document_id= ingestion_job_id= - Multiple Spring Data modules found, entering strict repository configuration mode
2026-05-29 10:55:46.119 [main] INFO  o.s.d.r.c.RepositoryConfigurationDelegate otel_trace_id= otel_span_id= request_id= business_trace_id= tenant_id= document_id= ingestion_job_id= - Bootstrapping Spring Data Redis repositories in DEFAULT mode.
2026-05-29 10:55:46.159 [main] INFO  o.s.d.r.c.RepositoryConfigurationExtensionSupport otel_trace_id= otel_span_id= request_id= business_trace_id= tenant_id= document_id= ingestion_job_id= - Spring Data Redis - Could not safely identify store assignment for repository candidate interface com.sparrowx.document.data.postgres.repositories.DocumentChunkRepository; If you want this repository to be a Redis repository, consider annotating your entities with one of these annotations: org.springframework.data.redis.core.RedisHash (preferred), or consider extending one of the following types with your repository: org.springframework.data.keyvalue.repository.KeyValueRepository
2026-05-29 10:55:46.160 [main] INFO  o.s.d.r.c.RepositoryConfigurationExtensionSupport otel_trace_id= otel_span_id= request_id= business_trace_id= tenant_id= document_id= ingestion_job_id= - Spring Data Redis - Could not safely identify store assignment for repository candidate interface com.sparrowx.document.data.postgres.repositories.DocumentRepository; If you want this repository to be a Redis repository, consider annotating your entities with one of these annotations: org.springframework.data.redis.core.RedisHash (preferred), or consider extending one of the following types with your repository: org.springframework.data.keyvalue.repository.KeyValueRepository
2026-05-29 10:55:46.161 [main] INFO  o.s.d.r.c.RepositoryConfigurationExtensionSupport otel_trace_id= otel_span_id= request_id= business_trace_id= tenant_id= document_id= ingestion_job_id= - Spring Data Redis - Could not safely identify store assignment for repository candidate interface com.sparrowx.document.data.postgres.repositories.IngestionJobRepository; If you want this repository to be a Redis repository, consider annotating your entities with one of these annotations: org.springframework.data.redis.core.RedisHash (preferred), or consider extending one of the following types with your repository: org.springframework.data.keyvalue.repository.KeyValueRepository
2026-05-29 10:55:46.161 [main] INFO  o.s.d.r.c.RepositoryConfigurationDelegate otel_trace_id= otel_span_id= request_id= business_trace_id= tenant_id= document_id= ingestion_job_id= - Finished Spring Data repository scanning in 30 ms. Found 0 Redis repository interfaces.
2026-05-29 10:55:47.208 [main] INFO  o.s.boot.tomcat.TomcatWebServer otel_trace_id= otel_span_id= request_id= business_trace_id= tenant_id= document_id= ingestion_job_id= - Tomcat initialized with port 8081 (http)
2026-05-29 10:55:47.219 [main] INFO  o.a.catalina.core.StandardService otel_trace_id= otel_span_id= request_id= business_trace_id= tenant_id= document_id= ingestion_job_id= - Starting service [Tomcat]
2026-05-29 10:55:47.219 [main] INFO  o.a.catalina.core.StandardEngine otel_trace_id= otel_span_id= request_id= business_trace_id= tenant_id= document_id= ingestion_job_id= - Starting Servlet engine: [Apache Tomcat/11.0.21]
2026-05-29 10:55:47.407 [main] INFO  o.s.b.w.c.s.WebApplicationContextInitializer otel_trace_id= otel_span_id= request_id= business_trace_id= tenant_id= document_id= ingestion_job_id= - Root WebApplicationContext: initialization completed in 2791 ms
2026-05-29 10:55:47.603 [main] INFO  org.hibernate.orm.jpa otel_trace_id= otel_span_id= request_id= business_trace_id= tenant_id= document_id= ingestion_job_id= - HHH008540: Processing PersistenceUnitInfo [name: default]
2026-05-29 10:55:47.653 [main] INFO  org.hibernate.orm.core otel_trace_id= otel_span_id= request_id= business_trace_id= tenant_id= document_id= ingestion_job_id= - HHH000001: Hibernate ORM core version 7.2.12.Final
2026-05-29 10:55:48.084 [main] INFO  o.s.o.j.p.SpringPersistenceUnitInfo otel_trace_id= otel_span_id= request_id= business_trace_id= tenant_id= document_id= ingestion_job_id= - No LoadTimeWeaver setup: ignoring JPA class transformer
2026-05-29 10:55:48.123 [main] INFO  com.zaxxer.hikari.HikariDataSource otel_trace_id= otel_span_id= request_id= business_trace_id= tenant_id= document_id= ingestion_job_id= - HikariPool-1 - Starting...
2026-05-29 10:55:49.176 [main] WARN  org.hibernate.orm.jdbc.error otel_trace_id= otel_span_id= request_id= business_trace_id= tenant_id= document_id= ingestion_job_id= - HHH000247: ErrorCode: 0, SQLState: 08001
2026-05-29 10:55:49.176 [main] WARN  org.hibernate.orm.jdbc.error otel_trace_id= otel_span_id= request_id= business_trace_id= tenant_id= document_id= ingestion_job_id= - Connection to localhost:5432 refused. Check that the hostname and port are correct and that the postmaster is accepting TCP/IP connections.
2026-05-29 10:55:49.187 [main] WARN  org.hibernate.orm.jdbc otel_trace_id= otel_span_id= request_id= business_trace_id= tenant_id= document_id= ingestion_job_id= - HHH100046: Could not obtain connection to query JDBC database metadata
org.hibernate.exception.JDBCConnectionException: Unable to obtain isolated JDBC connection [Connection to localhost:5432 refused. Check that the hostname and port are correct and that the postmaster is accepting TCP/IP connections.] [n/a]
	at org.hibernate.exception.internal.SQLStateConversionDelegate.convert(SQLStateConversionDelegate.java:80)
	at org.hibernate.exception.internal.StandardSQLExceptionConverter.convert(StandardSQLExceptionConverter.java:34)
	at org.hibernate.engine.jdbc.spi.SqlExceptionHelper.convert(SqlExceptionHelper.java:115)
	at org.hibernate.engine.jdbc.spi.SqlExceptionHelper.convert(SqlExceptionHelper.java:101)
	at org.hibernate.resource.transaction.backend.jdbc.internal.JdbcIsolationDelegate.delegateWork(JdbcIsolationDelegate.java:51)
	at org.hibernate.engine.jdbc.env.internal.JdbcEnvironmentInitiator.getJdbcEnvironmentUsingJdbcMetadata(JdbcEnvironmentInitiator.java:366)
	at org.hibernate.engine.jdbc.env.internal.JdbcEnvironmentInitiator.getJdbcEnvironment(JdbcEnvironmentInitiator.java:143)
	at org.hibernate.engine.jdbc.env.internal.JdbcEnvironmentInitiator.initiateService(JdbcEnvironmentInitiator.java:120)
	at org.hibernate.engine.jdbc.env.internal.JdbcEnvironmentInitiator.initiateService(JdbcEnvironmentInitiator.java:80)
	at org.hibernate.boot.registry.internal.StandardServiceRegistryImpl.initiateService(StandardServiceRegistryImpl.java:133)
	at org.hibernate.service.internal.AbstractServiceRegistryImpl.createService(AbstractServiceRegistryImpl.java:260)
	at org.hibernate.service.internal.AbstractServiceRegistryImpl.initializeService(AbstractServiceRegistryImpl.java:235)
	at org.hibernate.service.internal.AbstractServiceRegistryImpl.getService(AbstractServiceRegistryImpl.java:212)
	at org.hibernate.boot.model.relational.Database.<init>(Database.java:44)
	at org.hibernate.boot.internal.InFlightMetadataCollectorImpl.getDatabase(InFlightMetadataCollectorImpl.java:251)
	at org.hibernate.boot.internal.InFlightMetadataCollectorImpl.<init>(InFlightMetadataCollectorImpl.java:203)
	at org.hibernate.boot.model.process.spi.MetadataBuildingProcess.complete(MetadataBuildingProcess.java:172)
	at org.hibernate.jpa.boot.internal.EntityManagerFactoryBuilderImpl.metadata(EntityManagerFactoryBuilderImpl.java:1392)
	at org.hibernate.jpa.boot.internal.EntityManagerFactoryBuilderImpl.populateSessionFactoryBuilder(EntityManagerFactoryBuilderImpl.java:1472)
	at org.hibernate.jpa.boot.internal.EntityManagerFactoryBuilderImpl.build(EntityManagerFactoryBuilderImpl.java:1454)
	at org.springframework.orm.jpa.vendor.SpringHibernateJpaPersistenceProvider.createContainerEntityManagerFactory(SpringHibernateJpaPersistenceProvider.java:93)
	at org.springframework.orm.jpa.LocalContainerEntityManagerFactoryBean.createNativeEntityManagerFactory(LocalContainerEntityManagerFactoryBean.java:443)
	at org.springframework.orm.jpa.AbstractEntityManagerFactoryBean.buildNativeEntityManagerFactory(AbstractEntityManagerFactoryBean.java:436)
	at org.springframework.orm.jpa.AbstractEntityManagerFactoryBean.afterPropertiesSet(AbstractEntityManagerFactoryBean.java:411)
	at org.springframework.orm.jpa.LocalContainerEntityManagerFactoryBean.afterPropertiesSet(LocalContainerEntityManagerFactoryBean.java:419)
	at org.springframework.beans.factory.support.AbstractAutowireCapableBeanFactory.invokeInitMethods(AbstractAutowireCapableBeanFactory.java:1864)
	at org.springframework.beans.factory.support.AbstractAutowireCapableBeanFactory.initializeBean(AbstractAutowireCapableBeanFactory.java:1813)
	at org.springframework.beans.factory.support.AbstractAutowireCapableBeanFactory.doCreateBean(AbstractAutowireCapableBeanFactory.java:603)
	at org.springframework.beans.factory.support.AbstractAutowireCapableBeanFactory.createBean(AbstractAutowireCapableBeanFactory.java:525)
	at org.springframework.beans.factory.support.AbstractBeanFactory.lambda$doGetBean$0(AbstractBeanFactory.java:333)
	at org.springframework.beans.factory.support.DefaultSingletonBeanRegistry.getSingleton(DefaultSingletonBeanRegistry.java:371)
	at org.springframework.beans.factory.support.AbstractBeanFactory.doGetBean(AbstractBeanFactory.java:331)
	at org.springframework.beans.factory.support.AbstractBeanFactory.getBean(AbstractBeanFactory.java:201)
	at org.springframework.context.support.AbstractApplicationContext.finishBeanFactoryInitialization(AbstractApplicationContext.java:977)
	at org.springframework.context.support.AbstractApplicationContext.refresh(AbstractApplicationContext.java:621)
	at org.springframework.boot.web.server.servlet.context.ServletWebServerApplicationContext.refresh(ServletWebServerApplicationContext.java:143)
	at org.springframework.boot.SpringApplication.refresh(SpringApplication.java:756)
	at org.springframework.boot.SpringApplication.refreshContext(SpringApplication.java:445)
	at org.springframework.boot.SpringApplication.run(SpringApplication.java:321)
	at org.springframework.boot.SpringApplication.run(SpringApplication.java:1365)
	at org.springframework.boot.SpringApplication.run(SpringApplication.java:1354)
	at com.sparrowx.document.DocumentApplication.main(DocumentApplication.java:16)
Caused by: org.postgresql.util.PSQLException: Connection to localhost:5432 refused. Check that the hostname and port are correct and that the postmaster is accepting TCP/IP connections.
	at org.postgresql.core.v3.ConnectionFactoryImpl.openConnectionImpl(ConnectionFactoryImpl.java:373)
	at org.postgresql.core.ConnectionFactory.openConnection(ConnectionFactory.java:57)
	at org.postgresql.jdbc.PgConnection.<init>(PgConnection.java:290)
	at org.postgresql.Driver.makeConnection(Driver.java:448)
	at org.postgresql.Driver.connect(Driver.java:298)
	at com.zaxxer.hikari.util.DriverDataSource.getConnection(DriverDataSource.java:144)
	at com.zaxxer.hikari.pool.PoolBase.newConnection(PoolBase.java:373)
	at com.zaxxer.hikari.pool.PoolBase.newPoolEntry(PoolBase.java:210)
	at com.zaxxer.hikari.pool.HikariPool.createPoolEntry(HikariPool.java:488)
	at com.zaxxer.hikari.pool.HikariPool.checkFailFast(HikariPool.java:576)
	at com.zaxxer.hikari.pool.HikariPool.<init>(HikariPool.java:97)
	at com.zaxxer.hikari.HikariDataSource.getConnection(HikariDataSource.java:111)
	at org.hibernate.engine.jdbc.connections.internal.DataSourceConnectionProvider.getConnection(DataSourceConnectionProvider.java:137)
	at org.hibernate.engine.jdbc.env.internal.JdbcEnvironmentInitiator$ConnectionProviderJdbcConnectionAccess.obtainConnection(JdbcEnvironmentInitiator.java:508)
	at org.hibernate.resource.transaction.backend.jdbc.internal.JdbcIsolationDelegate.delegateWork(JdbcIsolationDelegate.java:48)
	... 37 common frames omitted
Caused by: java.net.ConnectException: Connection refused: getsockopt
	at java.base/sun.nio.ch.Net.pollConnect(Native Method)
	at java.base/sun.nio.ch.Net.pollConnectNow(Net.java:639)
	at java.base/sun.nio.ch.NioSocketImpl.timedFinishConnect(NioSocketImpl.java:543)
	at java.base/sun.nio.ch.NioSocketImpl.connect(NioSocketImpl.java:594)
	at java.base/java.net.SocksSocketImpl.connect(SocksSocketImpl.java:284)
	at java.base/java.net.Socket.connect(Socket.java:659)
	at org.postgresql.core.PGStream.createSocket(PGStream.java:261)
	at org.postgresql.core.PGStream.<init>(PGStream.java:122)
	at org.postgresql.core.v3.ConnectionFactoryImpl.tryConnect(ConnectionFactoryImpl.java:146)
	at org.postgresql.core.v3.ConnectionFactoryImpl.openConnectionImpl(ConnectionFactoryImpl.java:289)
	... 51 common frames omitted
2026-05-29 10:55:49.191 [main] ERROR o.s.o.j.LocalContainerEntityManagerFactoryBean otel_trace_id= otel_span_id= request_id= business_trace_id= tenant_id= document_id= ingestion_job_id= - Failed to initialize JPA EntityManagerFactory: Unable to create requested service [org.hibernate.engine.jdbc.env.spi.JdbcEnvironment] due to: Unable to determine Dialect without JDBC metadata (please set 'jakarta.persistence.jdbc.url' for common cases or 'hibernate.dialect' when a custom Dialect implementation must be provided)
2026-05-29 10:55:49.192 [main] WARN  o.s.b.w.s.s.c.AnnotationConfigServletWebServerApplicationContext otel_trace_id= otel_span_id= request_id= business_trace_id= tenant_id= document_id= ingestion_job_id= - Exception encountered during context initialization - cancelling refresh attempt: org.springframework.beans.factory.BeanCreationException: Error creating bean with name 'entityManagerFactory' defined in class path resource [org/springframework/boot/hibernate/autoconfigure/HibernateJpaConfiguration.class]: Unable to create requested service [org.hibernate.engine.jdbc.env.spi.JdbcEnvironment] due to: Unable to determine Dialect without JDBC metadata (please set 'jakarta.persistence.jdbc.url' for common cases or 'hibernate.dialect' when a custom Dialect implementation must be provided)
2026-05-29 10:55:49.195 [main] INFO  o.a.catalina.core.StandardService otel_trace_id= otel_span_id= request_id= business_trace_id= tenant_id= document_id= ingestion_job_id= - Stopping service [Tomcat]
2026-05-29 10:55:49.206 [main] INFO  o.s.b.a.l.ConditionEvaluationReportLogger otel_trace_id= otel_span_id= request_id= business_trace_id= tenant_id= document_id= ingestion_job_id= - 

Error starting ApplicationContext. To display the condition evaluation report re-run your application with 'debug' enabled.
2026-05-29 10:55:49.216 [main] ERROR o.s.boot.SpringApplication otel_trace_id= otel_span_id= request_id= business_trace_id= tenant_id= document_id= ingestion_job_id= - Application run failed
org.springframework.beans.factory.BeanCreationException: Error creating bean with name 'entityManagerFactory' defined in class path resource [org/springframework/boot/hibernate/autoconfigure/HibernateJpaConfiguration.class]: Unable to create requested service [org.hibernate.engine.jdbc.env.spi.JdbcEnvironment] due to: Unable to determine Dialect without JDBC metadata (please set 'jakarta.persistence.jdbc.url' for common cases or 'hibernate.dialect' when a custom Dialect implementation must be provided)
	at org.springframework.beans.factory.support.AbstractAutowireCapableBeanFactory.initializeBean(AbstractAutowireCapableBeanFactory.java:1817)
	at org.springframework.beans.factory.support.AbstractAutowireCapableBeanFactory.doCreateBean(AbstractAutowireCapableBeanFactory.java:603)
	at org.springframework.beans.factory.support.AbstractAutowireCapableBeanFactory.createBean(AbstractAutowireCapableBeanFactory.java:525)
	at org.springframework.beans.factory.support.AbstractBeanFactory.lambda$doGetBean$0(AbstractBeanFactory.java:333)
	at org.springframework.beans.factory.support.DefaultSingletonBeanRegistry.getSingleton(DefaultSingletonBeanRegistry.java:371)
	at org.springframework.beans.factory.support.AbstractBeanFactory.doGetBean(AbstractBeanFactory.java:331)
	at org.springframework.beans.factory.support.AbstractBeanFactory.getBean(AbstractBeanFactory.java:201)
	at org.springframework.context.support.AbstractApplicationContext.finishBeanFactoryInitialization(AbstractApplicationContext.java:977)
	at org.springframework.context.support.AbstractApplicationContext.refresh(AbstractApplicationContext.java:621)
	at org.springframework.boot.web.server.servlet.context.ServletWebServerApplicationContext.refresh(ServletWebServerApplicationContext.java:143)
	at org.springframework.boot.SpringApplication.refresh(SpringApplication.java:756)
	at org.springframework.boot.SpringApplication.refreshContext(SpringApplication.java:445)
	at org.springframework.boot.SpringApplication.run(SpringApplication.java:321)
	at org.springframework.boot.SpringApplication.run(SpringApplication.java:1365)
	at org.springframework.boot.SpringApplication.run(SpringApplication.java:1354)
	at com.sparrowx.document.DocumentApplication.main(DocumentApplication.java:16)
Caused by: org.hibernate.service.spi.ServiceException: Unable to create requested service [org.hibernate.engine.jdbc.env.spi.JdbcEnvironment] due to: Unable to determine Dialect without JDBC metadata (please set 'jakarta.persistence.jdbc.url' for common cases or 'hibernate.dialect' when a custom Dialect implementation must be provided)
	at org.hibernate.service.internal.AbstractServiceRegistryImpl.createService(AbstractServiceRegistryImpl.java:273)
	at org.hibernate.service.internal.AbstractServiceRegistryImpl.initializeService(AbstractServiceRegistryImpl.java:235)
	at org.hibernate.service.internal.AbstractServiceRegistryImpl.getService(AbstractServiceRegistryImpl.java:212)
	at org.hibernate.boot.model.relational.Database.<init>(Database.java:44)
	at org.hibernate.boot.internal.InFlightMetadataCollectorImpl.getDatabase(InFlightMetadataCollectorImpl.java:251)
	at org.hibernate.boot.internal.InFlightMetadataCollectorImpl.<init>(InFlightMetadataCollectorImpl.java:203)
	at org.hibernate.boot.model.process.spi.MetadataBuildingProcess.complete(MetadataBuildingProcess.java:172)
	at org.hibernate.jpa.boot.internal.EntityManagerFactoryBuilderImpl.metadata(EntityManagerFactoryBuilderImpl.java:1392)
	at org.hibernate.jpa.boot.internal.EntityManagerFactoryBuilderImpl.populateSessionFactoryBuilder(EntityManagerFactoryBuilderImpl.java:1472)
	at org.hibernate.jpa.boot.internal.EntityManagerFactoryBuilderImpl.build(EntityManagerFactoryBuilderImpl.java:1454)
	at org.springframework.orm.jpa.vendor.SpringHibernateJpaPersistenceProvider.createContainerEntityManagerFactory(SpringHibernateJpaPersistenceProvider.java:93)
	at org.springframework.orm.jpa.LocalContainerEntityManagerFactoryBean.createNativeEntityManagerFactory(LocalContainerEntityManagerFactoryBean.java:443)
	at org.springframework.orm.jpa.AbstractEntityManagerFactoryBean.buildNativeEntityManagerFactory(AbstractEntityManagerFactoryBean.java:436)
	at org.springframework.orm.jpa.AbstractEntityManagerFactoryBean.afterPropertiesSet(AbstractEntityManagerFactoryBean.java:411)
	at org.springframework.orm.jpa.LocalContainerEntityManagerFactoryBean.afterPropertiesSet(LocalContainerEntityManagerFactoryBean.java:419)
	at org.springframework.beans.factory.support.AbstractAutowireCapableBeanFactory.invokeInitMethods(AbstractAutowireCapableBeanFactory.java:1864)
	at org.springframework.beans.factory.support.AbstractAutowireCapableBeanFactory.initializeBean(AbstractAutowireCapableBeanFactory.java:1813)
	... 15 common frames omitted
Caused by: org.hibernate.HibernateException: Unable to determine Dialect without JDBC metadata (please set 'jakarta.persistence.jdbc.url' for common cases or 'hibernate.dialect' when a custom Dialect implementation must be provided)
	at org.hibernate.engine.jdbc.dialect.internal.DialectFactoryImpl.determineDialect(DialectFactoryImpl.java:190)
	at org.hibernate.engine.jdbc.dialect.internal.DialectFactoryImpl.buildDialect(DialectFactoryImpl.java:86)
	at org.hibernate.engine.jdbc.env.internal.JdbcEnvironmentInitiator.getJdbcEnvironmentWithDefaults(JdbcEnvironmentInitiator.java:200)
	at org.hibernate.engine.jdbc.env.internal.JdbcEnvironmentInitiator.getJdbcEnvironmentUsingJdbcMetadata(JdbcEnvironmentInitiator.java:452)
	at org.hibernate.engine.jdbc.env.internal.JdbcEnvironmentInitiator.getJdbcEnvironment(JdbcEnvironmentInitiator.java:143)
	at org.hibernate.engine.jdbc.env.internal.JdbcEnvironmentInitiator.initiateService(JdbcEnvironmentInitiator.java:120)
	at org.hibernate.engine.jdbc.env.internal.JdbcEnvironmentInitiator.initiateService(JdbcEnvironmentInitiator.java:80)
	at org.hibernate.boot.registry.internal.StandardServiceRegistryImpl.initiateService(StandardServiceRegistryImpl.java:133)
	at org.hibernate.service.internal.AbstractServiceRegistryImpl.createService(AbstractServiceRegistryImpl.java:260)
	... 31 common frames omitted
2026-05-29 11:00:54.504 [main] INFO  c.s.document.DocumentApplication otel_trace_id= otel_span_id= request_id= business_trace_id= tenant_id= document_id= ingestion_job_id= - Starting DocumentApplication using Java 25.0.2 with PID 33012 (D:\Projects\Sparrow-x\document-service\target\classes started by aggre in D:\Projects\Sparrow-x\document-service)
2026-05-29 11:00:54.505 [main] INFO  c.s.document.DocumentApplication otel_trace_id= otel_span_id= request_id= business_trace_id= tenant_id= document_id= ingestion_job_id= - The following 1 profile is active: "dev"
2026-05-29 11:00:55.142 [main] INFO  o.s.d.r.c.RepositoryConfigurationDelegate otel_trace_id= otel_span_id= request_id= business_trace_id= tenant_id= document_id= ingestion_job_id= - Multiple Spring Data modules found, entering strict repository configuration mode
2026-05-29 11:00:55.143 [main] INFO  o.s.d.r.c.RepositoryConfigurationDelegate otel_trace_id= otel_span_id= request_id= business_trace_id= tenant_id= document_id= ingestion_job_id= - Bootstrapping Spring Data JPA repositories in DEFAULT mode.
2026-05-29 11:00:55.234 [main] INFO  o.s.d.r.c.RepositoryConfigurationDelegate otel_trace_id= otel_span_id= request_id= business_trace_id= tenant_id= document_id= ingestion_job_id= - Finished Spring Data repository scanning in 84 ms. Found 5 JPA repository interfaces.
2026-05-29 11:00:55.834 [main] INFO  o.s.d.r.c.RepositoryConfigurationDelegate otel_trace_id= otel_span_id= request_id= business_trace_id= tenant_id= document_id= ingestion_job_id= - Multiple Spring Data modules found, entering strict repository configuration mode
2026-05-29 11:00:55.835 [main] INFO  o.s.d.r.c.RepositoryConfigurationDelegate otel_trace_id= otel_span_id= request_id= business_trace_id= tenant_id= document_id= ingestion_job_id= - Bootstrapping Spring Data Redis repositories in DEFAULT mode.
2026-05-29 11:00:55.870 [main] INFO  o.s.d.r.c.RepositoryConfigurationExtensionSupport otel_trace_id= otel_span_id= request_id= business_trace_id= tenant_id= document_id= ingestion_job_id= - Spring Data Redis - Could not safely identify store assignment for repository candidate interface com.sparrowx.document.data.postgres.repositories.DocumentChunkRepository; If you want this repository to be a Redis repository, consider annotating your entities with one of these annotations: org.springframework.data.redis.core.RedisHash (preferred), or consider extending one of the following types with your repository: org.springframework.data.keyvalue.repository.KeyValueRepository
2026-05-29 11:00:55.871 [main] INFO  o.s.d.r.c.RepositoryConfigurationExtensionSupport otel_trace_id= otel_span_id= request_id= business_trace_id= tenant_id= document_id= ingestion_job_id= - Spring Data Redis - Could not safely identify store assignment for repository candidate interface com.sparrowx.document.data.postgres.repositories.DocumentRepository; If you want this repository to be a Redis repository, consider annotating your entities with one of these annotations: org.springframework.data.redis.core.RedisHash (preferred), or consider extending one of the following types with your repository: org.springframework.data.keyvalue.repository.KeyValueRepository
2026-05-29 11:00:55.871 [main] INFO  o.s.d.r.c.RepositoryConfigurationExtensionSupport otel_trace_id= otel_span_id= request_id= business_trace_id= tenant_id= document_id= ingestion_job_id= - Spring Data Redis - Could not safely identify store assignment for repository candidate interface com.sparrowx.document.data.postgres.repositories.IngestionJobRepository; If you want this repository to be a Redis repository, consider annotating your entities with one of these annotations: org.springframework.data.redis.core.RedisHash (preferred), or consider extending one of the following types with your repository: org.springframework.data.keyvalue.repository.KeyValueRepository
2026-05-29 11:00:55.871 [main] INFO  o.s.d.r.c.RepositoryConfigurationDelegate otel_trace_id= otel_span_id= request_id= business_trace_id= tenant_id= document_id= ingestion_job_id= - Finished Spring Data repository scanning in 28 ms. Found 0 Redis repository interfaces.
2026-05-29 11:00:56.734 [main] INFO  o.s.boot.tomcat.TomcatWebServer otel_trace_id= otel_span_id= request_id= business_trace_id= tenant_id= document_id= ingestion_job_id= - Tomcat initialized with port 8081 (http)
2026-05-29 11:00:56.744 [main] INFO  o.a.catalina.core.StandardService otel_trace_id= otel_span_id= request_id= business_trace_id= tenant_id= document_id= ingestion_job_id= - Starting service [Tomcat]
2026-05-29 11:00:56.744 [main] INFO  o.a.catalina.core.StandardEngine otel_trace_id= otel_span_id= request_id= business_trace_id= tenant_id= document_id= ingestion_job_id= - Starting Servlet engine: [Apache Tomcat/11.0.21]
2026-05-29 11:00:56.814 [main] INFO  o.s.b.w.c.s.WebApplicationContextInitializer otel_trace_id= otel_span_id= request_id= business_trace_id= tenant_id= document_id= ingestion_job_id= - Root WebApplicationContext: initialization completed in 2281 ms
2026-05-29 11:00:56.999 [main] INFO  org.hibernate.orm.jpa otel_trace_id= otel_span_id= request_id= business_trace_id= tenant_id= document_id= ingestion_job_id= - HHH008540: Processing PersistenceUnitInfo [name: default]
2026-05-29 11:00:57.040 [main] INFO  org.hibernate.orm.core otel_trace_id= otel_span_id= request_id= business_trace_id= tenant_id= document_id= ingestion_job_id= - HHH000001: Hibernate ORM core version 7.2.12.Final
2026-05-29 11:00:57.334 [main] INFO  o.s.o.j.p.SpringPersistenceUnitInfo otel_trace_id= otel_span_id= request_id= business_trace_id= tenant_id= document_id= ingestion_job_id= - No LoadTimeWeaver setup: ignoring JPA class transformer
2026-05-29 11:00:57.359 [main] INFO  com.zaxxer.hikari.HikariDataSource otel_trace_id= otel_span_id= request_id= business_trace_id= tenant_id= document_id= ingestion_job_id= - HikariPool-1 - Starting...
2026-05-29 11:00:57.504 [main] INFO  com.zaxxer.hikari.pool.HikariPool otel_trace_id= otel_span_id= request_id= business_trace_id= tenant_id= document_id= ingestion_job_id= - HikariPool-1 - Added connection org.postgresql.jdbc.PgConnection@2e04dbc1
2026-05-29 11:00:57.505 [main] INFO  com.zaxxer.hikari.HikariDataSource otel_trace_id= otel_span_id= request_id= business_trace_id= tenant_id= document_id= ingestion_job_id= - HikariPool-1 - Start completed.
2026-05-29 11:00:57.580 [main] INFO  o.hibernate.orm.connections.pooling otel_trace_id= otel_span_id= request_id= business_trace_id= tenant_id= document_id= ingestion_job_id= - HHH10001005: Database info:
	Database JDBC URL [jdbc:postgresql://localhost:5432/postgres]
	Database driver: PostgreSQL JDBC Driver
	Database dialect: PostgreSQLDialect
	Database version: 16.13
	Default catalog/schema: postgres/public
	Autocommit mode: undefined/unknown
	Isolation level: READ_COMMITTED [default READ_COMMITTED]
	JDBC fetch size: none
	Pool: DataSourceConnectionProvider
	Minimum pool size: undefined/unknown
	Maximum pool size: undefined/unknown
2026-05-29 11:00:58.412 [main] INFO  org.hibernate.orm.core otel_trace_id= otel_span_id= request_id= business_trace_id= tenant_id= document_id= ingestion_job_id= - HHH000489: No JTA platform available (set 'hibernate.transaction.jta.platform' to enable JTA platform integration)
2026-05-29 11:00:58.464 [main] INFO  o.s.o.j.LocalContainerEntityManagerFactoryBean otel_trace_id= otel_span_id= request_id= business_trace_id= tenant_id= document_id= ingestion_job_id= - Initialized JPA EntityManagerFactory for persistence unit 'default'
2026-05-29 11:00:58.849 [main] WARN  o.s.b.w.s.s.c.AnnotationConfigServletWebServerApplicationContext otel_trace_id= otel_span_id= request_id= business_trace_id= tenant_id= document_id= ingestion_job_id= - Exception encountered during context initialization - cancelling refresh attempt: org.springframework.beans.factory.UnsatisfiedDependencyException: Error creating bean with name 'qdrantDocumentVectorRepository' defined in file [D:\Projects\Sparrow-x\document-service\target\classes\com\sparrowx\document\data\qdrant\QdrantDocumentVectorRepository.class]: Unsatisfied dependency expressed through constructor parameter 2: Error creating bean with name 'geminiEmbeddingService' defined in file [D:\Projects\Sparrow-x\document-service\target\classes\com\sparrowx\document\ingestion\indexing\GeminiEmbeddingService.class]: Failed to instantiate [com.sparrowx.document.ingestion.indexing.GeminiEmbeddingService]: Constructor threw exception
2026-05-29 11:00:58.850 [main] INFO  o.s.o.j.LocalContainerEntityManagerFactoryBean otel_trace_id= otel_span_id= request_id= business_trace_id= tenant_id= document_id= ingestion_job_id= - Closing JPA EntityManagerFactory for persistence unit 'default'
2026-05-29 11:00:58.853 [main] INFO  com.zaxxer.hikari.HikariDataSource otel_trace_id= otel_span_id= request_id= business_trace_id= tenant_id= document_id= ingestion_job_id= - HikariPool-1 - Shutdown initiated...
2026-05-29 11:00:58.856 [main] INFO  com.zaxxer.hikari.HikariDataSource otel_trace_id= otel_span_id= request_id= business_trace_id= tenant_id= document_id= ingestion_job_id= - HikariPool-1 - Shutdown completed.
2026-05-29 11:00:58.859 [main] INFO  o.a.catalina.core.StandardService otel_trace_id= otel_span_id= request_id= business_trace_id= tenant_id= document_id= ingestion_job_id= - Stopping service [Tomcat]
2026-05-29 11:00:58.869 [main] INFO  o.s.b.a.l.ConditionEvaluationReportLogger otel_trace_id= otel_span_id= request_id= business_trace_id= tenant_id= document_id= ingestion_job_id= - 

Error starting ApplicationContext. To display the condition evaluation report re-run your application with 'debug' enabled.
2026-05-29 11:00:58.883 [main] ERROR o.s.boot.SpringApplication otel_trace_id= otel_span_id= request_id= business_trace_id= tenant_id= document_id= ingestion_job_id= - Application run failed
org.springframework.beans.factory.UnsatisfiedDependencyException: Error creating bean with name 'qdrantDocumentVectorRepository' defined in file [D:\Projects\Sparrow-x\document-service\target\classes\com\sparrowx\document\data\qdrant\QdrantDocumentVectorRepository.class]: Unsatisfied dependency expressed through constructor parameter 2: Error creating bean with name 'geminiEmbeddingService' defined in file [D:\Projects\Sparrow-x\document-service\target\classes\com\sparrowx\document\ingestion\indexing\GeminiEmbeddingService.class]: Failed to instantiate [com.sparrowx.document.ingestion.indexing.GeminiEmbeddingService]: Constructor threw exception
	at org.springframework.beans.factory.support.ConstructorResolver.createArgumentArray(ConstructorResolver.java:804)
	at org.springframework.beans.factory.support.ConstructorResolver.autowireConstructor(ConstructorResolver.java:240)
	at org.springframework.beans.factory.support.AbstractAutowireCapableBeanFactory.autowireConstructor(AbstractAutowireCapableBeanFactory.java:1382)
	at org.springframework.beans.factory.support.AbstractAutowireCapableBeanFactory.createBeanInstance(AbstractAutowireCapableBeanFactory.java:1221)
	at org.springframework.beans.factory.support.AbstractAutowireCapableBeanFactory.doCreateBean(AbstractAutowireCapableBeanFactory.java:565)
	at org.springframework.beans.factory.support.AbstractAutowireCapableBeanFactory.createBean(AbstractAutowireCapableBeanFactory.java:525)
	at org.springframework.beans.factory.support.AbstractBeanFactory.lambda$doGetBean$0(AbstractBeanFactory.java:333)
	at org.springframework.beans.factory.support.DefaultSingletonBeanRegistry.getSingleton(DefaultSingletonBeanRegistry.java:371)
	at org.springframework.beans.factory.support.AbstractBeanFactory.doGetBean(AbstractBeanFactory.java:331)
	at org.springframework.beans.factory.support.AbstractBeanFactory.getBean(AbstractBeanFactory.java:196)
	at org.springframework.beans.factory.support.DefaultListableBeanFactory.instantiateSingleton(DefaultListableBeanFactory.java:1218)
	at org.springframework.beans.factory.support.DefaultListableBeanFactory.preInstantiateSingleton(DefaultListableBeanFactory.java:1184)
	at org.springframework.beans.factory.support.DefaultListableBeanFactory.preInstantiateSingletons(DefaultListableBeanFactory.java:1121)
	at org.springframework.context.support.AbstractApplicationContext.finishBeanFactoryInitialization(AbstractApplicationContext.java:994)
	at org.springframework.context.support.AbstractApplicationContext.refresh(AbstractApplicationContext.java:621)
	at org.springframework.boot.web.server.servlet.context.ServletWebServerApplicationContext.refresh(ServletWebServerApplicationContext.java:143)
	at org.springframework.boot.SpringApplication.refresh(SpringApplication.java:756)
	at org.springframework.boot.SpringApplication.refreshContext(SpringApplication.java:445)
	at org.springframework.boot.SpringApplication.run(SpringApplication.java:321)
	at org.springframework.boot.SpringApplication.run(SpringApplication.java:1365)
	at org.springframework.boot.SpringApplication.run(SpringApplication.java:1354)
	at com.sparrowx.document.DocumentApplication.main(DocumentApplication.java:16)
Caused by: org.springframework.beans.factory.BeanCreationException: Error creating bean with name 'geminiEmbeddingService' defined in file [D:\Projects\Sparrow-x\document-service\target\classes\com\sparrowx\document\ingestion\indexing\GeminiEmbeddingService.class]: Failed to instantiate [com.sparrowx.document.ingestion.indexing.GeminiEmbeddingService]: Constructor threw exception
	at org.springframework.beans.factory.support.ConstructorResolver.instantiate(ConstructorResolver.java:321)
	at org.springframework.beans.factory.support.ConstructorResolver.autowireConstructor(ConstructorResolver.java:309)
	at org.springframework.beans.factory.support.AbstractAutowireCapableBeanFactory.autowireConstructor(AbstractAutowireCapableBeanFactory.java:1382)
	at org.springframework.beans.factory.support.AbstractAutowireCapableBeanFactory.createBeanInstance(AbstractAutowireCapableBeanFactory.java:1221)
	at org.springframework.beans.factory.support.AbstractAutowireCapableBeanFactory.doCreateBean(AbstractAutowireCapableBeanFactory.java:565)
	at org.springframework.beans.factory.support.AbstractAutowireCapableBeanFactory.createBean(AbstractAutowireCapableBeanFactory.java:525)
	at org.springframework.beans.factory.support.AbstractBeanFactory.lambda$doGetBean$0(AbstractBeanFactory.java:333)
	at org.springframework.beans.factory.support.DefaultSingletonBeanRegistry.getSingleton(DefaultSingletonBeanRegistry.java:371)
	at org.springframework.beans.factory.support.AbstractBeanFactory.doGetBean(AbstractBeanFactory.java:331)
	at org.springframework.beans.factory.support.AbstractBeanFactory.getBean(AbstractBeanFactory.java:201)
	at org.springframework.beans.factory.config.DependencyDescriptor.resolveCandidate(DependencyDescriptor.java:229)
	at org.springframework.beans.factory.support.DefaultListableBeanFactory.doResolveDependency(DefaultListableBeanFactory.java:1762)
	at org.springframework.beans.factory.support.DefaultListableBeanFactory.resolveDependency(DefaultListableBeanFactory.java:1651)
	at org.springframework.beans.factory.support.ConstructorResolver.resolveAutowiredArgument(ConstructorResolver.java:912)
	at org.springframework.beans.factory.support.ConstructorResolver.createArgumentArray(ConstructorResolver.java:791)
	... 21 common frames omitted
Caused by: org.springframework.beans.BeanInstantiationException: Failed to instantiate [com.sparrowx.document.ingestion.indexing.GeminiEmbeddingService]: Constructor threw exception
	at org.springframework.beans.BeanUtils.instantiateClass(BeanUtils.java:220)
	at org.springframework.beans.factory.support.SimpleInstantiationStrategy.instantiate(SimpleInstantiationStrategy.java:129)
	at org.springframework.beans.factory.support.ConstructorResolver.instantiate(ConstructorResolver.java:318)
	... 35 common frames omitted
Caused by: java.lang.IllegalStateException: GEMINI_API_KEY was not resolved. Check IntelliJ/Maven run configuration environment variables.
	at com.sparrowx.document.ingestion.indexing.GeminiEmbeddingService.<init>(GeminiEmbeddingService.java:32)
	at java.base/jdk.internal.reflect.DirectConstructorHandleAccessor.newInstance(DirectConstructorHandleAccessor.java:62)
	at java.base/java.lang.reflect.Constructor.newInstanceWithCaller(Constructor.java:499)
	at java.base/java.lang.reflect.Constructor.newInstance(Constructor.java:483)
	at org.springframework.beans.BeanUtils.instantiateClass(BeanUtils.java:207)
	... 37 common frames omitted
2026-05-29 11:02:19.384 [main] INFO  c.s.document.DocumentApplication otel_trace_id= otel_span_id= request_id= business_trace_id= tenant_id= document_id= ingestion_job_id= - Starting DocumentApplication using Java 25.0.2 with PID 30788 (D:\Projects\Sparrow-x\document-service\target\classes started by aggre in D:\Projects\Sparrow-x\document-service)
2026-05-29 11:02:19.384 [main] INFO  c.s.document.DocumentApplication otel_trace_id= otel_span_id= request_id= business_trace_id= tenant_id= document_id= ingestion_job_id= - The following 1 profile is active: "dev"
2026-05-29 11:02:20.034 [main] INFO  o.s.d.r.c.RepositoryConfigurationDelegate otel_trace_id= otel_span_id= request_id= business_trace_id= tenant_id= document_id= ingestion_job_id= - Multiple Spring Data modules found, entering strict repository configuration mode
2026-05-29 11:02:20.035 [main] INFO  o.s.d.r.c.RepositoryConfigurationDelegate otel_trace_id= otel_span_id= request_id= business_trace_id= tenant_id= document_id= ingestion_job_id= - Bootstrapping Spring Data JPA repositories in DEFAULT mode.
2026-05-29 11:02:20.120 [main] INFO  o.s.d.r.c.RepositoryConfigurationDelegate otel_trace_id= otel_span_id= request_id= business_trace_id= tenant_id= document_id= ingestion_job_id= - Finished Spring Data repository scanning in 78 ms. Found 5 JPA repository interfaces.
2026-05-29 11:02:20.715 [main] INFO  o.s.d.r.c.RepositoryConfigurationDelegate otel_trace_id= otel_span_id= request_id= business_trace_id= tenant_id= document_id= ingestion_job_id= - Multiple Spring Data modules found, entering strict repository configuration mode
2026-05-29 11:02:20.716 [main] INFO  o.s.d.r.c.RepositoryConfigurationDelegate otel_trace_id= otel_span_id= request_id= business_trace_id= tenant_id= document_id= ingestion_job_id= - Bootstrapping Spring Data Redis repositories in DEFAULT mode.
2026-05-29 11:02:20.747 [main] INFO  o.s.d.r.c.RepositoryConfigurationExtensionSupport otel_trace_id= otel_span_id= request_id= business_trace_id= tenant_id= document_id= ingestion_job_id= - Spring Data Redis - Could not safely identify store assignment for repository candidate interface com.sparrowx.document.data.postgres.repositories.DocumentChunkRepository; If you want this repository to be a Redis repository, consider annotating your entities with one of these annotations: org.springframework.data.redis.core.RedisHash (preferred), or consider extending one of the following types with your repository: org.springframework.data.keyvalue.repository.KeyValueRepository
2026-05-29 11:02:20.748 [main] INFO  o.s.d.r.c.RepositoryConfigurationExtensionSupport otel_trace_id= otel_span_id= request_id= business_trace_id= tenant_id= document_id= ingestion_job_id= - Spring Data Redis - Could not safely identify store assignment for repository candidate interface com.sparrowx.document.data.postgres.repositories.DocumentRepository; If you want this repository to be a Redis repository, consider annotating your entities with one of these annotations: org.springframework.data.redis.core.RedisHash (preferred), or consider extending one of the following types with your repository: org.springframework.data.keyvalue.repository.KeyValueRepository
2026-05-29 11:02:20.748 [main] INFO  o.s.d.r.c.RepositoryConfigurationExtensionSupport otel_trace_id= otel_span_id= request_id= business_trace_id= tenant_id= document_id= ingestion_job_id= - Spring Data Redis - Could not safely identify store assignment for repository candidate interface com.sparrowx.document.data.postgres.repositories.IngestionJobRepository; If you want this repository to be a Redis repository, consider annotating your entities with one of these annotations: org.springframework.data.redis.core.RedisHash (preferred), or consider extending one of the following types with your repository: org.springframework.data.keyvalue.repository.KeyValueRepository
2026-05-29 11:02:20.749 [main] INFO  o.s.d.r.c.RepositoryConfigurationDelegate otel_trace_id= otel_span_id= request_id= business_trace_id= tenant_id= document_id= ingestion_job_id= - Finished Spring Data repository scanning in 26 ms. Found 0 Redis repository interfaces.
2026-05-29 11:02:21.696 [main] INFO  o.s.boot.tomcat.TomcatWebServer otel_trace_id= otel_span_id= request_id= business_trace_id= tenant_id= document_id= ingestion_job_id= - Tomcat initialized with port 8081 (http)
2026-05-29 11:02:21.714 [main] INFO  o.a.catalina.core.StandardService otel_trace_id= otel_span_id= request_id= business_trace_id= tenant_id= document_id= ingestion_job_id= - Starting service [Tomcat]
2026-05-29 11:02:21.714 [main] INFO  o.a.catalina.core.StandardEngine otel_trace_id= otel_span_id= request_id= business_trace_id= tenant_id= document_id= ingestion_job_id= - Starting Servlet engine: [Apache Tomcat/11.0.21]
2026-05-29 11:02:21.850 [main] INFO  o.s.b.w.c.s.WebApplicationContextInitializer otel_trace_id= otel_span_id= request_id= business_trace_id= tenant_id= document_id= ingestion_job_id= - Root WebApplicationContext: initialization completed in 2433 ms
2026-05-29 11:02:22.204 [main] INFO  org.hibernate.orm.jpa otel_trace_id= otel_span_id= request_id= business_trace_id= tenant_id= document_id= ingestion_job_id= - HHH008540: Processing PersistenceUnitInfo [name: default]
2026-05-29 11:02:22.265 [main] INFO  org.hibernate.orm.core otel_trace_id= otel_span_id= request_id= business_trace_id= tenant_id= document_id= ingestion_job_id= - HHH000001: Hibernate ORM core version 7.2.12.Final
2026-05-29 11:02:22.835 [main] INFO  o.s.o.j.p.SpringPersistenceUnitInfo otel_trace_id= otel_span_id= request_id= business_trace_id= tenant_id= document_id= ingestion_job_id= - No LoadTimeWeaver setup: ignoring JPA class transformer
2026-05-29 11:02:22.878 [main] INFO  com.zaxxer.hikari.HikariDataSource otel_trace_id= otel_span_id= request_id= business_trace_id= tenant_id= document_id= ingestion_job_id= - HikariPool-1 - Starting...
2026-05-29 11:02:23.073 [main] INFO  com.zaxxer.hikari.pool.HikariPool otel_trace_id= otel_span_id= request_id= business_trace_id= tenant_id= document_id= ingestion_job_id= - HikariPool-1 - Added connection org.postgresql.jdbc.PgConnection@2e04dbc1
2026-05-29 11:02:23.075 [main] INFO  com.zaxxer.hikari.HikariDataSource otel_trace_id= otel_span_id= request_id= business_trace_id= tenant_id= document_id= ingestion_job_id= - HikariPool-1 - Start completed.
2026-05-29 11:02:23.149 [main] INFO  o.hibernate.orm.connections.pooling otel_trace_id= otel_span_id= request_id= business_trace_id= tenant_id= document_id= ingestion_job_id= - HHH10001005: Database info:
	Database JDBC URL [jdbc:postgresql://localhost:5432/postgres]
	Database driver: PostgreSQL JDBC Driver
	Database dialect: PostgreSQLDialect
	Database version: 16.13
	Default catalog/schema: postgres/public
	Autocommit mode: undefined/unknown
	Isolation level: READ_COMMITTED [default READ_COMMITTED]
	JDBC fetch size: none
	Pool: DataSourceConnectionProvider
	Minimum pool size: undefined/unknown
	Maximum pool size: undefined/unknown
2026-05-29 11:02:24.424 [main] INFO  org.hibernate.orm.core otel_trace_id= otel_span_id= request_id= business_trace_id= tenant_id= document_id= ingestion_job_id= - HHH000489: No JTA platform available (set 'hibernate.transaction.jta.platform' to enable JTA platform integration)
2026-05-29 11:02:24.487 [main] INFO  o.s.o.j.LocalContainerEntityManagerFactoryBean otel_trace_id= otel_span_id= request_id= business_trace_id= tenant_id= document_id= ingestion_job_id= - Initialized JPA EntityManagerFactory for persistence unit 'default'
2026-05-29 11:02:25.232 [main] INFO  o.s.d.j.r.q.QueryEnhancerFactories otel_trace_id= otel_span_id= request_id= business_trace_id= tenant_id= document_id= ingestion_job_id= - Hibernate is in classpath; If applicable, HQL parser will be used.
2026-05-29 11:02:27.445 [main] INFO  n.d.b.g.s.a.GrpcServerFactoryAutoConfiguration otel_trace_id= otel_span_id= request_id= business_trace_id= tenant_id= document_id= ingestion_job_id= - Detected grpc-netty-shaded: Creating ShadedNettyGrpcServerFactory
2026-05-29 11:02:28.100 [main] INFO  o.s.b.a.e.web.EndpointLinksResolver otel_trace_id= otel_span_id= request_id= business_trace_id= tenant_id= document_id= ingestion_job_id= - Exposing 3 endpoints beneath base path '/actuator'
2026-05-29 11:02:28.143 [main] WARN  o.s.a.m.a.p.s.SyncMcpSamplingProvider otel_trace_id= otel_span_id= request_id= business_trace_id= tenant_id= document_id= ingestion_job_id= - No sampling methods found
2026-05-29 11:02:28.144 [main] WARN  o.s.a.m.a.p.e.SyncMcpElicitationProvider otel_trace_id= otel_span_id= request_id= business_trace_id= tenant_id= document_id= ingestion_job_id= - No elicitation methods found
2026-05-29 11:02:28.237 [main] INFO  o.s.boot.tomcat.TomcatWebServer otel_trace_id= otel_span_id= request_id= business_trace_id= tenant_id= document_id= ingestion_job_id= - Tomcat started on port 8081 (http) with context path '/'
2026-05-29 11:02:28.409 [main] INFO  n.d.b.g.s.s.AbstractGrpcServerFactory otel_trace_id= otel_span_id= request_id= business_trace_id= tenant_id= document_id= ingestion_job_id= - Registered gRPC service: document.DocumentService, bean: documentServiceGrpcImpl, class: com.sparrowx.document.grpc.DocumentServiceGrpcImpl
2026-05-29 11:02:28.410 [main] INFO  n.d.b.g.s.s.AbstractGrpcServerFactory otel_trace_id= otel_span_id= request_id= business_trace_id= tenant_id= document_id= ingestion_job_id= - Registered gRPC service: grpc.health.v1.Health, bean: grpcHealthService, class: io.grpc.protobuf.services.HealthServiceImpl
2026-05-29 11:02:28.410 [main] INFO  n.d.b.g.s.s.AbstractGrpcServerFactory otel_trace_id= otel_span_id= request_id= business_trace_id= tenant_id= document_id= ingestion_job_id= - Registered gRPC service: grpc.reflection.v1alpha.ServerReflection, bean: protoReflectionService, class: io.grpc.protobuf.services.ProtoReflectionService
2026-05-29 11:02:28.624 [main] INFO  n.d.b.g.s.s.GrpcServerLifecycle otel_trace_id= otel_span_id= request_id= business_trace_id= tenant_id= document_id= ingestion_job_id= - gRPC Server started, listening on address: *, port: 50054
2026-05-29 11:02:28.634 [main] INFO  c.s.document.DocumentApplication otel_trace_id= otel_span_id= request_id= business_trace_id= tenant_id= document_id= ingestion_job_id= - Started DocumentApplication in 9.626 seconds (process running for 10.058)
2026-05-29 11:02:28.862 [main] INFO  c.s.d.d.q.QdrantCollectionInitializer otel_trace_id= otel_span_id= request_id= business_trace_id= tenant_id= document_id= ingestion_job_id= - Qdrant collection already exists: sparrowx_document_chunks
2026-05-29 11:02:28.863 [main] WARN  o.s.c.events.SpringDocAppInitializer otel_trace_id= otel_span_id= request_id= business_trace_id= tenant_id= document_id= ingestion_job_id= - SpringDoc /v3/api-docs endpoint is enabled by default. To disable it in production, set the property 'springdoc.api-docs.enabled=false'
2026-05-29 11:02:28.863 [main] WARN  o.s.c.events.SpringDocAppInitializer otel_trace_id= otel_span_id= request_id= business_trace_id= tenant_id= document_id= ingestion_job_id= - SpringDoc /swagger-ui.html endpoint is enabled by default. To disable it in production, set the property 'springdoc.swagger-ui.enabled=false'
2026-05-29 11:02:29.113 [main] INFO  c.s.d.g.h.DocumentServiceStartupCheck otel_trace_id= otel_span_id= request_id= business_trace_id= tenant_id= document_id= ingestion_job_id= - Document service startup check complete documentCount=26 storageProvider=MinioDocumentStorage
2026-05-29 11:02:29.133 [main] INFO  b.i.grpc.health.GrpcHealthAdapter otel_trace_id= otel_span_id= request_id= business_trace_id= tenant_id= document_id= ingestion_job_id= - Application ready — setting gRPC global health to SERVING
2026-05-29 11:02:31.433 [http-nio-8081-exec-1] INFO  o.a.c.c.C.[Tomcat].[localhost].[/] otel_trace_id= otel_span_id= request_id= business_trace_id= tenant_id= document_id= ingestion_job_id= - Initializing Spring DispatcherServlet 'dispatcherServlet'
2026-05-29 11:02:31.433 [http-nio-8081-exec-1] INFO  o.s.web.servlet.DispatcherServlet otel_trace_id= otel_span_id= request_id= business_trace_id= tenant_id= document_id= ingestion_job_id= - Initializing Servlet 'dispatcherServlet'
2026-05-29 11:02:31.435 [http-nio-8081-exec-1] INFO  o.s.web.servlet.DispatcherServlet otel_trace_id= otel_span_id= request_id= business_trace_id= tenant_id= document_id= ingestion_job_id= - Completed initialization in 2 ms
2026-05-29 11:21:32.111 [SpringApplicationShutdownHook] INFO  n.d.b.g.s.s.GrpcServerLifecycle otel_trace_id= otel_span_id= request_id= business_trace_id= tenant_id= document_id= ingestion_job_id= - Completed gRPC server shutdown
2026-05-29 11:21:32.112 [SpringApplicationShutdownHook] INFO  o.s.boot.tomcat.GracefulShutdown otel_trace_id= otel_span_id= request_id= business_trace_id= tenant_id= document_id= ingestion_job_id= - Commencing graceful shutdown. Waiting for active requests to complete
2026-05-29 11:21:32.116 [tomcat-shutdown] INFO  o.s.boot.tomcat.GracefulShutdown otel_trace_id= otel_span_id= request_id= business_trace_id= tenant_id= document_id= ingestion_job_id= - Graceful shutdown complete
2026-05-29 11:21:32.134 [SpringApplicationShutdownHook] INFO  b.i.grpc.health.GrpcHealthAdapter otel_trace_id= otel_span_id= request_id= business_trace_id= tenant_id= document_id= ingestion_job_id= - Shutting down — setting gRPC global health to NOT_SERVING
2026-05-29 11:21:32.147 [SpringApplicationShutdownHook] INFO  o.s.o.j.LocalContainerEntityManagerFactoryBean otel_trace_id= otel_span_id= request_id= business_trace_id= tenant_id= document_id= ingestion_job_id= - Closing JPA EntityManagerFactory for persistence unit 'default'
2026-05-29 11:21:32.150 [SpringApplicationShutdownHook] INFO  com.zaxxer.hikari.HikariDataSource otel_trace_id= otel_span_id= request_id= business_trace_id= tenant_id= document_id= ingestion_job_id= - HikariPool-1 - Shutdown initiated...
2026-05-29 11:21:32.155 [SpringApplicationShutdownHook] INFO  com.zaxxer.hikari.HikariDataSource otel_trace_id= otel_span_id= request_id= business_trace_id= tenant_id= document_id= ingestion_job_id= - HikariPool-1 - Shutdown completed.
2026-05-29 11:22:16.617 [main] INFO  c.s.document.DocumentApplication otel_trace_id= otel_span_id= request_id= business_trace_id= tenant_id= document_id= ingestion_job_id= - Starting DocumentApplication using Java 25.0.2 with PID 41024 (D:\Projects\Sparrow-x\document-service\target\classes started by aggre in D:\Projects\Sparrow-x\document-service)
2026-05-29 11:22:16.619 [main] INFO  c.s.document.DocumentApplication otel_trace_id= otel_span_id= request_id= business_trace_id= tenant_id= document_id= ingestion_job_id= - The following 1 profile is active: "dev"
2026-05-29 11:22:17.417 [main] INFO  o.s.d.r.c.RepositoryConfigurationDelegate otel_trace_id= otel_span_id= request_id= business_trace_id= tenant_id= document_id= ingestion_job_id= - Multiple Spring Data modules found, entering strict repository configuration mode
2026-05-29 11:22:17.418 [main] INFO  o.s.d.r.c.RepositoryConfigurationDelegate otel_trace_id= otel_span_id= request_id= business_trace_id= tenant_id= document_id= ingestion_job_id= - Bootstrapping Spring Data JPA repositories in DEFAULT mode.
2026-05-29 11:22:17.509 [main] INFO  o.s.d.r.c.RepositoryConfigurationDelegate otel_trace_id= otel_span_id= request_id= business_trace_id= tenant_id= document_id= ingestion_job_id= - Finished Spring Data repository scanning in 84 ms. Found 5 JPA repository interfaces.
2026-05-29 11:22:18.243 [main] INFO  o.s.d.r.c.RepositoryConfigurationDelegate otel_trace_id= otel_span_id= request_id= business_trace_id= tenant_id= document_id= ingestion_job_id= - Multiple Spring Data modules found, entering strict repository configuration mode
2026-05-29 11:22:18.244 [main] INFO  o.s.d.r.c.RepositoryConfigurationDelegate otel_trace_id= otel_span_id= request_id= business_trace_id= tenant_id= document_id= ingestion_job_id= - Bootstrapping Spring Data Redis repositories in DEFAULT mode.
2026-05-29 11:22:18.285 [main] INFO  o.s.d.r.c.RepositoryConfigurationExtensionSupport otel_trace_id= otel_span_id= request_id= business_trace_id= tenant_id= document_id= ingestion_job_id= - Spring Data Redis - Could not safely identify store assignment for repository candidate interface com.sparrowx.document.data.postgres.repositories.DocumentChunkRepository; If you want this repository to be a Redis repository, consider annotating your entities with one of these annotations: org.springframework.data.redis.core.RedisHash (preferred), or consider extending one of the following types with your repository: org.springframework.data.keyvalue.repository.KeyValueRepository
2026-05-29 11:22:18.285 [main] INFO  o.s.d.r.c.RepositoryConfigurationExtensionSupport otel_trace_id= otel_span_id= request_id= business_trace_id= tenant_id= document_id= ingestion_job_id= - Spring Data Redis - Could not safely identify store assignment for repository candidate interface com.sparrowx.document.data.postgres.repositories.DocumentRepository; If you want this repository to be a Redis repository, consider annotating your entities with one of these annotations: org.springframework.data.redis.core.RedisHash (preferred), or consider extending one of the following types with your repository: org.springframework.data.keyvalue.repository.KeyValueRepository
2026-05-29 11:22:18.285 [main] INFO  o.s.d.r.c.RepositoryConfigurationExtensionSupport otel_trace_id= otel_span_id= request_id= business_trace_id= tenant_id= document_id= ingestion_job_id= - Spring Data Redis - Could not safely identify store assignment for repository candidate interface com.sparrowx.document.data.postgres.repositories.IngestionJobRepository; If you want this repository to be a Redis repository, consider annotating your entities with one of these annotations: org.springframework.data.redis.core.RedisHash (preferred), or consider extending one of the following types with your repository: org.springframework.data.keyvalue.repository.KeyValueRepository
2026-05-29 11:22:18.285 [main] INFO  o.s.d.r.c.RepositoryConfigurationDelegate otel_trace_id= otel_span_id= request_id= business_trace_id= tenant_id= document_id= ingestion_job_id= - Finished Spring Data repository scanning in 28 ms. Found 0 Redis repository interfaces.
2026-05-29 11:22:19.747 [main] INFO  o.s.boot.tomcat.TomcatWebServer otel_trace_id= otel_span_id= request_id= business_trace_id= tenant_id= document_id= ingestion_job_id= - Tomcat initialized with port 8081 (http)
2026-05-29 11:22:19.763 [main] INFO  o.a.catalina.core.StandardService otel_trace_id= otel_span_id= request_id= business_trace_id= tenant_id= document_id= ingestion_job_id= - Starting service [Tomcat]
2026-05-29 11:22:19.765 [main] INFO  o.a.catalina.core.StandardEngine otel_trace_id= otel_span_id= request_id= business_trace_id= tenant_id= document_id= ingestion_job_id= - Starting Servlet engine: [Apache Tomcat/11.0.21]
2026-05-29 11:22:19.906 [main] INFO  o.s.b.w.c.s.WebApplicationContextInitializer otel_trace_id= otel_span_id= request_id= business_trace_id= tenant_id= document_id= ingestion_job_id= - Root WebApplicationContext: initialization completed in 3247 ms
2026-05-29 11:22:20.266 [main] INFO  org.hibernate.orm.jpa otel_trace_id= otel_span_id= request_id= business_trace_id= tenant_id= document_id= ingestion_job_id= - HHH008540: Processing PersistenceUnitInfo [name: default]
2026-05-29 11:22:20.329 [main] INFO  org.hibernate.orm.core otel_trace_id= otel_span_id= request_id= business_trace_id= tenant_id= document_id= ingestion_job_id= - HHH000001: Hibernate ORM core version 7.2.12.Final
2026-05-29 11:22:20.938 [main] INFO  o.s.o.j.p.SpringPersistenceUnitInfo otel_trace_id= otel_span_id= request_id= business_trace_id= tenant_id= document_id= ingestion_job_id= - No LoadTimeWeaver setup: ignoring JPA class transformer
2026-05-29 11:22:20.980 [main] INFO  com.zaxxer.hikari.HikariDataSource otel_trace_id= otel_span_id= request_id= business_trace_id= tenant_id= document_id= ingestion_job_id= - HikariPool-1 - Starting...
2026-05-29 11:22:21.185 [main] INFO  com.zaxxer.hikari.pool.HikariPool otel_trace_id= otel_span_id= request_id= business_trace_id= tenant_id= document_id= ingestion_job_id= - HikariPool-1 - Added connection org.postgresql.jdbc.PgConnection@5cd5e1b6
2026-05-29 11:22:21.188 [main] INFO  com.zaxxer.hikari.HikariDataSource otel_trace_id= otel_span_id= request_id= business_trace_id= tenant_id= document_id= ingestion_job_id= - HikariPool-1 - Start completed.
2026-05-29 11:22:21.258 [main] INFO  o.hibernate.orm.connections.pooling otel_trace_id= otel_span_id= request_id= business_trace_id= tenant_id= document_id= ingestion_job_id= - HHH10001005: Database info:
	Database JDBC URL [jdbc:postgresql://localhost:5432/postgres]
	Database driver: PostgreSQL JDBC Driver
	Database dialect: PostgreSQLDialect
	Database version: 16.13
	Default catalog/schema: postgres/public
	Autocommit mode: undefined/unknown
	Isolation level: READ_COMMITTED [default READ_COMMITTED]
	JDBC fetch size: none
	Pool: DataSourceConnectionProvider
	Minimum pool size: undefined/unknown
	Maximum pool size: undefined/unknown
2026-05-29 11:22:22.602 [main] INFO  org.hibernate.orm.core otel_trace_id= otel_span_id= request_id= business_trace_id= tenant_id= document_id= ingestion_job_id= - HHH000489: No JTA platform available (set 'hibernate.transaction.jta.platform' to enable JTA platform integration)
2026-05-29 11:22:22.662 [main] INFO  o.s.o.j.LocalContainerEntityManagerFactoryBean otel_trace_id= otel_span_id= request_id= business_trace_id= tenant_id= document_id= ingestion_job_id= - Initialized JPA EntityManagerFactory for persistence unit 'default'
2026-05-29 11:22:23.419 [main] INFO  o.s.d.j.r.q.QueryEnhancerFactories otel_trace_id= otel_span_id= request_id= business_trace_id= tenant_id= document_id= ingestion_job_id= - Hibernate is in classpath; If applicable, HQL parser will be used.
2026-05-29 11:22:25.399 [main] INFO  n.d.b.g.s.a.GrpcServerFactoryAutoConfiguration otel_trace_id= otel_span_id= request_id= business_trace_id= tenant_id= document_id= ingestion_job_id= - Detected grpc-netty-shaded: Creating ShadedNettyGrpcServerFactory
2026-05-29 11:22:26.030 [main] INFO  o.s.b.a.e.web.EndpointLinksResolver otel_trace_id= otel_span_id= request_id= business_trace_id= tenant_id= document_id= ingestion_job_id= - Exposing 3 endpoints beneath base path '/actuator'
2026-05-29 11:22:26.064 [main] WARN  o.s.a.m.a.p.s.SyncMcpSamplingProvider otel_trace_id= otel_span_id= request_id= business_trace_id= tenant_id= document_id= ingestion_job_id= - No sampling methods found
2026-05-29 11:22:26.068 [main] WARN  o.s.a.m.a.p.e.SyncMcpElicitationProvider otel_trace_id= otel_span_id= request_id= business_trace_id= tenant_id= document_id= ingestion_job_id= - No elicitation methods found
2026-05-29 11:22:26.139 [main] INFO  o.s.boot.tomcat.TomcatWebServer otel_trace_id= otel_span_id= request_id= business_trace_id= tenant_id= document_id= ingestion_job_id= - Tomcat started on port 8081 (http) with context path '/'
2026-05-29 11:22:26.254 [main] INFO  n.d.b.g.s.s.AbstractGrpcServerFactory otel_trace_id= otel_span_id= request_id= business_trace_id= tenant_id= document_id= ingestion_job_id= - Registered gRPC service: document.DocumentService, bean: documentServiceGrpcImpl, class: com.sparrowx.document.grpc.DocumentServiceGrpcImpl
2026-05-29 11:22:26.255 [main] INFO  n.d.b.g.s.s.AbstractGrpcServerFactory otel_trace_id= otel_span_id= request_id= business_trace_id= tenant_id= document_id= ingestion_job_id= - Registered gRPC service: grpc.health.v1.Health, bean: grpcHealthService, class: io.grpc.protobuf.services.HealthServiceImpl
2026-05-29 11:22:26.255 [main] INFO  n.d.b.g.s.s.AbstractGrpcServerFactory otel_trace_id= otel_span_id= request_id= business_trace_id= tenant_id= document_id= ingestion_job_id= - Registered gRPC service: grpc.reflection.v1alpha.ServerReflection, bean: protoReflectionService, class: io.grpc.protobuf.services.ProtoReflectionService
2026-05-29 11:22:26.431 [main] INFO  n.d.b.g.s.s.GrpcServerLifecycle otel_trace_id= otel_span_id= request_id= business_trace_id= tenant_id= document_id= ingestion_job_id= - gRPC Server started, listening on address: *, port: 50054
2026-05-29 11:22:26.451 [main] INFO  c.s.document.DocumentApplication otel_trace_id= otel_span_id= request_id= business_trace_id= tenant_id= document_id= ingestion_job_id= - Started DocumentApplication in 10.29 seconds (process running for 10.778)
2026-05-29 11:22:26.645 [main] INFO  c.s.d.d.q.QdrantCollectionInitializer otel_trace_id= otel_span_id= request_id= business_trace_id= tenant_id= document_id= ingestion_job_id= - Qdrant collection already exists: sparrowx_document_chunks
2026-05-29 11:22:26.647 [main] WARN  o.s.c.events.SpringDocAppInitializer otel_trace_id= otel_span_id= request_id= business_trace_id= tenant_id= document_id= ingestion_job_id= - SpringDoc /v3/api-docs endpoint is enabled by default. To disable it in production, set the property 'springdoc.api-docs.enabled=false'
2026-05-29 11:22:26.647 [main] WARN  o.s.c.events.SpringDocAppInitializer otel_trace_id= otel_span_id= request_id= business_trace_id= tenant_id= document_id= ingestion_job_id= - SpringDoc /swagger-ui.html endpoint is enabled by default. To disable it in production, set the property 'springdoc.swagger-ui.enabled=false'
2026-05-29 11:22:26.934 [main] INFO  c.s.d.g.h.DocumentServiceStartupCheck otel_trace_id= otel_span_id= request_id= business_trace_id= tenant_id= document_id= ingestion_job_id= - Document service startup check complete documentCount=26 storageProvider=MinioDocumentStorage
2026-05-29 11:22:26.951 [main] INFO  b.i.grpc.health.GrpcHealthAdapter otel_trace_id= otel_span_id= request_id= business_trace_id= tenant_id= document_id= ingestion_job_id= - Application ready — setting gRPC global health to SERVING
2026-05-29 11:22:31.362 [http-nio-8081-exec-1] INFO  o.a.c.c.C.[Tomcat].[localhost].[/] otel_trace_id= otel_span_id= request_id= business_trace_id= tenant_id= document_id= ingestion_job_id= - Initializing Spring DispatcherServlet 'dispatcherServlet'
2026-05-29 11:22:31.362 [http-nio-8081-exec-1] INFO  o.s.web.servlet.DispatcherServlet otel_trace_id= otel_span_id= request_id= business_trace_id= tenant_id= document_id= ingestion_job_id= - Initializing Servlet 'dispatcherServlet'
2026-05-29 11:22:31.365 [http-nio-8081-exec-1] INFO  o.s.web.servlet.DispatcherServlet otel_trace_id= otel_span_id= request_id= business_trace_id= tenant_id= document_id= ingestion_job_id= - Completed initialization in 3 ms
2026-05-29 11:30:01.884 [grpc-default-executor-0] INFO  b.i.g.i.GrpcLoggingInterceptor otel_trace_id= otel_span_id= request_id= business_trace_id= tenant_id= document_id= ingestion_job_id= - grpc.call.start grpc.reflection.v1alpha.ServerReflection/ServerReflectionInfo
2026-05-29 11:30:01.911 [grpc-default-executor-0] INFO  b.i.g.i.GrpcTracingInterceptor otel_trace_id=efcb9f0e04e10a8edc08ce47796fade9 otel_span_id=4b2a6f6ef121ba17 request_id= business_trace_id= tenant_id= document_id= ingestion_job_id= - trace.start: efcb9f0e04e10a8edc08ce47796fade9
2026-05-29 11:30:02.091 [grpc-default-executor-0] INFO  b.i.g.i.GrpcLoggingInterceptor$2 otel_trace_id= otel_span_id= request_id= business_trace_id= tenant_id= document_id= ingestion_job_id= - grpc.request.message grpc.reflection.v1alpha.ServerReflection/ServerReflectionInfo
2026-05-29 11:30:02.103 [grpc-default-executor-0] INFO  b.i.g.i.GrpcLoggingInterceptor$1 otel_trace_id=efcb9f0e04e10a8edc08ce47796fade9 otel_span_id=4b2a6f6ef121ba17 request_id= business_trace_id= tenant_id= document_id= ingestion_job_id= - grpc.response.send grpc.reflection.v1alpha.ServerReflection/ServerReflectionInfo
2026-05-29 11:30:02.114 [grpc-default-executor-0] INFO  b.i.g.i.GrpcLoggingInterceptor$2 otel_trace_id= otel_span_id= request_id= business_trace_id= tenant_id= document_id= ingestion_job_id= - grpc.request.complete grpc.reflection.v1alpha.ServerReflection/ServerReflectionInfo
2026-05-29 11:30:02.119 [grpc-default-executor-0] INFO  i.o.e.logging.LoggingSpanExporter otel_trace_id=efcb9f0e04e10a8edc08ce47796fade9 otel_span_id=4b2a6f6ef121ba17 request_id= business_trace_id= tenant_id= document_id= ingestion_job_id= - 'grpc.reflection.v1alpha.ServerReflection/ServerReflectionInfo' : efcb9f0e04e10a8edc08ce47796fade9 4b2a6f6ef121ba17 SERVER [tracer: sparrowx-document-service:] AttributesMap{data={rpc.method=grpc.reflection.v1alpha.ServerReflection/ServerReflectionInfo, rpc.system=grpc, rpc.grpc.status_code=OK}, capacity=128, totalAddedValues=3}
2026-05-29 11:30:02.124 [grpc-default-executor-0] INFO  b.i.g.i.GrpcLoggingInterceptor$1 otel_trace_id=efcb9f0e04e10a8edc08ce47796fade9 otel_span_id=4b2a6f6ef121ba17 request_id= business_trace_id= tenant_id= document_id= ingestion_job_id= - grpc.call.close grpc.reflection.v1alpha.ServerReflection/ServerReflectionInfo status=Status{code=OK, description=null, cause=null}
2026-05-29 11:30:02.127 [grpc-default-executor-0] INFO  b.i.g.i.GrpcLoggingInterceptor$2 otel_trace_id= otel_span_id= request_id= business_trace_id= tenant_id= document_id= ingestion_job_id= - grpc.call.complete grpc.reflection.v1alpha.ServerReflection/ServerReflectionInfo
2026-05-29 11:30:02.130 [grpc-default-executor-0] INFO  b.i.g.i.GrpcLoggingInterceptor otel_trace_id= otel_span_id= request_id= business_trace_id= tenant_id= document_id= ingestion_job_id= - grpc.call.start grpc.reflection.v1alpha.ServerReflection/ServerReflectionInfo
2026-05-29 11:30:02.130 [grpc-default-executor-1] INFO  b.i.g.i.GrpcLoggingInterceptor otel_trace_id= otel_span_id= request_id= business_trace_id= tenant_id= document_id= ingestion_job_id= - grpc.call.start grpc.reflection.v1alpha.ServerReflection/ServerReflectionInfo
2026-05-29 11:30:02.130 [grpc-default-executor-0] INFO  b.i.g.i.GrpcTracingInterceptor otel_trace_id=77067225e00c75d57dc6e2f0b37c9de2 otel_span_id=141d85f4406f50fd request_id= business_trace_id= tenant_id= document_id= ingestion_job_id= - trace.start: 77067225e00c75d57dc6e2f0b37c9de2
2026-05-29 11:30:02.130 [grpc-default-executor-1] INFO  b.i.g.i.GrpcTracingInterceptor otel_trace_id=647fd291291a904e7952ac8bc0b4b446 otel_span_id=d1005b008ce09f83 request_id= business_trace_id= tenant_id= document_id= ingestion_job_id= - trace.start: 647fd291291a904e7952ac8bc0b4b446
2026-05-29 11:30:02.130 [grpc-default-executor-1] INFO  b.i.g.i.GrpcLoggingInterceptor$2 otel_trace_id= otel_span_id= request_id= business_trace_id= tenant_id= document_id= ingestion_job_id= - grpc.request.message grpc.reflection.v1alpha.ServerReflection/ServerReflectionInfo
2026-05-29 11:30:02.130 [grpc-default-executor-0] INFO  b.i.g.i.GrpcLoggingInterceptor$2 otel_trace_id= otel_span_id= request_id= business_trace_id= tenant_id= document_id= ingestion_job_id= - grpc.request.message grpc.reflection.v1alpha.ServerReflection/ServerReflectionInfo
2026-05-29 11:30:02.134 [grpc-default-executor-0] INFO  b.i.g.i.GrpcLoggingInterceptor$1 otel_trace_id=647fd291291a904e7952ac8bc0b4b446 otel_span_id=d1005b008ce09f83 request_id= business_trace_id= tenant_id= document_id= ingestion_job_id= - grpc.response.send grpc.reflection.v1alpha.ServerReflection/ServerReflectionInfo
2026-05-29 11:30:02.134 [grpc-default-executor-1] INFO  b.i.g.i.GrpcLoggingInterceptor$1 otel_trace_id=77067225e00c75d57dc6e2f0b37c9de2 otel_span_id=141d85f4406f50fd request_id= business_trace_id= tenant_id= document_id= ingestion_job_id= - grpc.response.send grpc.reflection.v1alpha.ServerReflection/ServerReflectionInfo
2026-05-29 11:30:02.134 [grpc-default-executor-0] INFO  b.i.g.i.GrpcLoggingInterceptor$2 otel_trace_id= otel_span_id= request_id= business_trace_id= tenant_id= document_id= ingestion_job_id= - grpc.request.complete grpc.reflection.v1alpha.ServerReflection/ServerReflectionInfo
2026-05-29 11:30:02.134 [grpc-default-executor-0] INFO  i.o.e.logging.LoggingSpanExporter otel_trace_id=647fd291291a904e7952ac8bc0b4b446 otel_span_id=d1005b008ce09f83 request_id= business_trace_id= tenant_id= document_id= ingestion_job_id= - 'grpc.reflection.v1alpha.ServerReflection/ServerReflectionInfo' : 647fd291291a904e7952ac8bc0b4b446 d1005b008ce09f83 SERVER [tracer: sparrowx-document-service:] AttributesMap{data={rpc.method=grpc.reflection.v1alpha.ServerReflection/ServerReflectionInfo, rpc.system=grpc, rpc.grpc.status_code=OK}, capacity=128, totalAddedValues=3}
2026-05-29 11:30:02.134 [grpc-default-executor-0] INFO  b.i.g.i.GrpcLoggingInterceptor$1 otel_trace_id=647fd291291a904e7952ac8bc0b4b446 otel_span_id=d1005b008ce09f83 request_id= business_trace_id= tenant_id= document_id= ingestion_job_id= - grpc.call.close grpc.reflection.v1alpha.ServerReflection/ServerReflectionInfo status=Status{code=OK, description=null, cause=null}
2026-05-29 11:30:02.134 [grpc-default-executor-1] INFO  b.i.g.i.GrpcLoggingInterceptor$2 otel_trace_id= otel_span_id= request_id= business_trace_id= tenant_id= document_id= ingestion_job_id= - grpc.request.complete grpc.reflection.v1alpha.ServerReflection/ServerReflectionInfo
2026-05-29 11:30:02.134 [grpc-default-executor-1] INFO  i.o.e.logging.LoggingSpanExporter otel_trace_id=77067225e00c75d57dc6e2f0b37c9de2 otel_span_id=141d85f4406f50fd request_id= business_trace_id= tenant_id= document_id= ingestion_job_id= - 'grpc.reflection.v1alpha.ServerReflection/ServerReflectionInfo' : 77067225e00c75d57dc6e2f0b37c9de2 141d85f4406f50fd SERVER [tracer: sparrowx-document-service:] AttributesMap{data={rpc.method=grpc.reflection.v1alpha.ServerReflection/ServerReflectionInfo, rpc.system=grpc, rpc.grpc.status_code=OK}, capacity=128, totalAddedValues=3}
2026-05-29 11:30:02.134 [grpc-default-executor-1] INFO  b.i.g.i.GrpcLoggingInterceptor$1 otel_trace_id=77067225e00c75d57dc6e2f0b37c9de2 otel_span_id=141d85f4406f50fd request_id= business_trace_id= tenant_id= document_id= ingestion_job_id= - grpc.call.close grpc.reflection.v1alpha.ServerReflection/ServerReflectionInfo status=Status{code=OK, description=null, cause=null}
2026-05-29 11:30:02.134 [grpc-default-executor-1] INFO  b.i.g.i.GrpcLoggingInterceptor$2 otel_trace_id= otel_span_id= request_id= business_trace_id= tenant_id= document_id= ingestion_job_id= - grpc.call.complete grpc.reflection.v1alpha.ServerReflection/ServerReflectionInfo
2026-05-29 11:30:02.134 [grpc-default-executor-0] INFO  b.i.g.i.GrpcLoggingInterceptor$2 otel_trace_id= otel_span_id= request_id= business_trace_id= tenant_id= document_id= ingestion_job_id= - grpc.call.complete grpc.reflection.v1alpha.ServerReflection/ServerReflectionInfo
2026-05-29 11:30:40.112 [grpc-default-executor-0] INFO  b.i.g.i.GrpcLoggingInterceptor otel_trace_id= otel_span_id= request_id= business_trace_id= tenant_id= document_id= ingestion_job_id= - grpc.call.start document.DocumentService/UploadDocument
2026-05-29 11:30:40.113 [grpc-default-executor-0] INFO  b.i.g.i.GrpcTracingInterceptor otel_trace_id=d016cfc394dc94543ed3499234878a92 otel_span_id=a966b633f69adea5 request_id= business_trace_id= tenant_id= document_id= ingestion_job_id= - trace.start: d016cfc394dc94543ed3499234878a92
2026-05-29 11:30:40.123 [grpc-default-executor-0] INFO  b.i.g.i.GrpcLoggingInterceptor$2 otel_trace_id= otel_span_id= request_id= business_trace_id= tenant_id= document_id= ingestion_job_id= - grpc.request.message document.DocumentService/UploadDocument
2026-05-29 11:30:40.123 [grpc-default-executor-0] INFO  b.i.g.i.GrpcLoggingInterceptor$2 otel_trace_id= otel_span_id= request_id= business_trace_id= tenant_id= document_id= ingestion_job_id= - grpc.request.complete document.DocumentService/UploadDocument
2026-05-29 11:30:40.132 [grpc-default-executor-0] INFO  b.c.c.i.CommandObservabilityInterceptor otel_trace_id=d016cfc394dc94543ed3499234878a92 otel_span_id=a966b633f69adea5 request_id=req-pdf-001 business_trace_id=trace-pdf-001 tenant_id=tenant-001 document_id= ingestion_job_id= - command.start UploadDocumentCommand
2026-05-29 11:30:40.358 [grpc-default-executor-0] INFO  c.s.d.o.DocumentLifecycleLogger otel_trace_id=d016cfc394dc94543ed3499234878a92 otel_span_id=a966b633f69adea5 request_id=req-pdf-001 business_trace_id=trace-pdf-001 tenant_id=tenant-001 document_id= ingestion_job_id= - Document binary stored tenantId=tenant-001 documentId=db1ee941-3c53-4136-9313-6a2b09d02e82 objectKey=tenants/tenant-001/documents/db1ee941-3c53-4136-9313-6a2b09d02e82/sample.pdf contentHash=2a5c006185110d3e0ecbe805b82b351aa7c33361aef52da39d543d9f4d6a7410
2026-05-29 11:30:40.408 [grpc-default-executor-0] INFO  c.s.d.o.DocumentLifecycleLogger otel_trace_id=d016cfc394dc94543ed3499234878a92 otel_span_id=a966b633f69adea5 request_id=req-pdf-001 business_trace_id=trace-pdf-001 tenant_id=tenant-001 document_id= ingestion_job_id= - Document upload accepted tenantId=tenant-001 userId=user-001 documentId=db1ee941-3c53-4136-9313-6a2b09d02e82 ingestionJobId=0c5048dd-8a41-433e-a5b4-44d4e07c185d fileName=sample.pdf mimeType=application/pdf sizeBytes=33444
2026-05-29 11:30:40.408 [grpc-default-executor-0] INFO  c.s.d.o.IngestionLifecycleLogger otel_trace_id=d016cfc394dc94543ed3499234878a92 otel_span_id=a966b633f69adea5 request_id=req-pdf-001 business_trace_id=trace-pdf-001 tenant_id=tenant-001 document_id= ingestion_job_id= - Ingestion job queued tenantId=tenant-001 documentId=db1ee941-3c53-4136-9313-6a2b09d02e82 ingestionJobId=0c5048dd-8a41-433e-a5b4-44d4e07c185d
2026-05-29 11:30:40.408 [grpc-default-executor-0] INFO  b.c.c.i.CommandObservabilityInterceptor otel_trace_id=d016cfc394dc94543ed3499234878a92 otel_span_id=a966b633f69adea5 request_id=req-pdf-001 business_trace_id=trace-pdf-001 tenant_id=tenant-001 document_id= ingestion_job_id= - command.complete UploadDocumentCommand in 277 ms
2026-05-29 11:30:40.409 [grpc-default-executor-0] INFO  i.o.e.logging.LoggingSpanExporter otel_trace_id=d016cfc394dc94543ed3499234878a92 otel_span_id=a966b633f69adea5 request_id=req-pdf-001 business_trace_id=trace-pdf-001 tenant_id=tenant-001 document_id= ingestion_job_id= - 'command.UploadDocumentCommand' : d016cfc394dc94543ed3499234878a92 83e1ee62f1122117 INTERNAL [tracer: sparrowx-document-service:] {}
2026-05-29 11:30:40.448 [grpc-default-executor-0] INFO  b.i.g.i.GrpcLoggingInterceptor$1 otel_trace_id=d016cfc394dc94543ed3499234878a92 otel_span_id=a966b633f69adea5 request_id=req-pdf-001 business_trace_id=trace-pdf-001 tenant_id=tenant-001 document_id= ingestion_job_id= - grpc.response.send document.DocumentService/UploadDocument
2026-05-29 11:30:40.449 [grpc-default-executor-0] INFO  i.o.e.logging.LoggingSpanExporter otel_trace_id=d016cfc394dc94543ed3499234878a92 otel_span_id=a966b633f69adea5 request_id=req-pdf-001 business_trace_id=trace-pdf-001 tenant_id=tenant-001 document_id= ingestion_job_id= - 'document.DocumentService/UploadDocument' : d016cfc394dc94543ed3499234878a92 a966b633f69adea5 SERVER [tracer: sparrowx-document-service:] AttributesMap{data={rpc.method=document.DocumentService/UploadDocument, rpc.system=grpc, rpc.grpc.status_code=OK}, capacity=128, totalAddedValues=3}
2026-05-29 11:30:40.449 [grpc-default-executor-0] INFO  b.i.g.i.GrpcLoggingInterceptor$1 otel_trace_id=d016cfc394dc94543ed3499234878a92 otel_span_id=a966b633f69adea5 request_id=req-pdf-001 business_trace_id=trace-pdf-001 tenant_id=tenant-001 document_id= ingestion_job_id= - grpc.call.close document.DocumentService/UploadDocument status=Status{code=OK, description=null, cause=null}
2026-05-29 11:30:40.450 [grpc-default-executor-0] INFO  b.i.g.i.GrpcLoggingInterceptor$2 otel_trace_id= otel_span_id= request_id= business_trace_id= tenant_id= document_id= ingestion_job_id= - grpc.call.complete document.DocumentService/UploadDocument
2026-05-29 11:30:41.181 [scheduling-1] INFO  b.c.c.i.CommandObservabilityInterceptor otel_trace_id=d016cfc394dc94543ed3499234878a92 otel_span_id=83e1ee62f1122117 request_id=RequestId[value=req-pdf-001] business_trace_id=TraceId[value=trace-pdf-001] tenant_id=TenantId[value=tenant-001] document_id=DocumentId[value=db1ee941-3c53-4136-9313-6a2b09d02e82] ingestion_job_id=IngestionJobId[value=0c5048dd-8a41-433e-a5b4-44d4e07c185d] - command.start ProcessIngestionJobCommand
2026-05-29 11:30:41.211 [scheduling-1] INFO  c.s.d.o.IngestionLifecycleLogger otel_trace_id=d016cfc394dc94543ed3499234878a92 otel_span_id=83e1ee62f1122117 request_id=RequestId[value=req-pdf-001] business_trace_id=TraceId[value=trace-pdf-001] tenant_id=TenantId[value=tenant-001] document_id=DocumentId[value=db1ee941-3c53-4136-9313-6a2b09d02e82] ingestion_job_id=IngestionJobId[value=0c5048dd-8a41-433e-a5b4-44d4e07c185d] - Ingestion job started tenantId=tenant-001 documentId=db1ee941-3c53-4136-9313-6a2b09d02e82 ingestionJobId=0c5048dd-8a41-433e-a5b4-44d4e07c185d
2026-05-29 11:30:42.422 [scheduling-1] INFO  o.a.p.p.font.FileSystemFontProvider otel_trace_id=d016cfc394dc94543ed3499234878a92 otel_span_id=83e1ee62f1122117 request_id=RequestId[value=req-pdf-001] business_trace_id=TraceId[value=trace-pdf-001] tenant_id=TenantId[value=tenant-001] document_id=DocumentId[value=db1ee941-3c53-4136-9313-6a2b09d02e82] ingestion_job_id=IngestionJobId[value=0c5048dd-8a41-433e-a5b4-44d4e07c185d] - 8 new font files found, font cache will be re-built
2026-05-29 11:30:42.422 [scheduling-1] INFO  o.a.p.p.font.FileSystemFontProvider otel_trace_id=d016cfc394dc94543ed3499234878a92 otel_span_id=83e1ee62f1122117 request_id=RequestId[value=req-pdf-001] business_trace_id=TraceId[value=trace-pdf-001] tenant_id=TenantId[value=tenant-001] document_id=DocumentId[value=db1ee941-3c53-4136-9313-6a2b09d02e82] ingestion_job_id=IngestionJobId[value=0c5048dd-8a41-433e-a5b4-44d4e07c185d] - Building on-disk font cache, this may take a while
2026-05-29 11:30:43.620 [scheduling-1] INFO  o.a.p.p.font.FileSystemFontProvider otel_trace_id=d016cfc394dc94543ed3499234878a92 otel_span_id=83e1ee62f1122117 request_id=RequestId[value=req-pdf-001] business_trace_id=TraceId[value=trace-pdf-001] tenant_id=TenantId[value=tenant-001] document_id=DocumentId[value=db1ee941-3c53-4136-9313-6a2b09d02e82] ingestion_job_id=IngestionJobId[value=0c5048dd-8a41-433e-a5b4-44d4e07c185d] - Finished building on-disk font cache, found 223 fonts
2026-05-29 11:30:58.662 [scheduling-1] INFO  c.s.d.o.IngestionLifecycleLogger otel_trace_id=d016cfc394dc94543ed3499234878a92 otel_span_id=83e1ee62f1122117 request_id=RequestId[value=req-pdf-001] business_trace_id=TraceId[value=trace-pdf-001] tenant_id=TenantId[value=tenant-001] document_id=DocumentId[value=db1ee941-3c53-4136-9313-6a2b09d02e82] ingestion_job_id=IngestionJobId[value=0c5048dd-8a41-433e-a5b4-44d4e07c185d] - Document text extracted tenantId=tenant-001 documentId=db1ee941-3c53-4136-9313-6a2b09d02e82 ingestionJobId=0c5048dd-8a41-433e-a5b4-44d4e07c185d extractedCharacters=11498 pageCount=7
2026-05-29 11:30:58.662 [scheduling-1] INFO  c.s.d.o.IngestionLifecycleLogger otel_trace_id=d016cfc394dc94543ed3499234878a92 otel_span_id=83e1ee62f1122117 request_id=RequestId[value=req-pdf-001] business_trace_id=TraceId[value=trace-pdf-001] tenant_id=TenantId[value=tenant-001] document_id=DocumentId[value=db1ee941-3c53-4136-9313-6a2b09d02e82] ingestion_job_id=IngestionJobId[value=0c5048dd-8a41-433e-a5b4-44d4e07c185d] - Document chunks created tenantId=tenant-001 documentId=db1ee941-3c53-4136-9313-6a2b09d02e82 ingestionJobId=0c5048dd-8a41-433e-a5b4-44d4e07c185d chunksCreated=9
2026-05-29 11:30:58.663 [scheduling-1] INFO  c.s.d.o.IngestionLifecycleLogger otel_trace_id=d016cfc394dc94543ed3499234878a92 otel_span_id=83e1ee62f1122117 request_id=RequestId[value=req-pdf-001] business_trace_id=TraceId[value=trace-pdf-001] tenant_id=TenantId[value=tenant-001] document_id=DocumentId[value=db1ee941-3c53-4136-9313-6a2b09d02e82] ingestion_job_id=IngestionJobId[value=0c5048dd-8a41-433e-a5b4-44d4e07c185d] - Ingestion job completed tenantId=tenant-001 documentId=db1ee941-3c53-4136-9313-6a2b09d02e82 ingestionJobId=0c5048dd-8a41-433e-a5b4-44d4e07c185d chunksCreated=9 chunksIndexed=9
2026-05-29 11:30:58.663 [scheduling-1] INFO  b.c.c.i.CommandObservabilityInterceptor otel_trace_id=d016cfc394dc94543ed3499234878a92 otel_span_id=83e1ee62f1122117 request_id=RequestId[value=req-pdf-001] business_trace_id=TraceId[value=trace-pdf-001] tenant_id=TenantId[value=tenant-001] document_id=DocumentId[value=db1ee941-3c53-4136-9313-6a2b09d02e82] ingestion_job_id=IngestionJobId[value=0c5048dd-8a41-433e-a5b4-44d4e07c185d] - command.complete ProcessIngestionJobCommand in 17482 ms
2026-05-29 11:30:58.664 [scheduling-1] INFO  i.o.e.logging.LoggingSpanExporter otel_trace_id=d016cfc394dc94543ed3499234878a92 otel_span_id=83e1ee62f1122117 request_id=RequestId[value=req-pdf-001] business_trace_id=TraceId[value=trace-pdf-001] tenant_id=TenantId[value=tenant-001] document_id=DocumentId[value=db1ee941-3c53-4136-9313-6a2b09d02e82] ingestion_job_id=IngestionJobId[value=0c5048dd-8a41-433e-a5b4-44d4e07c185d] - 'command.ProcessIngestionJobCommand' : d016cfc394dc94543ed3499234878a92 8202d73a87024df6 INTERNAL [tracer: sparrowx-document-service:] {}
2026-05-29 11:32:39.589 [grpc-default-executor-2] INFO  b.i.g.i.GrpcLoggingInterceptor otel_trace_id= otel_span_id= request_id= business_trace_id= tenant_id= document_id= ingestion_job_id= - grpc.call.start document.DocumentService/GetIngestionJob
2026-05-29 11:32:39.590 [grpc-default-executor-2] INFO  b.i.g.i.GrpcTracingInterceptor otel_trace_id=c12676ac55042479ec29fba96c1f330a otel_span_id=391e95437f304e73 request_id= business_trace_id= tenant_id= document_id= ingestion_job_id= - trace.start: c12676ac55042479ec29fba96c1f330a
2026-05-29 11:32:39.591 [grpc-default-executor-2] INFO  b.i.g.i.GrpcLoggingInterceptor$2 otel_trace_id= otel_span_id= request_id= business_trace_id= tenant_id= document_id= ingestion_job_id= - grpc.request.message document.DocumentService/GetIngestionJob
2026-05-29 11:32:39.592 [grpc-default-executor-2] INFO  b.i.g.i.GrpcLoggingInterceptor$2 otel_trace_id= otel_span_id= request_id= business_trace_id= tenant_id= document_id= ingestion_job_id= - grpc.request.complete document.DocumentService/GetIngestionJob
2026-05-29 11:32:39.595 [grpc-default-executor-2] INFO  b.c.q.i.QueryObservabilityInterceptor otel_trace_id=c12676ac55042479ec29fba96c1f330a otel_span_id=391e95437f304e73 request_id=req-get-ingestion-job-001 business_trace_id=trace-get-ingestion-job-001 tenant_id=tenant-001 document_id= ingestion_job_id= - query.start GetIngestionJobQuery
2026-05-29 11:32:39.606 [grpc-default-executor-2] INFO  b.c.q.i.QueryObservabilityInterceptor otel_trace_id=c12676ac55042479ec29fba96c1f330a otel_span_id=391e95437f304e73 request_id=req-get-ingestion-job-001 business_trace_id=trace-get-ingestion-job-001 tenant_id=tenant-001 document_id= ingestion_job_id= - query.complete GetIngestionJobQuery in 10 ms
2026-05-29 11:32:39.607 [grpc-default-executor-2] INFO  i.o.e.logging.LoggingSpanExporter otel_trace_id=c12676ac55042479ec29fba96c1f330a otel_span_id=391e95437f304e73 request_id=req-get-ingestion-job-001 business_trace_id=trace-get-ingestion-job-001 tenant_id=tenant-001 document_id= ingestion_job_id= - 'query.GetIngestionJobQuery' : c12676ac55042479ec29fba96c1f330a 2c5be6f528cff1a3 INTERNAL [tracer: sparrowx-document-service:] {}
2026-05-29 11:32:39.611 [grpc-default-executor-2] INFO  b.i.g.i.GrpcLoggingInterceptor$1 otel_trace_id=c12676ac55042479ec29fba96c1f330a otel_span_id=391e95437f304e73 request_id=req-get-ingestion-job-001 business_trace_id=trace-get-ingestion-job-001 tenant_id=tenant-001 document_id= ingestion_job_id= - grpc.response.send document.DocumentService/GetIngestionJob
2026-05-29 11:32:39.613 [grpc-default-executor-2] INFO  i.o.e.logging.LoggingSpanExporter otel_trace_id=c12676ac55042479ec29fba96c1f330a otel_span_id=391e95437f304e73 request_id=req-get-ingestion-job-001 business_trace_id=trace-get-ingestion-job-001 tenant_id=tenant-001 document_id= ingestion_job_id= - 'document.DocumentService/GetIngestionJob' : c12676ac55042479ec29fba96c1f330a 391e95437f304e73 SERVER [tracer: sparrowx-document-service:] AttributesMap{data={rpc.method=document.DocumentService/GetIngestionJob, rpc.system=grpc, rpc.grpc.status_code=OK}, capacity=128, totalAddedValues=3}
2026-05-29 11:32:39.613 [grpc-default-executor-2] INFO  b.i.g.i.GrpcLoggingInterceptor$1 otel_trace_id=c12676ac55042479ec29fba96c1f330a otel_span_id=391e95437f304e73 request_id=req-get-ingestion-job-001 business_trace_id=trace-get-ingestion-job-001 tenant_id=tenant-001 document_id= ingestion_job_id= - grpc.call.close document.DocumentService/GetIngestionJob status=Status{code=OK, description=null, cause=null}
2026-05-29 11:32:39.614 [grpc-default-executor-2] INFO  b.i.g.i.GrpcLoggingInterceptor$2 otel_trace_id= otel_span_id= request_id= business_trace_id= tenant_id= document_id= ingestion_job_id= - grpc.call.complete document.DocumentService/GetIngestionJob
2026-05-29 11:33:58.101 [grpc-default-executor-3] INFO  b.i.g.i.GrpcLoggingInterceptor otel_trace_id= otel_span_id= request_id= business_trace_id= tenant_id= document_id= ingestion_job_id= - grpc.call.start grpc.reflection.v1alpha.ServerReflection/ServerReflectionInfo
2026-05-29 11:33:58.105 [grpc-default-executor-3] INFO  b.i.g.i.GrpcTracingInterceptor otel_trace_id=a74ab86d4c101753a96b606ec1655c60 otel_span_id=66161f87325f6837 request_id= business_trace_id= tenant_id= document_id= ingestion_job_id= - trace.start: a74ab86d4c101753a96b606ec1655c60
2026-05-29 11:33:58.109 [grpc-default-executor-3] INFO  b.i.g.i.GrpcLoggingInterceptor$2 otel_trace_id= otel_span_id= request_id= business_trace_id= tenant_id= document_id= ingestion_job_id= - grpc.request.message grpc.reflection.v1alpha.ServerReflection/ServerReflectionInfo
2026-05-29 11:33:58.110 [grpc-default-executor-3] INFO  b.i.g.i.GrpcLoggingInterceptor$1 otel_trace_id=a74ab86d4c101753a96b606ec1655c60 otel_span_id=66161f87325f6837 request_id= business_trace_id= tenant_id= document_id= ingestion_job_id= - grpc.response.send grpc.reflection.v1alpha.ServerReflection/ServerReflectionInfo
2026-05-29 11:33:58.115 [grpc-default-executor-3] INFO  b.i.g.i.GrpcLoggingInterceptor$2 otel_trace_id= otel_span_id= request_id= business_trace_id= tenant_id= document_id= ingestion_job_id= - grpc.request.complete grpc.reflection.v1alpha.ServerReflection/ServerReflectionInfo
2026-05-29 11:33:58.116 [grpc-default-executor-3] INFO  i.o.e.logging.LoggingSpanExporter otel_trace_id=a74ab86d4c101753a96b606ec1655c60 otel_span_id=66161f87325f6837 request_id= business_trace_id= tenant_id= document_id= ingestion_job_id= - 'grpc.reflection.v1alpha.ServerReflection/ServerReflectionInfo' : a74ab86d4c101753a96b606ec1655c60 66161f87325f6837 SERVER [tracer: sparrowx-document-service:] AttributesMap{data={rpc.method=grpc.reflection.v1alpha.ServerReflection/ServerReflectionInfo, rpc.system=grpc, rpc.grpc.status_code=OK}, capacity=128, totalAddedValues=3}
2026-05-29 11:33:58.117 [grpc-default-executor-3] INFO  b.i.g.i.GrpcLoggingInterceptor$1 otel_trace_id=a74ab86d4c101753a96b606ec1655c60 otel_span_id=66161f87325f6837 request_id= business_trace_id= tenant_id= document_id= ingestion_job_id= - grpc.call.close grpc.reflection.v1alpha.ServerReflection/ServerReflectionInfo status=Status{code=OK, description=null, cause=null}
2026-05-29 11:33:58.120 [grpc-default-executor-3] INFO  b.i.g.i.GrpcLoggingInterceptor$2 otel_trace_id= otel_span_id= request_id= business_trace_id= tenant_id= document_id= ingestion_job_id= - grpc.call.complete grpc.reflection.v1alpha.ServerReflection/ServerReflectionInfo
2026-05-29 11:33:58.121 [grpc-default-executor-4] INFO  b.i.g.i.GrpcLoggingInterceptor otel_trace_id= otel_span_id= request_id= business_trace_id= tenant_id= document_id= ingestion_job_id= - grpc.call.start grpc.reflection.v1alpha.ServerReflection/ServerReflectionInfo
2026-05-29 11:33:58.122 [grpc-default-executor-4] INFO  b.i.g.i.GrpcTracingInterceptor otel_trace_id=cb4aaee49ce89cf73f42c8f983ae505f otel_span_id=59f0a22e774312e4 request_id= business_trace_id= tenant_id= document_id= ingestion_job_id= - trace.start: cb4aaee49ce89cf73f42c8f983ae505f
2026-05-29 11:33:58.123 [grpc-default-executor-5] INFO  b.i.g.i.GrpcLoggingInterceptor otel_trace_id= otel_span_id= request_id= business_trace_id= tenant_id= document_id= ingestion_job_id= - grpc.call.start grpc.reflection.v1alpha.ServerReflection/ServerReflectionInfo
2026-05-29 11:33:58.123 [grpc-default-executor-4] INFO  b.i.g.i.GrpcLoggingInterceptor$2 otel_trace_id= otel_span_id= request_id= business_trace_id= tenant_id= document_id= ingestion_job_id= - grpc.request.message grpc.reflection.v1alpha.ServerReflection/ServerReflectionInfo
2026-05-29 11:33:58.123 [grpc-default-executor-5] INFO  b.i.g.i.GrpcTracingInterceptor otel_trace_id=67efb257f6c21923394f1dcab68b07da otel_span_id=e93463a2c36f5b6e request_id= business_trace_id= tenant_id= document_id= ingestion_job_id= - trace.start: 67efb257f6c21923394f1dcab68b07da
2026-05-29 11:33:58.125 [grpc-default-executor-4] INFO  b.i.g.i.GrpcLoggingInterceptor$1 otel_trace_id=cb4aaee49ce89cf73f42c8f983ae505f otel_span_id=59f0a22e774312e4 request_id= business_trace_id= tenant_id= document_id= ingestion_job_id= - grpc.response.send grpc.reflection.v1alpha.ServerReflection/ServerReflectionInfo
2026-05-29 11:33:58.130 [grpc-default-executor-5] INFO  b.i.g.i.GrpcLoggingInterceptor$2 otel_trace_id= otel_span_id= request_id= business_trace_id= tenant_id= document_id= ingestion_job_id= - grpc.request.message grpc.reflection.v1alpha.ServerReflection/ServerReflectionInfo
2026-05-29 11:33:58.130 [grpc-default-executor-4] INFO  b.i.g.i.GrpcLoggingInterceptor$2 otel_trace_id= otel_span_id= request_id= business_trace_id= tenant_id= document_id= ingestion_job_id= - grpc.request.complete grpc.reflection.v1alpha.ServerReflection/ServerReflectionInfo
2026-05-29 11:33:58.130 [grpc-default-executor-4] INFO  i.o.e.logging.LoggingSpanExporter otel_trace_id=cb4aaee49ce89cf73f42c8f983ae505f otel_span_id=59f0a22e774312e4 request_id= business_trace_id= tenant_id= document_id= ingestion_job_id= - 'grpc.reflection.v1alpha.ServerReflection/ServerReflectionInfo' : cb4aaee49ce89cf73f42c8f983ae505f 59f0a22e774312e4 SERVER [tracer: sparrowx-document-service:] AttributesMap{data={rpc.method=grpc.reflection.v1alpha.ServerReflection/ServerReflectionInfo, rpc.system=grpc, rpc.grpc.status_code=OK}, capacity=128, totalAddedValues=3}
2026-05-29 11:33:58.130 [grpc-default-executor-4] INFO  b.i.g.i.GrpcLoggingInterceptor$1 otel_trace_id=cb4aaee49ce89cf73f42c8f983ae505f otel_span_id=59f0a22e774312e4 request_id= business_trace_id= tenant_id= document_id= ingestion_job_id= - grpc.call.close grpc.reflection.v1alpha.ServerReflection/ServerReflectionInfo status=Status{code=OK, description=null, cause=null}
2026-05-29 11:33:58.130 [grpc-default-executor-5] INFO  b.i.g.i.GrpcLoggingInterceptor$1 otel_trace_id=67efb257f6c21923394f1dcab68b07da otel_span_id=e93463a2c36f5b6e request_id= business_trace_id= tenant_id= document_id= ingestion_job_id= - grpc.response.send grpc.reflection.v1alpha.ServerReflection/ServerReflectionInfo
2026-05-29 11:33:58.132 [grpc-default-executor-4] INFO  b.i.g.i.GrpcLoggingInterceptor$2 otel_trace_id= otel_span_id= request_id= business_trace_id= tenant_id= document_id= ingestion_job_id= - grpc.call.complete grpc.reflection.v1alpha.ServerReflection/ServerReflectionInfo
2026-05-29 11:33:58.134 [grpc-default-executor-5] INFO  b.i.g.i.GrpcLoggingInterceptor$2 otel_trace_id= otel_span_id= request_id= business_trace_id= tenant_id= document_id= ingestion_job_id= - grpc.request.complete grpc.reflection.v1alpha.ServerReflection/ServerReflectionInfo
2026-05-29 11:33:58.135 [grpc-default-executor-5] INFO  i.o.e.logging.LoggingSpanExporter otel_trace_id=67efb257f6c21923394f1dcab68b07da otel_span_id=e93463a2c36f5b6e request_id= business_trace_id= tenant_id= document_id= ingestion_job_id= - 'grpc.reflection.v1alpha.ServerReflection/ServerReflectionInfo' : 67efb257f6c21923394f1dcab68b07da e93463a2c36f5b6e SERVER [tracer: sparrowx-document-service:] AttributesMap{data={rpc.method=grpc.reflection.v1alpha.ServerReflection/ServerReflectionInfo, rpc.system=grpc, rpc.grpc.status_code=OK}, capacity=128, totalAddedValues=3}
2026-05-29 11:33:58.136 [grpc-default-executor-5] INFO  b.i.g.i.GrpcLoggingInterceptor$1 otel_trace_id=67efb257f6c21923394f1dcab68b07da otel_span_id=e93463a2c36f5b6e request_id= business_trace_id= tenant_id= document_id= ingestion_job_id= - grpc.call.close grpc.reflection.v1alpha.ServerReflection/ServerReflectionInfo status=Status{code=OK, description=null, cause=null}
2026-05-29 11:33:58.137 [grpc-default-executor-5] INFO  b.i.g.i.GrpcLoggingInterceptor$2 otel_trace_id= otel_span_id= request_id= business_trace_id= tenant_id= document_id= ingestion_job_id= - grpc.call.complete grpc.reflection.v1alpha.ServerReflection/ServerReflectionInfo
2026-05-29 11:34:30.533 [grpc-default-executor-5] INFO  b.i.g.i.GrpcLoggingInterceptor otel_trace_id= otel_span_id= request_id= business_trace_id= tenant_id= document_id= ingestion_job_id= - grpc.call.start document.DocumentService/GetDocument
2026-05-29 11:34:30.534 [grpc-default-executor-5] INFO  b.i.g.i.GrpcTracingInterceptor otel_trace_id=c4f7f8731a1a91b02b164d11b4f0ab39 otel_span_id=6c3c00f528ec10b7 request_id= business_trace_id= tenant_id= document_id= ingestion_job_id= - trace.start: c4f7f8731a1a91b02b164d11b4f0ab39
2026-05-29 11:34:30.535 [grpc-default-executor-5] INFO  b.i.g.i.GrpcLoggingInterceptor$2 otel_trace_id= otel_span_id= request_id= business_trace_id= tenant_id= document_id= ingestion_job_id= - grpc.request.message document.DocumentService/GetDocument
2026-05-29 11:34:30.535 [grpc-default-executor-5] INFO  b.i.g.i.GrpcLoggingInterceptor$2 otel_trace_id= otel_span_id= request_id= business_trace_id= tenant_id= document_id= ingestion_job_id= - grpc.request.complete document.DocumentService/GetDocument
2026-05-29 11:34:30.536 [grpc-default-executor-5] INFO  b.c.q.i.QueryObservabilityInterceptor otel_trace_id=c4f7f8731a1a91b02b164d11b4f0ab39 otel_span_id=6c3c00f528ec10b7 request_id=req-get-document-001 business_trace_id=trace-get-document-001 tenant_id=tenant-001 document_id= ingestion_job_id= - query.start GetDocumentQuery
2026-05-29 11:34:30.542 [grpc-default-executor-5] INFO  b.c.q.i.QueryObservabilityInterceptor otel_trace_id=c4f7f8731a1a91b02b164d11b4f0ab39 otel_span_id=6c3c00f528ec10b7 request_id=req-get-document-001 business_trace_id=trace-get-document-001 tenant_id=tenant-001 document_id= ingestion_job_id= - query.complete GetDocumentQuery in 6 ms
2026-05-29 11:34:30.543 [grpc-default-executor-5] INFO  i.o.e.logging.LoggingSpanExporter otel_trace_id=c4f7f8731a1a91b02b164d11b4f0ab39 otel_span_id=6c3c00f528ec10b7 request_id=req-get-document-001 business_trace_id=trace-get-document-001 tenant_id=tenant-001 document_id= ingestion_job_id= - 'query.GetDocumentQuery' : c4f7f8731a1a91b02b164d11b4f0ab39 6096e5a643ddb746 INTERNAL [tracer: sparrowx-document-service:] {}
2026-05-29 11:34:30.547 [grpc-default-executor-5] INFO  b.i.g.i.GrpcLoggingInterceptor$1 otel_trace_id=c4f7f8731a1a91b02b164d11b4f0ab39 otel_span_id=6c3c00f528ec10b7 request_id=req-get-document-001 business_trace_id=trace-get-document-001 tenant_id=tenant-001 document_id= ingestion_job_id= - grpc.response.send document.DocumentService/GetDocument
2026-05-29 11:34:30.549 [grpc-default-executor-5] INFO  i.o.e.logging.LoggingSpanExporter otel_trace_id=c4f7f8731a1a91b02b164d11b4f0ab39 otel_span_id=6c3c00f528ec10b7 request_id=req-get-document-001 business_trace_id=trace-get-document-001 tenant_id=tenant-001 document_id= ingestion_job_id= - 'document.DocumentService/GetDocument' : c4f7f8731a1a91b02b164d11b4f0ab39 6c3c00f528ec10b7 SERVER [tracer: sparrowx-document-service:] AttributesMap{data={rpc.method=document.DocumentService/GetDocument, rpc.system=grpc, rpc.grpc.status_code=OK}, capacity=128, totalAddedValues=3}
2026-05-29 11:34:30.550 [grpc-default-executor-5] INFO  b.i.g.i.GrpcLoggingInterceptor$1 otel_trace_id=c4f7f8731a1a91b02b164d11b4f0ab39 otel_span_id=6c3c00f528ec10b7 request_id=req-get-document-001 business_trace_id=trace-get-document-001 tenant_id=tenant-001 document_id= ingestion_job_id= - grpc.call.close document.DocumentService/GetDocument status=Status{code=OK, description=null, cause=null}
2026-05-29 11:34:30.551 [grpc-default-executor-5] INFO  b.i.g.i.GrpcLoggingInterceptor$2 otel_trace_id= otel_span_id= request_id= business_trace_id= tenant_id= document_id= ingestion_job_id= - grpc.call.complete document.DocumentService/GetDocument
2026-05-29 11:35:30.897 [grpc-default-executor-6] INFO  b.i.g.i.GrpcLoggingInterceptor otel_trace_id= otel_span_id= request_id= business_trace_id= tenant_id= document_id= ingestion_job_id= - grpc.call.start grpc.reflection.v1alpha.ServerReflection/ServerReflectionInfo
2026-05-29 11:35:30.900 [grpc-default-executor-6] INFO  b.i.g.i.GrpcTracingInterceptor otel_trace_id=803b7e976138508f313d7011043feb1a otel_span_id=561c2a63dfe9a8fa request_id= business_trace_id= tenant_id= document_id= ingestion_job_id= - trace.start: 803b7e976138508f313d7011043feb1a
2026-05-29 11:35:30.906 [grpc-default-executor-6] INFO  b.i.g.i.GrpcLoggingInterceptor$2 otel_trace_id= otel_span_id= request_id= business_trace_id= tenant_id= document_id= ingestion_job_id= - grpc.request.message grpc.reflection.v1alpha.ServerReflection/ServerReflectionInfo
2026-05-29 11:35:30.908 [grpc-default-executor-6] INFO  b.i.g.i.GrpcLoggingInterceptor$1 otel_trace_id=803b7e976138508f313d7011043feb1a otel_span_id=561c2a63dfe9a8fa request_id= business_trace_id= tenant_id= document_id= ingestion_job_id= - grpc.response.send grpc.reflection.v1alpha.ServerReflection/ServerReflectionInfo
2026-05-29 11:35:30.912 [grpc-default-executor-6] INFO  b.i.g.i.GrpcLoggingInterceptor$2 otel_trace_id= otel_span_id= request_id= business_trace_id= tenant_id= document_id= ingestion_job_id= - grpc.request.complete grpc.reflection.v1alpha.ServerReflection/ServerReflectionInfo
2026-05-29 11:35:30.914 [grpc-default-executor-6] INFO  i.o.e.logging.LoggingSpanExporter otel_trace_id=803b7e976138508f313d7011043feb1a otel_span_id=561c2a63dfe9a8fa request_id= business_trace_id= tenant_id= document_id= ingestion_job_id= - 'grpc.reflection.v1alpha.ServerReflection/ServerReflectionInfo' : 803b7e976138508f313d7011043feb1a 561c2a63dfe9a8fa SERVER [tracer: sparrowx-document-service:] AttributesMap{data={rpc.method=grpc.reflection.v1alpha.ServerReflection/ServerReflectionInfo, rpc.system=grpc, rpc.grpc.status_code=OK}, capacity=128, totalAddedValues=3}
2026-05-29 11:35:30.929 [grpc-default-executor-6] INFO  b.i.g.i.GrpcLoggingInterceptor$1 otel_trace_id=803b7e976138508f313d7011043feb1a otel_span_id=561c2a63dfe9a8fa request_id= business_trace_id= tenant_id= document_id= ingestion_job_id= - grpc.call.close grpc.reflection.v1alpha.ServerReflection/ServerReflectionInfo status=Status{code=OK, description=null, cause=null}
2026-05-29 11:35:30.934 [grpc-default-executor-7] INFO  b.i.g.i.GrpcLoggingInterceptor otel_trace_id= otel_span_id= request_id= business_trace_id= tenant_id= document_id= ingestion_job_id= - grpc.call.start grpc.reflection.v1alpha.ServerReflection/ServerReflectionInfo
2026-05-29 11:35:30.934 [grpc-default-executor-6] INFO  b.i.g.i.GrpcLoggingInterceptor$2 otel_trace_id= otel_span_id= request_id= business_trace_id= tenant_id= document_id= ingestion_job_id= - grpc.call.complete grpc.reflection.v1alpha.ServerReflection/ServerReflectionInfo
2026-05-29 11:35:30.938 [grpc-default-executor-7] INFO  b.i.g.i.GrpcTracingInterceptor otel_trace_id=138cbbfddd501e7e7ea0488e33602db9 otel_span_id=cfed31bb31a15ad4 request_id= business_trace_id= tenant_id= document_id= ingestion_job_id= - trace.start: 138cbbfddd501e7e7ea0488e33602db9
2026-05-29 11:35:30.938 [grpc-default-executor-8] INFO  b.i.g.i.GrpcLoggingInterceptor otel_trace_id= otel_span_id= request_id= business_trace_id= tenant_id= document_id= ingestion_job_id= - grpc.call.start grpc.reflection.v1alpha.ServerReflection/ServerReflectionInfo
2026-05-29 11:35:30.940 [grpc-default-executor-7] INFO  b.i.g.i.GrpcLoggingInterceptor$2 otel_trace_id= otel_span_id= request_id= business_trace_id= tenant_id= document_id= ingestion_job_id= - grpc.request.message grpc.reflection.v1alpha.ServerReflection/ServerReflectionInfo
2026-05-29 11:35:30.941 [grpc-default-executor-8] INFO  b.i.g.i.GrpcTracingInterceptor otel_trace_id=3e60fa6652ca198e527e10d4c8b4f85a otel_span_id=31e081e75ea3ac81 request_id= business_trace_id= tenant_id= document_id= ingestion_job_id= - trace.start: 3e60fa6652ca198e527e10d4c8b4f85a
2026-05-29 11:35:30.941 [grpc-default-executor-7] INFO  b.i.g.i.GrpcLoggingInterceptor$1 otel_trace_id=138cbbfddd501e7e7ea0488e33602db9 otel_span_id=cfed31bb31a15ad4 request_id= business_trace_id= tenant_id= document_id= ingestion_job_id= - grpc.response.send grpc.reflection.v1alpha.ServerReflection/ServerReflectionInfo
2026-05-29 11:35:30.942 [grpc-default-executor-8] INFO  b.i.g.i.GrpcLoggingInterceptor$2 otel_trace_id= otel_span_id= request_id= business_trace_id= tenant_id= document_id= ingestion_job_id= - grpc.request.message grpc.reflection.v1alpha.ServerReflection/ServerReflectionInfo
2026-05-29 11:35:30.948 [grpc-default-executor-8] INFO  b.i.g.i.GrpcLoggingInterceptor$1 otel_trace_id=3e60fa6652ca198e527e10d4c8b4f85a otel_span_id=31e081e75ea3ac81 request_id= business_trace_id= tenant_id= document_id= ingestion_job_id= - grpc.response.send grpc.reflection.v1alpha.ServerReflection/ServerReflectionInfo
2026-05-29 11:35:30.948 [grpc-default-executor-7] INFO  b.i.g.i.GrpcLoggingInterceptor$2 otel_trace_id= otel_span_id= request_id= business_trace_id= tenant_id= document_id= ingestion_job_id= - grpc.request.complete grpc.reflection.v1alpha.ServerReflection/ServerReflectionInfo
2026-05-29 11:35:30.950 [grpc-default-executor-7] INFO  i.o.e.logging.LoggingSpanExporter otel_trace_id=138cbbfddd501e7e7ea0488e33602db9 otel_span_id=cfed31bb31a15ad4 request_id= business_trace_id= tenant_id= document_id= ingestion_job_id= - 'grpc.reflection.v1alpha.ServerReflection/ServerReflectionInfo' : 138cbbfddd501e7e7ea0488e33602db9 cfed31bb31a15ad4 SERVER [tracer: sparrowx-document-service:] AttributesMap{data={rpc.method=grpc.reflection.v1alpha.ServerReflection/ServerReflectionInfo, rpc.system=grpc, rpc.grpc.status_code=OK}, capacity=128, totalAddedValues=3}
2026-05-29 11:35:30.951 [grpc-default-executor-7] INFO  b.i.g.i.GrpcLoggingInterceptor$1 otel_trace_id=138cbbfddd501e7e7ea0488e33602db9 otel_span_id=cfed31bb31a15ad4 request_id= business_trace_id= tenant_id= document_id= ingestion_job_id= - grpc.call.close grpc.reflection.v1alpha.ServerReflection/ServerReflectionInfo status=Status{code=OK, description=null, cause=null}
2026-05-29 11:35:30.951 [grpc-default-executor-8] INFO  b.i.g.i.GrpcLoggingInterceptor$2 otel_trace_id= otel_span_id= request_id= business_trace_id= tenant_id= document_id= ingestion_job_id= - grpc.request.complete grpc.reflection.v1alpha.ServerReflection/ServerReflectionInfo
2026-05-29 11:35:30.952 [grpc-default-executor-7] INFO  b.i.g.i.GrpcLoggingInterceptor$2 otel_trace_id= otel_span_id= request_id= business_trace_id= tenant_id= document_id= ingestion_job_id= - grpc.call.complete grpc.reflection.v1alpha.ServerReflection/ServerReflectionInfo
2026-05-29 11:35:30.954 [grpc-default-executor-8] INFO  i.o.e.logging.LoggingSpanExporter otel_trace_id=3e60fa6652ca198e527e10d4c8b4f85a otel_span_id=31e081e75ea3ac81 request_id= business_trace_id= tenant_id= document_id= ingestion_job_id= - 'grpc.reflection.v1alpha.ServerReflection/ServerReflectionInfo' : 3e60fa6652ca198e527e10d4c8b4f85a 31e081e75ea3ac81 SERVER [tracer: sparrowx-document-service:] AttributesMap{data={rpc.method=grpc.reflection.v1alpha.ServerReflection/ServerReflectionInfo, rpc.system=grpc, rpc.grpc.status_code=OK}, capacity=128, totalAddedValues=3}
2026-05-29 11:35:30.956 [grpc-default-executor-8] INFO  b.i.g.i.GrpcLoggingInterceptor$1 otel_trace_id=3e60fa6652ca198e527e10d4c8b4f85a otel_span_id=31e081e75ea3ac81 request_id= business_trace_id= tenant_id= document_id= ingestion_job_id= - grpc.call.close grpc.reflection.v1alpha.ServerReflection/ServerReflectionInfo status=Status{code=OK, description=null, cause=null}
2026-05-29 11:35:30.956 [grpc-default-executor-8] INFO  b.i.g.i.GrpcLoggingInterceptor$2 otel_trace_id= otel_span_id= request_id= business_trace_id= tenant_id= document_id= ingestion_job_id= - grpc.call.complete grpc.reflection.v1alpha.ServerReflection/ServerReflectionInfo
2026-05-29 11:35:49.193 [grpc-default-executor-8] INFO  b.i.g.i.GrpcLoggingInterceptor otel_trace_id= otel_span_id= request_id= business_trace_id= tenant_id= document_id= ingestion_job_id= - grpc.call.start document.DocumentService/SearchDocumentSpans
2026-05-29 11:35:49.196 [grpc-default-executor-8] INFO  b.i.g.i.GrpcTracingInterceptor otel_trace_id=fb67a277eb22244cffacdbc1d7eaf740 otel_span_id=2c6125046b01c404 request_id= business_trace_id= tenant_id= document_id= ingestion_job_id= - trace.start: fb67a277eb22244cffacdbc1d7eaf740
2026-05-29 11:35:49.199 [grpc-default-executor-8] INFO  b.i.g.i.GrpcLoggingInterceptor$2 otel_trace_id= otel_span_id= request_id= business_trace_id= tenant_id= document_id= ingestion_job_id= - grpc.request.message document.DocumentService/SearchDocumentSpans
2026-05-29 11:35:49.200 [grpc-default-executor-8] INFO  b.i.g.i.GrpcLoggingInterceptor$2 otel_trace_id= otel_span_id= request_id= business_trace_id= tenant_id= document_id= ingestion_job_id= - grpc.request.complete document.DocumentService/SearchDocumentSpans
2026-05-29 11:35:49.202 [grpc-default-executor-8] INFO  b.c.q.i.QueryObservabilityInterceptor otel_trace_id=fb67a277eb22244cffacdbc1d7eaf740 otel_span_id=2c6125046b01c404 request_id=req-search-spans-001 business_trace_id=trace-search-spans-001 tenant_id=tenant-001 document_id= ingestion_job_id= - query.start SearchDocumentSpansQuery
2026-05-29 11:35:49.205 [grpc-default-executor-8] INFO  c.s.d.o.RetrievalLifecycleLogger otel_trace_id=fb67a277eb22244cffacdbc1d7eaf740 otel_span_id=2c6125046b01c404 request_id=req-search-spans-001 business_trace_id=trace-search-spans-001 tenant_id=tenant-001 document_id= ingestion_job_id= - Document search requested tenantId=tenant-001 userId=user-001 projectId=project-001 teamId=team-001 mode=HYBRID limit=5 scopedDocumentCount=1
2026-05-29 11:35:50.295 [grpc-default-executor-8] INFO  c.s.d.o.RetrievalLifecycleLogger otel_trace_id=fb67a277eb22244cffacdbc1d7eaf740 otel_span_id=2c6125046b01c404 request_id=req-search-spans-001 business_trace_id=trace-search-spans-001 tenant_id=tenant-001 document_id= ingestion_job_id= - Document search completed tenantId=tenant-001 userId=user-001 mode=HYBRID evidenceCount=5
2026-05-29 11:35:50.296 [grpc-default-executor-8] INFO  b.c.q.i.QueryObservabilityInterceptor otel_trace_id=fb67a277eb22244cffacdbc1d7eaf740 otel_span_id=2c6125046b01c404 request_id=req-search-spans-001 business_trace_id=trace-search-spans-001 tenant_id=tenant-001 document_id= ingestion_job_id= - query.complete SearchDocumentSpansQuery in 1093 ms
2026-05-29 11:35:50.297 [grpc-default-executor-8] INFO  i.o.e.logging.LoggingSpanExporter otel_trace_id=fb67a277eb22244cffacdbc1d7eaf740 otel_span_id=2c6125046b01c404 request_id=req-search-spans-001 business_trace_id=trace-search-spans-001 tenant_id=tenant-001 document_id= ingestion_job_id= - 'query.SearchDocumentSpansQuery' : fb67a277eb22244cffacdbc1d7eaf740 47d20cd5e877cbe3 INTERNAL [tracer: sparrowx-document-service:] {}
2026-05-29 11:35:50.302 [grpc-default-executor-8] INFO  b.i.g.i.GrpcLoggingInterceptor$1 otel_trace_id=fb67a277eb22244cffacdbc1d7eaf740 otel_span_id=2c6125046b01c404 request_id=req-search-spans-001 business_trace_id=trace-search-spans-001 tenant_id=tenant-001 document_id= ingestion_job_id= - grpc.response.send document.DocumentService/SearchDocumentSpans
2026-05-29 11:35:50.304 [grpc-default-executor-8] INFO  i.o.e.logging.LoggingSpanExporter otel_trace_id=fb67a277eb22244cffacdbc1d7eaf740 otel_span_id=2c6125046b01c404 request_id=req-search-spans-001 business_trace_id=trace-search-spans-001 tenant_id=tenant-001 document_id= ingestion_job_id= - 'document.DocumentService/SearchDocumentSpans' : fb67a277eb22244cffacdbc1d7eaf740 2c6125046b01c404 SERVER [tracer: sparrowx-document-service:] AttributesMap{data={rpc.method=document.DocumentService/SearchDocumentSpans, rpc.system=grpc, rpc.grpc.status_code=OK}, capacity=128, totalAddedValues=3}
2026-05-29 11:35:50.304 [grpc-default-executor-8] INFO  b.i.g.i.GrpcLoggingInterceptor$1 otel_trace_id=fb67a277eb22244cffacdbc1d7eaf740 otel_span_id=2c6125046b01c404 request_id=req-search-spans-001 business_trace_id=trace-search-spans-001 tenant_id=tenant-001 document_id= ingestion_job_id= - grpc.call.close document.DocumentService/SearchDocumentSpans status=Status{code=OK, description=null, cause=null}
2026-05-29 11:35:50.305 [grpc-default-executor-8] INFO  b.i.g.i.GrpcLoggingInterceptor$2 otel_trace_id= otel_span_id= request_id= business_trace_id= tenant_id= document_id= ingestion_job_id= - grpc.call.complete document.DocumentService/SearchDocumentSpans
2026-05-29 11:37:33.345 [grpc-default-executor-9] INFO  b.i.g.i.GrpcLoggingInterceptor otel_trace_id= otel_span_id= request_id= business_trace_id= tenant_id= document_id= ingestion_job_id= - grpc.call.start grpc.reflection.v1alpha.ServerReflection/ServerReflectionInfo
2026-05-29 11:37:33.345 [grpc-default-executor-9] INFO  b.i.g.i.GrpcTracingInterceptor otel_trace_id=8d748d69e093148927d000f793d84606 otel_span_id=05654b85f4f1ae72 request_id= business_trace_id= tenant_id= document_id= ingestion_job_id= - trace.start: 8d748d69e093148927d000f793d84606
2026-05-29 11:37:33.345 [grpc-default-executor-9] INFO  b.i.g.i.GrpcLoggingInterceptor$2 otel_trace_id= otel_span_id= request_id= business_trace_id= tenant_id= document_id= ingestion_job_id= - grpc.request.message grpc.reflection.v1alpha.ServerReflection/ServerReflectionInfo
2026-05-29 11:37:33.345 [grpc-default-executor-9] INFO  b.i.g.i.GrpcLoggingInterceptor$1 otel_trace_id=8d748d69e093148927d000f793d84606 otel_span_id=05654b85f4f1ae72 request_id= business_trace_id= tenant_id= document_id= ingestion_job_id= - grpc.response.send grpc.reflection.v1alpha.ServerReflection/ServerReflectionInfo
2026-05-29 11:37:33.345 [grpc-default-executor-9] INFO  b.i.g.i.GrpcLoggingInterceptor$2 otel_trace_id= otel_span_id= request_id= business_trace_id= tenant_id= document_id= ingestion_job_id= - grpc.request.complete grpc.reflection.v1alpha.ServerReflection/ServerReflectionInfo
2026-05-29 11:37:33.345 [grpc-default-executor-9] INFO  i.o.e.logging.LoggingSpanExporter otel_trace_id=8d748d69e093148927d000f793d84606 otel_span_id=05654b85f4f1ae72 request_id= business_trace_id= tenant_id= document_id= ingestion_job_id= - 'grpc.reflection.v1alpha.ServerReflection/ServerReflectionInfo' : 8d748d69e093148927d000f793d84606 05654b85f4f1ae72 SERVER [tracer: sparrowx-document-service:] AttributesMap{data={rpc.method=grpc.reflection.v1alpha.ServerReflection/ServerReflectionInfo, rpc.system=grpc, rpc.grpc.status_code=OK}, capacity=128, totalAddedValues=3}
2026-05-29 11:37:33.345 [grpc-default-executor-9] INFO  b.i.g.i.GrpcLoggingInterceptor$1 otel_trace_id=8d748d69e093148927d000f793d84606 otel_span_id=05654b85f4f1ae72 request_id= business_trace_id= tenant_id= document_id= ingestion_job_id= - grpc.call.close grpc.reflection.v1alpha.ServerReflection/ServerReflectionInfo status=Status{code=OK, description=null, cause=null}
2026-05-29 11:37:33.345 [grpc-default-executor-9] INFO  b.i.g.i.GrpcLoggingInterceptor$2 otel_trace_id= otel_span_id= request_id= business_trace_id= tenant_id= document_id= ingestion_job_id= - grpc.call.complete grpc.reflection.v1alpha.ServerReflection/ServerReflectionInfo
2026-05-29 11:37:33.345 [grpc-default-executor-9] INFO  b.i.g.i.GrpcLoggingInterceptor otel_trace_id= otel_span_id= request_id= business_trace_id= tenant_id= document_id= ingestion_job_id= - grpc.call.start grpc.reflection.v1alpha.ServerReflection/ServerReflectionInfo
2026-05-29 11:37:33.345 [grpc-default-executor-10] INFO  b.i.g.i.GrpcLoggingInterceptor otel_trace_id= otel_span_id= request_id= business_trace_id= tenant_id= document_id= ingestion_job_id= - grpc.call.start grpc.reflection.v1alpha.ServerReflection/ServerReflectionInfo
2026-05-29 11:37:33.345 [grpc-default-executor-9] INFO  b.i.g.i.GrpcTracingInterceptor otel_trace_id=fc7ac8262fbd793ca0e1be3962677f89 otel_span_id=02b030077e3fa5ed request_id= business_trace_id= tenant_id= document_id= ingestion_job_id= - trace.start: fc7ac8262fbd793ca0e1be3962677f89
2026-05-29 11:37:33.345 [grpc-default-executor-10] INFO  b.i.g.i.GrpcTracingInterceptor otel_trace_id=9dc8001b1bb25a4e729c398ec84e1652 otel_span_id=bbc7d52208784d65 request_id= business_trace_id= tenant_id= document_id= ingestion_job_id= - trace.start: 9dc8001b1bb25a4e729c398ec84e1652
2026-05-29 11:37:33.345 [grpc-default-executor-9] INFO  b.i.g.i.GrpcLoggingInterceptor$2 otel_trace_id= otel_span_id= request_id= business_trace_id= tenant_id= document_id= ingestion_job_id= - grpc.request.message grpc.reflection.v1alpha.ServerReflection/ServerReflectionInfo
2026-05-29 11:37:33.345 [grpc-default-executor-10] INFO  b.i.g.i.GrpcLoggingInterceptor$2 otel_trace_id= otel_span_id= request_id= business_trace_id= tenant_id= document_id= ingestion_job_id= - grpc.request.message grpc.reflection.v1alpha.ServerReflection/ServerReflectionInfo
2026-05-29 11:37:33.345 [grpc-default-executor-10] INFO  b.i.g.i.GrpcLoggingInterceptor$1 otel_trace_id=9dc8001b1bb25a4e729c398ec84e1652 otel_span_id=bbc7d52208784d65 request_id= business_trace_id= tenant_id= document_id= ingestion_job_id= - grpc.response.send grpc.reflection.v1alpha.ServerReflection/ServerReflectionInfo
2026-05-29 11:37:33.345 [grpc-default-executor-9] INFO  b.i.g.i.GrpcLoggingInterceptor$1 otel_trace_id=fc7ac8262fbd793ca0e1be3962677f89 otel_span_id=02b030077e3fa5ed request_id= business_trace_id= tenant_id= document_id= ingestion_job_id= - grpc.response.send grpc.reflection.v1alpha.ServerReflection/ServerReflectionInfo
2026-05-29 11:37:33.345 [grpc-default-executor-9] INFO  b.i.g.i.GrpcLoggingInterceptor$2 otel_trace_id= otel_span_id= request_id= business_trace_id= tenant_id= document_id= ingestion_job_id= - grpc.request.complete grpc.reflection.v1alpha.ServerReflection/ServerReflectionInfo
2026-05-29 11:37:33.345 [grpc-default-executor-9] INFO  i.o.e.logging.LoggingSpanExporter otel_trace_id=fc7ac8262fbd793ca0e1be3962677f89 otel_span_id=02b030077e3fa5ed request_id= business_trace_id= tenant_id= document_id= ingestion_job_id= - 'grpc.reflection.v1alpha.ServerReflection/ServerReflectionInfo' : fc7ac8262fbd793ca0e1be3962677f89 02b030077e3fa5ed SERVER [tracer: sparrowx-document-service:] AttributesMap{data={rpc.method=grpc.reflection.v1alpha.ServerReflection/ServerReflectionInfo, rpc.system=grpc, rpc.grpc.status_code=OK}, capacity=128, totalAddedValues=3}
2026-05-29 11:37:33.352 [grpc-default-executor-9] INFO  b.i.g.i.GrpcLoggingInterceptor$1 otel_trace_id=fc7ac8262fbd793ca0e1be3962677f89 otel_span_id=02b030077e3fa5ed request_id= business_trace_id= tenant_id= document_id= ingestion_job_id= - grpc.call.close grpc.reflection.v1alpha.ServerReflection/ServerReflectionInfo status=Status{code=OK, description=null, cause=null}
2026-05-29 11:37:33.352 [grpc-default-executor-10] INFO  b.i.g.i.GrpcLoggingInterceptor$2 otel_trace_id= otel_span_id= request_id= business_trace_id= tenant_id= document_id= ingestion_job_id= - grpc.request.complete grpc.reflection.v1alpha.ServerReflection/ServerReflectionInfo
2026-05-29 11:37:33.352 [grpc-default-executor-10] INFO  i.o.e.logging.LoggingSpanExporter otel_trace_id=9dc8001b1bb25a4e729c398ec84e1652 otel_span_id=bbc7d52208784d65 request_id= business_trace_id= tenant_id= document_id= ingestion_job_id= - 'grpc.reflection.v1alpha.ServerReflection/ServerReflectionInfo' : 9dc8001b1bb25a4e729c398ec84e1652 bbc7d52208784d65 SERVER [tracer: sparrowx-document-service:] AttributesMap{data={rpc.method=grpc.reflection.v1alpha.ServerReflection/ServerReflectionInfo, rpc.system=grpc, rpc.grpc.status_code=OK}, capacity=128, totalAddedValues=3}
2026-05-29 11:37:33.352 [grpc-default-executor-9] INFO  b.i.g.i.GrpcLoggingInterceptor$2 otel_trace_id= otel_span_id= request_id= business_trace_id= tenant_id= document_id= ingestion_job_id= - grpc.call.complete grpc.reflection.v1alpha.ServerReflection/ServerReflectionInfo
2026-05-29 11:37:33.352 [grpc-default-executor-10] INFO  b.i.g.i.GrpcLoggingInterceptor$1 otel_trace_id=9dc8001b1bb25a4e729c398ec84e1652 otel_span_id=bbc7d52208784d65 request_id= business_trace_id= tenant_id= document_id= ingestion_job_id= - grpc.call.close grpc.reflection.v1alpha.ServerReflection/ServerReflectionInfo status=Status{code=OK, description=null, cause=null}
2026-05-29 11:37:33.355 [grpc-default-executor-10] INFO  b.i.g.i.GrpcLoggingInterceptor$2 otel_trace_id= otel_span_id= request_id= business_trace_id= tenant_id= document_id= ingestion_job_id= - grpc.call.complete grpc.reflection.v1alpha.ServerReflection/ServerReflectionInfo
2026-05-29 11:37:51.033 [grpc-default-executor-10] INFO  b.i.g.i.GrpcLoggingInterceptor otel_trace_id= otel_span_id= request_id= business_trace_id= tenant_id= document_id= ingestion_job_id= - grpc.call.start document.DocumentService/BuildDocumentEvidence
2026-05-29 11:37:51.033 [grpc-default-executor-10] INFO  b.i.g.i.GrpcTracingInterceptor otel_trace_id=e53d6acffb99b7f3645ba9461b2e9a54 otel_span_id=a8485449f4380f90 request_id= business_trace_id= tenant_id= document_id= ingestion_job_id= - trace.start: e53d6acffb99b7f3645ba9461b2e9a54
2026-05-29 11:37:51.041 [grpc-default-executor-10] INFO  b.i.g.i.GrpcLoggingInterceptor$2 otel_trace_id= otel_span_id= request_id= business_trace_id= tenant_id= document_id= ingestion_job_id= - grpc.request.message document.DocumentService/BuildDocumentEvidence
2026-05-29 11:37:51.042 [grpc-default-executor-10] INFO  b.i.g.i.GrpcLoggingInterceptor$2 otel_trace_id= otel_span_id= request_id= business_trace_id= tenant_id= document_id= ingestion_job_id= - grpc.request.complete document.DocumentService/BuildDocumentEvidence
2026-05-29 11:37:51.046 [grpc-default-executor-10] INFO  b.c.c.i.CommandObservabilityInterceptor otel_trace_id=e53d6acffb99b7f3645ba9461b2e9a54 otel_span_id=a8485449f4380f90 request_id=req-build-evidence-001 business_trace_id=trace-build-evidence-001 tenant_id=tenant-001 document_id= ingestion_job_id= - command.start BuildDocumentEvidenceCommand
2026-05-29 11:37:51.047 [grpc-default-executor-10] INFO  c.s.d.o.EvidenceBuildLogger otel_trace_id=e53d6acffb99b7f3645ba9461b2e9a54 otel_span_id=a8485449f4380f90 request_id=req-build-evidence-001 business_trace_id=trace-build-evidence-001 tenant_id=tenant-001 document_id= ingestion_job_id= - Document evidence build requested tenantId=tenant-001 userId=user-001 projectId=project-001 teamId=team-001 goal=EXTRACTION scopedDocumentCount=1 limit=8 allowClaimCache=false requireVerification=true
2026-05-29 11:38:12.425 [grpc-default-executor-10] INFO  c.s.d.o.EvidenceBuildLogger otel_trace_id=e53d6acffb99b7f3645ba9461b2e9a54 otel_span_id=a8485449f4380f90 request_id=req-build-evidence-001 business_trace_id=trace-build-evidence-001 tenant_id=tenant-001 document_id= ingestion_job_id= - Document evidence build completed tenantId=tenant-001 userId=user-001 graphId=6129c70f-5c07-4388-8654-7c76617a7c29 nodeCount=8 edgeCount=7 usedChunkRetrieval=true usedClaimCache=false coverageScore=1.0
2026-05-29 11:38:12.425 [grpc-default-executor-10] INFO  b.c.c.i.CommandObservabilityInterceptor otel_trace_id=e53d6acffb99b7f3645ba9461b2e9a54 otel_span_id=a8485449f4380f90 request_id=req-build-evidence-001 business_trace_id=trace-build-evidence-001 tenant_id=tenant-001 document_id= ingestion_job_id= - command.complete BuildDocumentEvidenceCommand in 21379 ms
2026-05-29 11:38:12.425 [grpc-default-executor-10] INFO  i.o.e.logging.LoggingSpanExporter otel_trace_id=e53d6acffb99b7f3645ba9461b2e9a54 otel_span_id=a8485449f4380f90 request_id=req-build-evidence-001 business_trace_id=trace-build-evidence-001 tenant_id=tenant-001 document_id= ingestion_job_id= - 'command.BuildDocumentEvidenceCommand' : e53d6acffb99b7f3645ba9461b2e9a54 2369a1c6080281f9 INTERNAL [tracer: sparrowx-document-service:] {}
2026-05-29 11:38:12.438 [grpc-default-executor-10] INFO  b.i.g.i.GrpcLoggingInterceptor$1 otel_trace_id=e53d6acffb99b7f3645ba9461b2e9a54 otel_span_id=a8485449f4380f90 request_id=req-build-evidence-001 business_trace_id=trace-build-evidence-001 tenant_id=tenant-001 document_id= ingestion_job_id= - grpc.response.send document.DocumentService/BuildDocumentEvidence
2026-05-29 11:38:12.439 [grpc-default-executor-10] INFO  i.o.e.logging.LoggingSpanExporter otel_trace_id=e53d6acffb99b7f3645ba9461b2e9a54 otel_span_id=a8485449f4380f90 request_id=req-build-evidence-001 business_trace_id=trace-build-evidence-001 tenant_id=tenant-001 document_id= ingestion_job_id= - 'document.DocumentService/BuildDocumentEvidence' : e53d6acffb99b7f3645ba9461b2e9a54 a8485449f4380f90 SERVER [tracer: sparrowx-document-service:] AttributesMap{data={rpc.method=document.DocumentService/BuildDocumentEvidence, rpc.system=grpc, rpc.grpc.status_code=OK}, capacity=128, totalAddedValues=3}
2026-05-29 11:38:12.442 [grpc-default-executor-10] INFO  b.i.g.i.GrpcLoggingInterceptor$1 otel_trace_id=e53d6acffb99b7f3645ba9461b2e9a54 otel_span_id=a8485449f4380f90 request_id=req-build-evidence-001 business_trace_id=trace-build-evidence-001 tenant_id=tenant-001 document_id= ingestion_job_id= - grpc.call.close document.DocumentService/BuildDocumentEvidence status=Status{code=OK, description=null, cause=null}
2026-05-29 11:38:12.443 [grpc-default-executor-10] INFO  b.i.g.i.GrpcLoggingInterceptor$2 otel_trace_id= otel_span_id= request_id= business_trace_id= tenant_id= document_id= ingestion_job_id= - grpc.call.complete document.DocumentService/BuildDocumentEvidence
2026-05-29 11:43:54.291 [grpc-default-executor-11] INFO  b.i.g.i.GrpcLoggingInterceptor otel_trace_id= otel_span_id= request_id= business_trace_id= tenant_id= document_id= ingestion_job_id= - grpc.call.start grpc.reflection.v1alpha.ServerReflection/ServerReflectionInfo
2026-05-29 11:43:54.292 [grpc-default-executor-11] INFO  b.i.g.i.GrpcTracingInterceptor otel_trace_id=a163b0cd7de3cdc9ed87392546800fc4 otel_span_id=6b93c2e010c5b2f6 request_id= business_trace_id= tenant_id= document_id= ingestion_job_id= - trace.start: a163b0cd7de3cdc9ed87392546800fc4
2026-05-29 11:43:54.293 [grpc-default-executor-11] INFO  b.i.g.i.GrpcLoggingInterceptor$2 otel_trace_id= otel_span_id= request_id= business_trace_id= tenant_id= document_id= ingestion_job_id= - grpc.request.message grpc.reflection.v1alpha.ServerReflection/ServerReflectionInfo
2026-05-29 11:43:54.295 [grpc-default-executor-11] INFO  b.i.g.i.GrpcLoggingInterceptor$1 otel_trace_id=a163b0cd7de3cdc9ed87392546800fc4 otel_span_id=6b93c2e010c5b2f6 request_id= business_trace_id= tenant_id= document_id= ingestion_job_id= - grpc.response.send grpc.reflection.v1alpha.ServerReflection/ServerReflectionInfo
2026-05-29 11:43:54.298 [grpc-default-executor-11] INFO  b.i.g.i.GrpcLoggingInterceptor$2 otel_trace_id= otel_span_id= request_id= business_trace_id= tenant_id= document_id= ingestion_job_id= - grpc.request.complete grpc.reflection.v1alpha.ServerReflection/ServerReflectionInfo
2026-05-29 11:43:54.298 [grpc-default-executor-11] INFO  i.o.e.logging.LoggingSpanExporter otel_trace_id=a163b0cd7de3cdc9ed87392546800fc4 otel_span_id=6b93c2e010c5b2f6 request_id= business_trace_id= tenant_id= document_id= ingestion_job_id= - 'grpc.reflection.v1alpha.ServerReflection/ServerReflectionInfo' : a163b0cd7de3cdc9ed87392546800fc4 6b93c2e010c5b2f6 SERVER [tracer: sparrowx-document-service:] AttributesMap{data={rpc.method=grpc.reflection.v1alpha.ServerReflection/ServerReflectionInfo, rpc.system=grpc, rpc.grpc.status_code=OK}, capacity=128, totalAddedValues=3}
2026-05-29 11:43:54.298 [grpc-default-executor-11] INFO  b.i.g.i.GrpcLoggingInterceptor$1 otel_trace_id=a163b0cd7de3cdc9ed87392546800fc4 otel_span_id=6b93c2e010c5b2f6 request_id= business_trace_id= tenant_id= document_id= ingestion_job_id= - grpc.call.close grpc.reflection.v1alpha.ServerReflection/ServerReflectionInfo status=Status{code=OK, description=null, cause=null}
2026-05-29 11:43:54.301 [grpc-default-executor-11] INFO  b.i.g.i.GrpcLoggingInterceptor$2 otel_trace_id= otel_span_id= request_id= business_trace_id= tenant_id= document_id= ingestion_job_id= - grpc.call.complete grpc.reflection.v1alpha.ServerReflection/ServerReflectionInfo
2026-05-29 11:43:54.304 [grpc-default-executor-11] INFO  b.i.g.i.GrpcLoggingInterceptor otel_trace_id= otel_span_id= request_id= business_trace_id= tenant_id= document_id= ingestion_job_id= - grpc.call.start grpc.reflection.v1alpha.ServerReflection/ServerReflectionInfo
2026-05-29 11:43:54.304 [grpc-default-executor-12] INFO  b.i.g.i.GrpcLoggingInterceptor otel_trace_id= otel_span_id= request_id= business_trace_id= tenant_id= document_id= ingestion_job_id= - grpc.call.start grpc.reflection.v1alpha.ServerReflection/ServerReflectionInfo
2026-05-29 11:43:54.304 [grpc-default-executor-11] INFO  b.i.g.i.GrpcTracingInterceptor otel_trace_id=46fd4feb8dabcbf8e23005cf3bbf4489 otel_span_id=b0ccb4babdb9e683 request_id= business_trace_id= tenant_id= document_id= ingestion_job_id= - trace.start: 46fd4feb8dabcbf8e23005cf3bbf4489
2026-05-29 11:43:54.304 [grpc-default-executor-12] INFO  b.i.g.i.GrpcTracingInterceptor otel_trace_id=10d7ab29d9fd36b770b5a5bed5c65936 otel_span_id=d8d406c00bb13bc9 request_id= business_trace_id= tenant_id= document_id= ingestion_job_id= - trace.start: 10d7ab29d9fd36b770b5a5bed5c65936
2026-05-29 11:43:54.306 [grpc-default-executor-12] INFO  b.i.g.i.GrpcLoggingInterceptor$2 otel_trace_id= otel_span_id= request_id= business_trace_id= tenant_id= document_id= ingestion_job_id= - grpc.request.message grpc.reflection.v1alpha.ServerReflection/ServerReflectionInfo
2026-05-29 11:43:54.307 [grpc-default-executor-13] INFO  b.i.g.i.GrpcLoggingInterceptor$2 otel_trace_id= otel_span_id= request_id= business_trace_id= tenant_id= document_id= ingestion_job_id= - grpc.request.message grpc.reflection.v1alpha.ServerReflection/ServerReflectionInfo
2026-05-29 11:43:54.307 [grpc-default-executor-12] INFO  b.i.g.i.GrpcLoggingInterceptor$1 otel_trace_id=46fd4feb8dabcbf8e23005cf3bbf4489 otel_span_id=b0ccb4babdb9e683 request_id= business_trace_id= tenant_id= document_id= ingestion_job_id= - grpc.response.send grpc.reflection.v1alpha.ServerReflection/ServerReflectionInfo
2026-05-29 11:43:54.308 [grpc-default-executor-13] INFO  b.i.g.i.GrpcLoggingInterceptor$1 otel_trace_id=10d7ab29d9fd36b770b5a5bed5c65936 otel_span_id=d8d406c00bb13bc9 request_id= business_trace_id= tenant_id= document_id= ingestion_job_id= - grpc.response.send grpc.reflection.v1alpha.ServerReflection/ServerReflectionInfo
2026-05-29 11:43:54.309 [grpc-default-executor-12] INFO  b.i.g.i.GrpcLoggingInterceptor$2 otel_trace_id= otel_span_id= request_id= business_trace_id= tenant_id= document_id= ingestion_job_id= - grpc.request.complete grpc.reflection.v1alpha.ServerReflection/ServerReflectionInfo
2026-05-29 11:43:54.310 [grpc-default-executor-13] INFO  b.i.g.i.GrpcLoggingInterceptor$2 otel_trace_id= otel_span_id= request_id= business_trace_id= tenant_id= document_id= ingestion_job_id= - grpc.request.complete grpc.reflection.v1alpha.ServerReflection/ServerReflectionInfo
2026-05-29 11:43:54.310 [grpc-default-executor-12] INFO  i.o.e.logging.LoggingSpanExporter otel_trace_id=46fd4feb8dabcbf8e23005cf3bbf4489 otel_span_id=b0ccb4babdb9e683 request_id= business_trace_id= tenant_id= document_id= ingestion_job_id= - 'grpc.reflection.v1alpha.ServerReflection/ServerReflectionInfo' : 46fd4feb8dabcbf8e23005cf3bbf4489 b0ccb4babdb9e683 SERVER [tracer: sparrowx-document-service:] AttributesMap{data={rpc.method=grpc.reflection.v1alpha.ServerReflection/ServerReflectionInfo, rpc.system=grpc, rpc.grpc.status_code=OK}, capacity=128, totalAddedValues=3}
2026-05-29 11:43:54.310 [grpc-default-executor-12] INFO  b.i.g.i.GrpcLoggingInterceptor$1 otel_trace_id=46fd4feb8dabcbf8e23005cf3bbf4489 otel_span_id=b0ccb4babdb9e683 request_id= business_trace_id= tenant_id= document_id= ingestion_job_id= - grpc.call.close grpc.reflection.v1alpha.ServerReflection/ServerReflectionInfo status=Status{code=OK, description=null, cause=null}
2026-05-29 11:43:54.310 [grpc-default-executor-13] INFO  i.o.e.logging.LoggingSpanExporter otel_trace_id=10d7ab29d9fd36b770b5a5bed5c65936 otel_span_id=d8d406c00bb13bc9 request_id= business_trace_id= tenant_id= document_id= ingestion_job_id= - 'grpc.reflection.v1alpha.ServerReflection/ServerReflectionInfo' : 10d7ab29d9fd36b770b5a5bed5c65936 d8d406c00bb13bc9 SERVER [tracer: sparrowx-document-service:] AttributesMap{data={rpc.method=grpc.reflection.v1alpha.ServerReflection/ServerReflectionInfo, rpc.system=grpc, rpc.grpc.status_code=OK}, capacity=128, totalAddedValues=3}
2026-05-29 11:43:54.310 [grpc-default-executor-13] INFO  b.i.g.i.GrpcLoggingInterceptor$1 otel_trace_id=10d7ab29d9fd36b770b5a5bed5c65936 otel_span_id=d8d406c00bb13bc9 request_id= business_trace_id= tenant_id= document_id= ingestion_job_id= - grpc.call.close grpc.reflection.v1alpha.ServerReflection/ServerReflectionInfo status=Status{code=OK, description=null, cause=null}
2026-05-29 11:43:54.310 [grpc-default-executor-12] INFO  b.i.g.i.GrpcLoggingInterceptor$2 otel_trace_id= otel_span_id= request_id= business_trace_id= tenant_id= document_id= ingestion_job_id= - grpc.call.complete grpc.reflection.v1alpha.ServerReflection/ServerReflectionInfo
2026-05-29 11:43:54.310 [grpc-default-executor-12] INFO  b.i.g.i.GrpcLoggingInterceptor$2 otel_trace_id= otel_span_id= request_id= business_trace_id= tenant_id= document_id= ingestion_job_id= - grpc.call.complete grpc.reflection.v1alpha.ServerReflection/ServerReflectionInfo
2026-05-29 11:43:54.310 [grpc-nio-worker-ELG-3-3] INFO  i.g.n.s.i.g.n.N.connections otel_trace_id= otel_span_id= request_id= business_trace_id= tenant_id= document_id= ingestion_job_id= - Transport failed
io.grpc.netty.shaded.io.netty.handler.codec.http2.Http2Exception: HTTP/2 client preface string missing or corrupt. Hex dump for received bytes: 1603010200010001fc03030a6ca4bc769c690423c278c195
	at io.grpc.netty.shaded.io.netty.handler.codec.http2.Http2Exception.connectionError(Http2Exception.java:107)
	at io.grpc.netty.shaded.io.netty.handler.codec.http2.Http2ConnectionHandler$PrefaceDecoder.readClientPrefaceString(Http2ConnectionHandler.java:319)
	at io.grpc.netty.shaded.io.netty.handler.codec.http2.Http2ConnectionHandler$PrefaceDecoder.decode(Http2ConnectionHandler.java:245)
	at io.grpc.netty.shaded.io.netty.handler.codec.http2.Http2ConnectionHandler.decode(Http2ConnectionHandler.java:451)
	at io.grpc.netty.shaded.io.netty.handler.codec.ByteToMessageDecoder.decodeRemovalReentryProtection(ByteToMessageDecoder.java:530)
	at io.grpc.netty.shaded.io.netty.handler.codec.ByteToMessageDecoder.callDecode(ByteToMessageDecoder.java:469)
	at io.grpc.netty.shaded.io.netty.handler.codec.ByteToMessageDecoder.channelRead(ByteToMessageDecoder.java:290)
	at io.grpc.netty.shaded.io.netty.channel.AbstractChannelHandlerContext.invokeChannelRead(AbstractChannelHandlerContext.java:444)
	at io.grpc.netty.shaded.io.netty.channel.AbstractChannelHandlerContext.invokeChannelRead(AbstractChannelHandlerContext.java:420)
	at io.grpc.netty.shaded.io.netty.channel.AbstractChannelHandlerContext.fireChannelRead(AbstractChannelHandlerContext.java:412)
	at io.grpc.netty.shaded.io.netty.channel.DefaultChannelPipeline$HeadContext.channelRead(DefaultChannelPipeline.java:1407)
	at io.grpc.netty.shaded.io.netty.channel.AbstractChannelHandlerContext.invokeChannelRead(AbstractChannelHandlerContext.java:440)
	at io.grpc.netty.shaded.io.netty.channel.AbstractChannelHandlerContext.invokeChannelRead(AbstractChannelHandlerContext.java:420)
	at io.grpc.netty.shaded.io.netty.channel.DefaultChannelPipeline.fireChannelRead(DefaultChannelPipeline.java:918)
	at io.grpc.netty.shaded.io.netty.channel.nio.AbstractNioByteChannel$NioByteUnsafe.read(AbstractNioByteChannel.java:166)
	at io.grpc.netty.shaded.io.netty.channel.nio.NioEventLoop.processSelectedKey(NioEventLoop.java:788)
	at io.grpc.netty.shaded.io.netty.channel.nio.NioEventLoop.processSelectedKeysOptimized(NioEventLoop.java:724)
	at io.grpc.netty.shaded.io.netty.channel.nio.NioEventLoop.processSelectedKeys(NioEventLoop.java:650)
	at io.grpc.netty.shaded.io.netty.channel.nio.NioEventLoop.run(NioEventLoop.java:562)
	at io.grpc.netty.shaded.io.netty.util.concurrent.SingleThreadEventExecutor$4.run(SingleThreadEventExecutor.java:994)
	at io.grpc.netty.shaded.io.netty.util.internal.ThreadExecutorMap$2.run(ThreadExecutorMap.java:74)
	at io.grpc.netty.shaded.io.netty.util.concurrent.FastThreadLocalRunnable.run(FastThreadLocalRunnable.java:30)
	at java.base/java.lang.Thread.run(Thread.java:1474)
2026-05-29 11:43:54.310 [grpc-nio-worker-ELG-3-4] INFO  i.g.n.s.i.g.n.N.connections otel_trace_id= otel_span_id= request_id= business_trace_id= tenant_id= document_id= ingestion_job_id= - Transport failed
io.grpc.netty.shaded.io.netty.handler.codec.http2.Http2Exception: HTTP/2 client preface string missing or corrupt. Hex dump for received bytes: 1603010200010001fc0303b35a71397211ee3c9ec2c542ab
	at io.grpc.netty.shaded.io.netty.handler.codec.http2.Http2Exception.connectionError(Http2Exception.java:107)
	at io.grpc.netty.shaded.io.netty.handler.codec.http2.Http2ConnectionHandler$PrefaceDecoder.readClientPrefaceString(Http2ConnectionHandler.java:319)
	at io.grpc.netty.shaded.io.netty.handler.codec.http2.Http2ConnectionHandler$PrefaceDecoder.decode(Http2ConnectionHandler.java:245)
	at io.grpc.netty.shaded.io.netty.handler.codec.http2.Http2ConnectionHandler.decode(Http2ConnectionHandler.java:451)
	at io.grpc.netty.shaded.io.netty.handler.codec.ByteToMessageDecoder.decodeRemovalReentryProtection(ByteToMessageDecoder.java:530)
	at io.grpc.netty.shaded.io.netty.handler.codec.ByteToMessageDecoder.callDecode(ByteToMessageDecoder.java:469)
	at io.grpc.netty.shaded.io.netty.handler.codec.ByteToMessageDecoder.channelRead(ByteToMessageDecoder.java:290)
	at io.grpc.netty.shaded.io.netty.channel.AbstractChannelHandlerContext.invokeChannelRead(AbstractChannelHandlerContext.java:444)
	at io.grpc.netty.shaded.io.netty.channel.AbstractChannelHandlerContext.invokeChannelRead(AbstractChannelHandlerContext.java:420)
	at io.grpc.netty.shaded.io.netty.channel.AbstractChannelHandlerContext.fireChannelRead(AbstractChannelHandlerContext.java:412)
	at io.grpc.netty.shaded.io.netty.channel.DefaultChannelPipeline$HeadContext.channelRead(DefaultChannelPipeline.java:1407)
	at io.grpc.netty.shaded.io.netty.channel.AbstractChannelHandlerContext.invokeChannelRead(AbstractChannelHandlerContext.java:440)
	at io.grpc.netty.shaded.io.netty.channel.AbstractChannelHandlerContext.invokeChannelRead(AbstractChannelHandlerContext.java:420)
	at io.grpc.netty.shaded.io.netty.channel.DefaultChannelPipeline.fireChannelRead(DefaultChannelPipeline.java:918)
	at io.grpc.netty.shaded.io.netty.channel.nio.AbstractNioByteChannel$NioByteUnsafe.read(AbstractNioByteChannel.java:166)
	at io.grpc.netty.shaded.io.netty.channel.nio.NioEventLoop.processSelectedKey(NioEventLoop.java:788)
	at io.grpc.netty.shaded.io.netty.channel.nio.NioEventLoop.processSelectedKeysOptimized(NioEventLoop.java:724)
	at io.grpc.netty.shaded.io.netty.channel.nio.NioEventLoop.processSelectedKeys(NioEventLoop.java:650)
	at io.grpc.netty.shaded.io.netty.channel.nio.NioEventLoop.run(NioEventLoop.java:562)
	at io.grpc.netty.shaded.io.netty.util.concurrent.SingleThreadEventExecutor$4.run(SingleThreadEventExecutor.java:994)
	at io.grpc.netty.shaded.io.netty.util.internal.ThreadExecutorMap$2.run(ThreadExecutorMap.java:74)
	at io.grpc.netty.shaded.io.netty.util.concurrent.FastThreadLocalRunnable.run(FastThreadLocalRunnable.java:30)
	at java.base/java.lang.Thread.run(Thread.java:1474)
2026-05-29 11:43:55.289 [grpc-nio-worker-ELG-3-5] INFO  i.g.n.s.i.g.n.N.connections otel_trace_id= otel_span_id= request_id= business_trace_id= tenant_id= document_id= ingestion_job_id= - Transport failed
io.grpc.netty.shaded.io.netty.handler.codec.http2.Http2Exception: HTTP/2 client preface string missing or corrupt. Hex dump for received bytes: 1603010200010001fc03033785cc55600e8acd8be39e5bed
	at io.grpc.netty.shaded.io.netty.handler.codec.http2.Http2Exception.connectionError(Http2Exception.java:107)
	at io.grpc.netty.shaded.io.netty.handler.codec.http2.Http2ConnectionHandler$PrefaceDecoder.readClientPrefaceString(Http2ConnectionHandler.java:319)
	at io.grpc.netty.shaded.io.netty.handler.codec.http2.Http2ConnectionHandler$PrefaceDecoder.decode(Http2ConnectionHandler.java:245)
	at io.grpc.netty.shaded.io.netty.handler.codec.http2.Http2ConnectionHandler.decode(Http2ConnectionHandler.java:451)
	at io.grpc.netty.shaded.io.netty.handler.codec.ByteToMessageDecoder.decodeRemovalReentryProtection(ByteToMessageDecoder.java:530)
	at io.grpc.netty.shaded.io.netty.handler.codec.ByteToMessageDecoder.callDecode(ByteToMessageDecoder.java:469)
	at io.grpc.netty.shaded.io.netty.handler.codec.ByteToMessageDecoder.channelRead(ByteToMessageDecoder.java:290)
	at io.grpc.netty.shaded.io.netty.channel.AbstractChannelHandlerContext.invokeChannelRead(AbstractChannelHandlerContext.java:444)
	at io.grpc.netty.shaded.io.netty.channel.AbstractChannelHandlerContext.invokeChannelRead(AbstractChannelHandlerContext.java:420)
	at io.grpc.netty.shaded.io.netty.channel.AbstractChannelHandlerContext.fireChannelRead(AbstractChannelHandlerContext.java:412)
	at io.grpc.netty.shaded.io.netty.channel.DefaultChannelPipeline$HeadContext.channelRead(DefaultChannelPipeline.java:1407)
	at io.grpc.netty.shaded.io.netty.channel.AbstractChannelHandlerContext.invokeChannelRead(AbstractChannelHandlerContext.java:440)
	at io.grpc.netty.shaded.io.netty.channel.AbstractChannelHandlerContext.invokeChannelRead(AbstractChannelHandlerContext.java:420)
	at io.grpc.netty.shaded.io.netty.channel.DefaultChannelPipeline.fireChannelRead(DefaultChannelPipeline.java:918)
	at io.grpc.netty.shaded.io.netty.channel.nio.AbstractNioByteChannel$NioByteUnsafe.read(AbstractNioByteChannel.java:166)
	at io.grpc.netty.shaded.io.netty.channel.nio.NioEventLoop.processSelectedKey(NioEventLoop.java:788)
	at io.grpc.netty.shaded.io.netty.channel.nio.NioEventLoop.processSelectedKeysOptimized(NioEventLoop.java:724)
	at io.grpc.netty.shaded.io.netty.channel.nio.NioEventLoop.processSelectedKeys(NioEventLoop.java:650)
	at io.grpc.netty.shaded.io.netty.channel.nio.NioEventLoop.run(NioEventLoop.java:562)
	at io.grpc.netty.shaded.io.netty.util.concurrent.SingleThreadEventExecutor$4.run(SingleThreadEventExecutor.java:994)
	at io.grpc.netty.shaded.io.netty.util.internal.ThreadExecutorMap$2.run(ThreadExecutorMap.java:74)
	at io.grpc.netty.shaded.io.netty.util.concurrent.FastThreadLocalRunnable.run(FastThreadLocalRunnable.java:30)
	at java.base/java.lang.Thread.run(Thread.java:1474)
2026-05-29 11:43:55.299 [grpc-nio-worker-ELG-3-6] INFO  i.g.n.s.i.g.n.N.connections otel_trace_id= otel_span_id= request_id= business_trace_id= tenant_id= document_id= ingestion_job_id= - Transport failed
io.grpc.netty.shaded.io.netty.handler.codec.http2.Http2Exception: HTTP/2 client preface string missing or corrupt. Hex dump for received bytes: 1603010200010001fc0303c920b8e8acf6b3390fd83d2740
	at io.grpc.netty.shaded.io.netty.handler.codec.http2.Http2Exception.connectionError(Http2Exception.java:107)
	at io.grpc.netty.shaded.io.netty.handler.codec.http2.Http2ConnectionHandler$PrefaceDecoder.readClientPrefaceString(Http2ConnectionHandler.java:319)
	at io.grpc.netty.shaded.io.netty.handler.codec.http2.Http2ConnectionHandler$PrefaceDecoder.decode(Http2ConnectionHandler.java:245)
	at io.grpc.netty.shaded.io.netty.handler.codec.http2.Http2ConnectionHandler.decode(Http2ConnectionHandler.java:451)
	at io.grpc.netty.shaded.io.netty.handler.codec.ByteToMessageDecoder.decodeRemovalReentryProtection(ByteToMessageDecoder.java:530)
	at io.grpc.netty.shaded.io.netty.handler.codec.ByteToMessageDecoder.callDecode(ByteToMessageDecoder.java:469)
	at io.grpc.netty.shaded.io.netty.handler.codec.ByteToMessageDecoder.channelRead(ByteToMessageDecoder.java:290)
	at io.grpc.netty.shaded.io.netty.channel.AbstractChannelHandlerContext.invokeChannelRead(AbstractChannelHandlerContext.java:444)
	at io.grpc.netty.shaded.io.netty.channel.AbstractChannelHandlerContext.invokeChannelRead(AbstractChannelHandlerContext.java:420)
	at io.grpc.netty.shaded.io.netty.channel.AbstractChannelHandlerContext.fireChannelRead(AbstractChannelHandlerContext.java:412)
	at io.grpc.netty.shaded.io.netty.channel.DefaultChannelPipeline$HeadContext.channelRead(DefaultChannelPipeline.java:1407)
	at io.grpc.netty.shaded.io.netty.channel.AbstractChannelHandlerContext.invokeChannelRead(AbstractChannelHandlerContext.java:440)
	at io.grpc.netty.shaded.io.netty.channel.AbstractChannelHandlerContext.invokeChannelRead(AbstractChannelHandlerContext.java:420)
	at io.grpc.netty.shaded.io.netty.channel.DefaultChannelPipeline.fireChannelRead(DefaultChannelPipeline.java:918)
	at io.grpc.netty.shaded.io.netty.channel.nio.AbstractNioByteChannel$NioByteUnsafe.read(AbstractNioByteChannel.java:166)
	at io.grpc.netty.shaded.io.netty.channel.nio.NioEventLoop.processSelectedKey(NioEventLoop.java:788)
	at io.grpc.netty.shaded.io.netty.channel.nio.NioEventLoop.processSelectedKeysOptimized(NioEventLoop.java:724)
	at io.grpc.netty.shaded.io.netty.channel.nio.NioEventLoop.processSelectedKeys(NioEventLoop.java:650)
	at io.grpc.netty.shaded.io.netty.channel.nio.NioEventLoop.run(NioEventLoop.java:562)
	at io.grpc.netty.shaded.io.netty.util.concurrent.SingleThreadEventExecutor$4.run(SingleThreadEventExecutor.java:994)
	at io.grpc.netty.shaded.io.netty.util.internal.ThreadExecutorMap$2.run(ThreadExecutorMap.java:74)
	at io.grpc.netty.shaded.io.netty.util.concurrent.FastThreadLocalRunnable.run(FastThreadLocalRunnable.java:30)
	at java.base/java.lang.Thread.run(Thread.java:1474)
2026-05-29 11:43:56.621 [grpc-nio-worker-ELG-3-7] INFO  i.g.n.s.i.g.n.N.connections otel_trace_id= otel_span_id= request_id= business_trace_id= tenant_id= document_id= ingestion_job_id= - Transport failed
io.grpc.netty.shaded.io.netty.handler.codec.http2.Http2Exception: HTTP/2 client preface string missing or corrupt. Hex dump for received bytes: 1603010200010001fc0303cdbd79157c09e72018cb83db25
	at io.grpc.netty.shaded.io.netty.handler.codec.http2.Http2Exception.connectionError(Http2Exception.java:107)
	at io.grpc.netty.shaded.io.netty.handler.codec.http2.Http2ConnectionHandler$PrefaceDecoder.readClientPrefaceString(Http2ConnectionHandler.java:319)
	at io.grpc.netty.shaded.io.netty.handler.codec.http2.Http2ConnectionHandler$PrefaceDecoder.decode(Http2ConnectionHandler.java:245)
	at io.grpc.netty.shaded.io.netty.handler.codec.http2.Http2ConnectionHandler.decode(Http2ConnectionHandler.java:451)
	at io.grpc.netty.shaded.io.netty.handler.codec.ByteToMessageDecoder.decodeRemovalReentryProtection(ByteToMessageDecoder.java:530)
	at io.grpc.netty.shaded.io.netty.handler.codec.ByteToMessageDecoder.callDecode(ByteToMessageDecoder.java:469)
	at io.grpc.netty.shaded.io.netty.handler.codec.ByteToMessageDecoder.channelRead(ByteToMessageDecoder.java:290)
	at io.grpc.netty.shaded.io.netty.channel.AbstractChannelHandlerContext.invokeChannelRead(AbstractChannelHandlerContext.java:444)
	at io.grpc.netty.shaded.io.netty.channel.AbstractChannelHandlerContext.invokeChannelRead(AbstractChannelHandlerContext.java:420)
	at io.grpc.netty.shaded.io.netty.channel.AbstractChannelHandlerContext.fireChannelRead(AbstractChannelHandlerContext.java:412)
	at io.grpc.netty.shaded.io.netty.channel.DefaultChannelPipeline$HeadContext.channelRead(DefaultChannelPipeline.java:1407)
	at io.grpc.netty.shaded.io.netty.channel.AbstractChannelHandlerContext.invokeChannelRead(AbstractChannelHandlerContext.java:440)
	at io.grpc.netty.shaded.io.netty.channel.AbstractChannelHandlerContext.invokeChannelRead(AbstractChannelHandlerContext.java:420)
	at io.grpc.netty.shaded.io.netty.channel.DefaultChannelPipeline.fireChannelRead(DefaultChannelPipeline.java:918)
	at io.grpc.netty.shaded.io.netty.channel.nio.AbstractNioByteChannel$NioByteUnsafe.read(AbstractNioByteChannel.java:166)
	at io.grpc.netty.shaded.io.netty.channel.nio.NioEventLoop.processSelectedKey(NioEventLoop.java:788)
	at io.grpc.netty.shaded.io.netty.channel.nio.NioEventLoop.processSelectedKeysOptimized(NioEventLoop.java:724)
	at io.grpc.netty.shaded.io.netty.channel.nio.NioEventLoop.processSelectedKeys(NioEventLoop.java:650)
	at io.grpc.netty.shaded.io.netty.channel.nio.NioEventLoop.run(NioEventLoop.java:562)
	at io.grpc.netty.shaded.io.netty.util.concurrent.SingleThreadEventExecutor$4.run(SingleThreadEventExecutor.java:994)
	at io.grpc.netty.shaded.io.netty.util.internal.ThreadExecutorMap$2.run(ThreadExecutorMap.java:74)
	at io.grpc.netty.shaded.io.netty.util.concurrent.FastThreadLocalRunnable.run(FastThreadLocalRunnable.java:30)
	at java.base/java.lang.Thread.run(Thread.java:1474)
2026-05-29 11:43:56.975 [grpc-nio-worker-ELG-3-8] INFO  i.g.n.s.i.g.n.N.connections otel_trace_id= otel_span_id= request_id= business_trace_id= tenant_id= document_id= ingestion_job_id= - Transport failed
io.grpc.netty.shaded.io.netty.handler.codec.http2.Http2Exception: HTTP/2 client preface string missing or corrupt. Hex dump for received bytes: 1603010200010001fc0303cffc4449948c03ee21aadd8d0a
	at io.grpc.netty.shaded.io.netty.handler.codec.http2.Http2Exception.connectionError(Http2Exception.java:107)
	at io.grpc.netty.shaded.io.netty.handler.codec.http2.Http2ConnectionHandler$PrefaceDecoder.readClientPrefaceString(Http2ConnectionHandler.java:319)
	at io.grpc.netty.shaded.io.netty.handler.codec.http2.Http2ConnectionHandler$PrefaceDecoder.decode(Http2ConnectionHandler.java:245)
	at io.grpc.netty.shaded.io.netty.handler.codec.http2.Http2ConnectionHandler.decode(Http2ConnectionHandler.java:451)
	at io.grpc.netty.shaded.io.netty.handler.codec.ByteToMessageDecoder.decodeRemovalReentryProtection(ByteToMessageDecoder.java:530)
	at io.grpc.netty.shaded.io.netty.handler.codec.ByteToMessageDecoder.callDecode(ByteToMessageDecoder.java:469)
	at io.grpc.netty.shaded.io.netty.handler.codec.ByteToMessageDecoder.channelRead(ByteToMessageDecoder.java:290)
	at io.grpc.netty.shaded.io.netty.channel.AbstractChannelHandlerContext.invokeChannelRead(AbstractChannelHandlerContext.java:444)
	at io.grpc.netty.shaded.io.netty.channel.AbstractChannelHandlerContext.invokeChannelRead(AbstractChannelHandlerContext.java:420)
	at io.grpc.netty.shaded.io.netty.channel.AbstractChannelHandlerContext.fireChannelRead(AbstractChannelHandlerContext.java:412)
	at io.grpc.netty.shaded.io.netty.channel.DefaultChannelPipeline$HeadContext.channelRead(DefaultChannelPipeline.java:1407)
	at io.grpc.netty.shaded.io.netty.channel.AbstractChannelHandlerContext.invokeChannelRead(AbstractChannelHandlerContext.java:440)
	at io.grpc.netty.shaded.io.netty.channel.AbstractChannelHandlerContext.invokeChannelRead(AbstractChannelHandlerContext.java:420)
	at io.grpc.netty.shaded.io.netty.channel.DefaultChannelPipeline.fireChannelRead(DefaultChannelPipeline.java:918)
	at io.grpc.netty.shaded.io.netty.channel.nio.AbstractNioByteChannel$NioByteUnsafe.read(AbstractNioByteChannel.java:166)
	at io.grpc.netty.shaded.io.netty.channel.nio.NioEventLoop.processSelectedKey(NioEventLoop.java:788)
	at io.grpc.netty.shaded.io.netty.channel.nio.NioEventLoop.processSelectedKeysOptimized(NioEventLoop.java:724)
	at io.grpc.netty.shaded.io.netty.channel.nio.NioEventLoop.processSelectedKeys(NioEventLoop.java:650)
	at io.grpc.netty.shaded.io.netty.channel.nio.NioEventLoop.run(NioEventLoop.java:562)
	at io.grpc.netty.shaded.io.netty.util.concurrent.SingleThreadEventExecutor$4.run(SingleThreadEventExecutor.java:994)
	at io.grpc.netty.shaded.io.netty.util.internal.ThreadExecutorMap$2.run(ThreadExecutorMap.java:74)
	at io.grpc.netty.shaded.io.netty.util.concurrent.FastThreadLocalRunnable.run(FastThreadLocalRunnable.java:30)
	at java.base/java.lang.Thread.run(Thread.java:1474)
2026-05-29 11:43:58.431 [grpc-nio-worker-ELG-3-9] INFO  i.g.n.s.i.g.n.N.connections otel_trace_id= otel_span_id= request_id= business_trace_id= tenant_id= document_id= ingestion_job_id= - Transport failed
io.grpc.netty.shaded.io.netty.handler.codec.http2.Http2Exception: HTTP/2 client preface string missing or corrupt. Hex dump for received bytes: 1603010200010001fc03037b675ac433ce9dcf884fd676f2
	at io.grpc.netty.shaded.io.netty.handler.codec.http2.Http2Exception.connectionError(Http2Exception.java:107)
	at io.grpc.netty.shaded.io.netty.handler.codec.http2.Http2ConnectionHandler$PrefaceDecoder.readClientPrefaceString(Http2ConnectionHandler.java:319)
	at io.grpc.netty.shaded.io.netty.handler.codec.http2.Http2ConnectionHandler$PrefaceDecoder.decode(Http2ConnectionHandler.java:245)
	at io.grpc.netty.shaded.io.netty.handler.codec.http2.Http2ConnectionHandler.decode(Http2ConnectionHandler.java:451)
	at io.grpc.netty.shaded.io.netty.handler.codec.ByteToMessageDecoder.decodeRemovalReentryProtection(ByteToMessageDecoder.java:530)
	at io.grpc.netty.shaded.io.netty.handler.codec.ByteToMessageDecoder.callDecode(ByteToMessageDecoder.java:469)
	at io.grpc.netty.shaded.io.netty.handler.codec.ByteToMessageDecoder.channelRead(ByteToMessageDecoder.java:290)
	at io.grpc.netty.shaded.io.netty.channel.AbstractChannelHandlerContext.invokeChannelRead(AbstractChannelHandlerContext.java:444)
	at io.grpc.netty.shaded.io.netty.channel.AbstractChannelHandlerContext.invokeChannelRead(AbstractChannelHandlerContext.java:420)
	at io.grpc.netty.shaded.io.netty.channel.AbstractChannelHandlerContext.fireChannelRead(AbstractChannelHandlerContext.java:412)
	at io.grpc.netty.shaded.io.netty.channel.DefaultChannelPipeline$HeadContext.channelRead(DefaultChannelPipeline.java:1407)
	at io.grpc.netty.shaded.io.netty.channel.AbstractChannelHandlerContext.invokeChannelRead(AbstractChannelHandlerContext.java:440)
	at io.grpc.netty.shaded.io.netty.channel.AbstractChannelHandlerContext.invokeChannelRead(AbstractChannelHandlerContext.java:420)
	at io.grpc.netty.shaded.io.netty.channel.DefaultChannelPipeline.fireChannelRead(DefaultChannelPipeline.java:918)
	at io.grpc.netty.shaded.io.netty.channel.nio.AbstractNioByteChannel$NioByteUnsafe.read(AbstractNioByteChannel.java:166)
	at io.grpc.netty.shaded.io.netty.channel.nio.NioEventLoop.processSelectedKey(NioEventLoop.java:788)
	at io.grpc.netty.shaded.io.netty.channel.nio.NioEventLoop.processSelectedKeysOptimized(NioEventLoop.java:724)
	at io.grpc.netty.shaded.io.netty.channel.nio.NioEventLoop.processSelectedKeys(NioEventLoop.java:650)
	at io.grpc.netty.shaded.io.netty.channel.nio.NioEventLoop.run(NioEventLoop.java:562)
	at io.grpc.netty.shaded.io.netty.util.concurrent.SingleThreadEventExecutor$4.run(SingleThreadEventExecutor.java:994)
	at io.grpc.netty.shaded.io.netty.util.internal.ThreadExecutorMap$2.run(ThreadExecutorMap.java:74)
	at io.grpc.netty.shaded.io.netty.util.concurrent.FastThreadLocalRunnable.run(FastThreadLocalRunnable.java:30)
	at java.base/java.lang.Thread.run(Thread.java:1474)
2026-05-29 11:43:59.227 [grpc-nio-worker-ELG-3-10] INFO  i.g.n.s.i.g.n.N.connections otel_trace_id= otel_span_id= request_id= business_trace_id= tenant_id= document_id= ingestion_job_id= - Transport failed
io.grpc.netty.shaded.io.netty.handler.codec.http2.Http2Exception: HTTP/2 client preface string missing or corrupt. Hex dump for received bytes: 1603010200010001fc0303006c5e3287454dc420b08fe9d4
	at io.grpc.netty.shaded.io.netty.handler.codec.http2.Http2Exception.connectionError(Http2Exception.java:107)
	at io.grpc.netty.shaded.io.netty.handler.codec.http2.Http2ConnectionHandler$PrefaceDecoder.readClientPrefaceString(Http2ConnectionHandler.java:319)
	at io.grpc.netty.shaded.io.netty.handler.codec.http2.Http2ConnectionHandler$PrefaceDecoder.decode(Http2ConnectionHandler.java:245)
	at io.grpc.netty.shaded.io.netty.handler.codec.http2.Http2ConnectionHandler.decode(Http2ConnectionHandler.java:451)
	at io.grpc.netty.shaded.io.netty.handler.codec.ByteToMessageDecoder.decodeRemovalReentryProtection(ByteToMessageDecoder.java:530)
	at io.grpc.netty.shaded.io.netty.handler.codec.ByteToMessageDecoder.callDecode(ByteToMessageDecoder.java:469)
	at io.grpc.netty.shaded.io.netty.handler.codec.ByteToMessageDecoder.channelRead(ByteToMessageDecoder.java:290)
	at io.grpc.netty.shaded.io.netty.channel.AbstractChannelHandlerContext.invokeChannelRead(AbstractChannelHandlerContext.java:444)
	at io.grpc.netty.shaded.io.netty.channel.AbstractChannelHandlerContext.invokeChannelRead(AbstractChannelHandlerContext.java:420)
	at io.grpc.netty.shaded.io.netty.channel.AbstractChannelHandlerContext.fireChannelRead(AbstractChannelHandlerContext.java:412)
	at io.grpc.netty.shaded.io.netty.channel.DefaultChannelPipeline$HeadContext.channelRead(DefaultChannelPipeline.java:1407)
	at io.grpc.netty.shaded.io.netty.channel.AbstractChannelHandlerContext.invokeChannelRead(AbstractChannelHandlerContext.java:440)
	at io.grpc.netty.shaded.io.netty.channel.AbstractChannelHandlerContext.invokeChannelRead(AbstractChannelHandlerContext.java:420)
	at io.grpc.netty.shaded.io.netty.channel.DefaultChannelPipeline.fireChannelRead(DefaultChannelPipeline.java:918)
	at io.grpc.netty.shaded.io.netty.channel.nio.AbstractNioByteChannel$NioByteUnsafe.read(AbstractNioByteChannel.java:166)
	at io.grpc.netty.shaded.io.netty.channel.nio.NioEventLoop.processSelectedKey(NioEventLoop.java:788)
	at io.grpc.netty.shaded.io.netty.channel.nio.NioEventLoop.processSelectedKeysOptimized(NioEventLoop.java:724)
	at io.grpc.netty.shaded.io.netty.channel.nio.NioEventLoop.processSelectedKeys(NioEventLoop.java:650)
	at io.grpc.netty.shaded.io.netty.channel.nio.NioEventLoop.run(NioEventLoop.java:562)
	at io.grpc.netty.shaded.io.netty.util.concurrent.SingleThreadEventExecutor$4.run(SingleThreadEventExecutor.java:994)
	at io.grpc.netty.shaded.io.netty.util.internal.ThreadExecutorMap$2.run(ThreadExecutorMap.java:74)
	at io.grpc.netty.shaded.io.netty.util.concurrent.FastThreadLocalRunnable.run(FastThreadLocalRunnable.java:30)
	at java.base/java.lang.Thread.run(Thread.java:1474)
2026-05-29 11:44:01.092 [grpc-default-executor-12] INFO  b.i.g.i.GrpcLoggingInterceptor otel_trace_id= otel_span_id= request_id= business_trace_id= tenant_id= document_id= ingestion_job_id= - grpc.call.start document.DocumentService/VerifyEvidenceGraph
2026-05-29 11:44:01.092 [grpc-default-executor-12] INFO  b.i.g.i.GrpcTracingInterceptor otel_trace_id=4a90489ce4807eacad392ae549b8a9a0 otel_span_id=6308056491757602 request_id= business_trace_id= tenant_id= document_id= ingestion_job_id= - trace.start: 4a90489ce4807eacad392ae549b8a9a0
2026-05-29 11:44:01.095 [grpc-default-executor-12] INFO  b.i.g.i.GrpcLoggingInterceptor$2 otel_trace_id= otel_span_id= request_id= business_trace_id= tenant_id= document_id= ingestion_job_id= - grpc.request.message document.DocumentService/VerifyEvidenceGraph
2026-05-29 11:44:01.095 [grpc-default-executor-12] INFO  b.i.g.i.GrpcLoggingInterceptor$2 otel_trace_id= otel_span_id= request_id= business_trace_id= tenant_id= document_id= ingestion_job_id= - grpc.request.complete document.DocumentService/VerifyEvidenceGraph
2026-05-29 11:44:01.097 [grpc-default-executor-12] INFO  b.c.q.i.QueryObservabilityInterceptor otel_trace_id=4a90489ce4807eacad392ae549b8a9a0 otel_span_id=6308056491757602 request_id=req-verify-evidence-001 business_trace_id=trace-verify-evidence-001 tenant_id=tenant-001 document_id= ingestion_job_id= - query.start VerifyEvidenceGraphQuery
2026-05-29 11:44:01.099 [grpc-default-executor-12] INFO  c.s.d.o.EvidenceGraphVerificationLogger otel_trace_id=4a90489ce4807eacad392ae549b8a9a0 otel_span_id=6308056491757602 request_id=req-verify-evidence-001 business_trace_id=trace-verify-evidence-001 tenant_id=tenant-001 document_id= ingestion_job_id= - Evidence graph verification requested tenantId=tenant-001 userId=user-001 nodeCount=8 edgeCount=7
2026-05-29 11:44:01.100 [grpc-default-executor-12] INFO  c.s.d.o.EvidenceGraphVerificationLogger otel_trace_id=4a90489ce4807eacad392ae549b8a9a0 otel_span_id=6308056491757602 request_id=req-verify-evidence-001 business_trace_id=trace-verify-evidence-001 tenant_id=tenant-001 document_id= ingestion_job_id= - Evidence graph verification completed tenantId=tenant-001 userId=user-001 supported=false verificationStatus=PARTIALLY_SUPPORTED confidence=0.708657269265822 coverageScore=0.875
2026-05-29 11:44:01.100 [grpc-default-executor-12] INFO  b.c.q.i.QueryObservabilityInterceptor otel_trace_id=4a90489ce4807eacad392ae549b8a9a0 otel_span_id=6308056491757602 request_id=req-verify-evidence-001 business_trace_id=trace-verify-evidence-001 tenant_id=tenant-001 document_id= ingestion_job_id= - query.complete VerifyEvidenceGraphQuery in 3 ms
2026-05-29 11:44:01.100 [grpc-default-executor-12] INFO  i.o.e.logging.LoggingSpanExporter otel_trace_id=4a90489ce4807eacad392ae549b8a9a0 otel_span_id=6308056491757602 request_id=req-verify-evidence-001 business_trace_id=trace-verify-evidence-001 tenant_id=tenant-001 document_id= ingestion_job_id= - 'query.VerifyEvidenceGraphQuery' : 4a90489ce4807eacad392ae549b8a9a0 ac782c2cdef35dac INTERNAL [tracer: sparrowx-document-service:] {}
2026-05-29 11:44:01.103 [grpc-default-executor-12] INFO  b.i.g.i.GrpcLoggingInterceptor$1 otel_trace_id=4a90489ce4807eacad392ae549b8a9a0 otel_span_id=6308056491757602 request_id=req-verify-evidence-001 business_trace_id=trace-verify-evidence-001 tenant_id=tenant-001 document_id= ingestion_job_id= - grpc.response.send document.DocumentService/VerifyEvidenceGraph
2026-05-29 11:44:01.104 [grpc-default-executor-12] INFO  i.o.e.logging.LoggingSpanExporter otel_trace_id=4a90489ce4807eacad392ae549b8a9a0 otel_span_id=6308056491757602 request_id=req-verify-evidence-001 business_trace_id=trace-verify-evidence-001 tenant_id=tenant-001 document_id= ingestion_job_id= - 'document.DocumentService/VerifyEvidenceGraph' : 4a90489ce4807eacad392ae549b8a9a0 6308056491757602 SERVER [tracer: sparrowx-document-service:] AttributesMap{data={rpc.method=document.DocumentService/VerifyEvidenceGraph, rpc.system=grpc, rpc.grpc.status_code=OK}, capacity=128, totalAddedValues=3}
2026-05-29 11:44:01.104 [grpc-default-executor-12] INFO  b.i.g.i.GrpcLoggingInterceptor$1 otel_trace_id=4a90489ce4807eacad392ae549b8a9a0 otel_span_id=6308056491757602 request_id=req-verify-evidence-001 business_trace_id=trace-verify-evidence-001 tenant_id=tenant-001 document_id= ingestion_job_id= - grpc.call.close document.DocumentService/VerifyEvidenceGraph status=Status{code=OK, description=null, cause=null}
2026-05-29 11:44:01.105 [grpc-default-executor-12] INFO  b.i.g.i.GrpcLoggingInterceptor$2 otel_trace_id= otel_span_id= request_id= business_trace_id= tenant_id= document_id= ingestion_job_id= - grpc.call.complete document.DocumentService/VerifyEvidenceGraph
2026-05-29 11:44:01.611 [grpc-nio-worker-ELG-3-11] INFO  i.g.n.s.i.g.n.N.connections otel_trace_id= otel_span_id= request_id= business_trace_id= tenant_id= document_id= ingestion_job_id= - Transport failed
io.grpc.netty.shaded.io.netty.handler.codec.http2.Http2Exception: HTTP/2 client preface string missing or corrupt. Hex dump for received bytes: 1603010200010001fc03033d1f3da4efc0e205aae372704f
	at io.grpc.netty.shaded.io.netty.handler.codec.http2.Http2Exception.connectionError(Http2Exception.java:107)
	at io.grpc.netty.shaded.io.netty.handler.codec.http2.Http2ConnectionHandler$PrefaceDecoder.readClientPrefaceString(Http2ConnectionHandler.java:319)
	at io.grpc.netty.shaded.io.netty.handler.codec.http2.Http2ConnectionHandler$PrefaceDecoder.decode(Http2ConnectionHandler.java:245)
	at io.grpc.netty.shaded.io.netty.handler.codec.http2.Http2ConnectionHandler.decode(Http2ConnectionHandler.java:451)
	at io.grpc.netty.shaded.io.netty.handler.codec.ByteToMessageDecoder.decodeRemovalReentryProtection(ByteToMessageDecoder.java:530)
	at io.grpc.netty.shaded.io.netty.handler.codec.ByteToMessageDecoder.callDecode(ByteToMessageDecoder.java:469)
	at io.grpc.netty.shaded.io.netty.handler.codec.ByteToMessageDecoder.channelRead(ByteToMessageDecoder.java:290)
	at io.grpc.netty.shaded.io.netty.channel.AbstractChannelHandlerContext.invokeChannelRead(AbstractChannelHandlerContext.java:444)
	at io.grpc.netty.shaded.io.netty.channel.AbstractChannelHandlerContext.invokeChannelRead(AbstractChannelHandlerContext.java:420)
	at io.grpc.netty.shaded.io.netty.channel.AbstractChannelHandlerContext.fireChannelRead(AbstractChannelHandlerContext.java:412)
	at io.grpc.netty.shaded.io.netty.channel.DefaultChannelPipeline$HeadContext.channelRead(DefaultChannelPipeline.java:1407)
	at io.grpc.netty.shaded.io.netty.channel.AbstractChannelHandlerContext.invokeChannelRead(AbstractChannelHandlerContext.java:440)
	at io.grpc.netty.shaded.io.netty.channel.AbstractChannelHandlerContext.invokeChannelRead(AbstractChannelHandlerContext.java:420)
	at io.grpc.netty.shaded.io.netty.channel.DefaultChannelPipeline.fireChannelRead(DefaultChannelPipeline.java:918)
	at io.grpc.netty.shaded.io.netty.channel.nio.AbstractNioByteChannel$NioByteUnsafe.read(AbstractNioByteChannel.java:166)
	at io.grpc.netty.shaded.io.netty.channel.nio.NioEventLoop.processSelectedKey(NioEventLoop.java:788)
	at io.grpc.netty.shaded.io.netty.channel.nio.NioEventLoop.processSelectedKeysOptimized(NioEventLoop.java:724)
	at io.grpc.netty.shaded.io.netty.channel.nio.NioEventLoop.processSelectedKeys(NioEventLoop.java:650)
	at io.grpc.netty.shaded.io.netty.channel.nio.NioEventLoop.run(NioEventLoop.java:562)
	at io.grpc.netty.shaded.io.netty.util.concurrent.SingleThreadEventExecutor$4.run(SingleThreadEventExecutor.java:994)
	at io.grpc.netty.shaded.io.netty.util.internal.ThreadExecutorMap$2.run(ThreadExecutorMap.java:74)
	at io.grpc.netty.shaded.io.netty.util.concurrent.FastThreadLocalRunnable.run(FastThreadLocalRunnable.java:30)
	at java.base/java.lang.Thread.run(Thread.java:1474)
2026-05-29 11:44:03.437 [grpc-nio-worker-ELG-3-12] INFO  i.g.n.s.i.g.n.N.connections otel_trace_id= otel_span_id= request_id= business_trace_id= tenant_id= document_id= ingestion_job_id= - Transport failed
io.grpc.netty.shaded.io.netty.handler.codec.http2.Http2Exception: HTTP/2 client preface string missing or corrupt. Hex dump for received bytes: 1603010200010001fc03031fc14f8d7eb00048a6e7fe4981
	at io.grpc.netty.shaded.io.netty.handler.codec.http2.Http2Exception.connectionError(Http2Exception.java:107)
	at io.grpc.netty.shaded.io.netty.handler.codec.http2.Http2ConnectionHandler$PrefaceDecoder.readClientPrefaceString(Http2ConnectionHandler.java:319)
	at io.grpc.netty.shaded.io.netty.handler.codec.http2.Http2ConnectionHandler$PrefaceDecoder.decode(Http2ConnectionHandler.java:245)
	at io.grpc.netty.shaded.io.netty.handler.codec.http2.Http2ConnectionHandler.decode(Http2ConnectionHandler.java:451)
	at io.grpc.netty.shaded.io.netty.handler.codec.ByteToMessageDecoder.decodeRemovalReentryProtection(ByteToMessageDecoder.java:530)
	at io.grpc.netty.shaded.io.netty.handler.codec.ByteToMessageDecoder.callDecode(ByteToMessageDecoder.java:469)
	at io.grpc.netty.shaded.io.netty.handler.codec.ByteToMessageDecoder.channelRead(ByteToMessageDecoder.java:290)
	at io.grpc.netty.shaded.io.netty.channel.AbstractChannelHandlerContext.invokeChannelRead(AbstractChannelHandlerContext.java:444)
	at io.grpc.netty.shaded.io.netty.channel.AbstractChannelHandlerContext.invokeChannelRead(AbstractChannelHandlerContext.java:420)
	at io.grpc.netty.shaded.io.netty.channel.AbstractChannelHandlerContext.fireChannelRead(AbstractChannelHandlerContext.java:412)
	at io.grpc.netty.shaded.io.netty.channel.DefaultChannelPipeline$HeadContext.channelRead(DefaultChannelPipeline.java:1407)
	at io.grpc.netty.shaded.io.netty.channel.AbstractChannelHandlerContext.invokeChannelRead(AbstractChannelHandlerContext.java:440)
	at io.grpc.netty.shaded.io.netty.channel.AbstractChannelHandlerContext.invokeChannelRead(AbstractChannelHandlerContext.java:420)
	at io.grpc.netty.shaded.io.netty.channel.DefaultChannelPipeline.fireChannelRead(DefaultChannelPipeline.java:918)
	at io.grpc.netty.shaded.io.netty.channel.nio.AbstractNioByteChannel$NioByteUnsafe.read(AbstractNioByteChannel.java:166)
	at io.grpc.netty.shaded.io.netty.channel.nio.NioEventLoop.processSelectedKey(NioEventLoop.java:788)
	at io.grpc.netty.shaded.io.netty.channel.nio.NioEventLoop.processSelectedKeysOptimized(NioEventLoop.java:724)
	at io.grpc.netty.shaded.io.netty.channel.nio.NioEventLoop.processSelectedKeys(NioEventLoop.java:650)
	at io.grpc.netty.shaded.io.netty.channel.nio.NioEventLoop.run(NioEventLoop.java:562)
	at io.grpc.netty.shaded.io.netty.util.concurrent.SingleThreadEventExecutor$4.run(SingleThreadEventExecutor.java:994)
	at io.grpc.netty.shaded.io.netty.util.internal.ThreadExecutorMap$2.run(ThreadExecutorMap.java:74)
	at io.grpc.netty.shaded.io.netty.util.concurrent.FastThreadLocalRunnable.run(FastThreadLocalRunnable.java:30)
	at java.base/java.lang.Thread.run(Thread.java:1474)
2026-05-29 11:44:05.987 [grpc-nio-worker-ELG-3-1] INFO  i.g.n.s.i.g.n.N.connections otel_trace_id= otel_span_id= request_id= business_trace_id= tenant_id= document_id= ingestion_job_id= - Transport failed
io.grpc.netty.shaded.io.netty.handler.codec.http2.Http2Exception: HTTP/2 client preface string missing or corrupt. Hex dump for received bytes: 1603010200010001fc030317b01c6dc03a39463d4544dfc3
	at io.grpc.netty.shaded.io.netty.handler.codec.http2.Http2Exception.connectionError(Http2Exception.java:107)
	at io.grpc.netty.shaded.io.netty.handler.codec.http2.Http2ConnectionHandler$PrefaceDecoder.readClientPrefaceString(Http2ConnectionHandler.java:319)
	at io.grpc.netty.shaded.io.netty.handler.codec.http2.Http2ConnectionHandler$PrefaceDecoder.decode(Http2ConnectionHandler.java:245)
	at io.grpc.netty.shaded.io.netty.handler.codec.http2.Http2ConnectionHandler.decode(Http2ConnectionHandler.java:451)
	at io.grpc.netty.shaded.io.netty.handler.codec.ByteToMessageDecoder.decodeRemovalReentryProtection(ByteToMessageDecoder.java:530)
	at io.grpc.netty.shaded.io.netty.handler.codec.ByteToMessageDecoder.callDecode(ByteToMessageDecoder.java:469)
	at io.grpc.netty.shaded.io.netty.handler.codec.ByteToMessageDecoder.channelRead(ByteToMessageDecoder.java:290)
	at io.grpc.netty.shaded.io.netty.channel.AbstractChannelHandlerContext.invokeChannelRead(AbstractChannelHandlerContext.java:444)
	at io.grpc.netty.shaded.io.netty.channel.AbstractChannelHandlerContext.invokeChannelRead(AbstractChannelHandlerContext.java:420)
	at io.grpc.netty.shaded.io.netty.channel.AbstractChannelHandlerContext.fireChannelRead(AbstractChannelHandlerContext.java:412)
	at io.grpc.netty.shaded.io.netty.channel.DefaultChannelPipeline$HeadContext.channelRead(DefaultChannelPipeline.java:1407)
	at io.grpc.netty.shaded.io.netty.channel.AbstractChannelHandlerContext.invokeChannelRead(AbstractChannelHandlerContext.java:440)
	at io.grpc.netty.shaded.io.netty.channel.AbstractChannelHandlerContext.invokeChannelRead(AbstractChannelHandlerContext.java:420)
	at io.grpc.netty.shaded.io.netty.channel.DefaultChannelPipeline.fireChannelRead(DefaultChannelPipeline.java:918)
	at io.grpc.netty.shaded.io.netty.channel.nio.AbstractNioByteChannel$NioByteUnsafe.read(AbstractNioByteChannel.java:166)
	at io.grpc.netty.shaded.io.netty.channel.nio.NioEventLoop.processSelectedKey(NioEventLoop.java:788)
	at io.grpc.netty.shaded.io.netty.channel.nio.NioEventLoop.processSelectedKeysOptimized(NioEventLoop.java:724)
	at io.grpc.netty.shaded.io.netty.channel.nio.NioEventLoop.processSelectedKeys(NioEventLoop.java:650)
	at io.grpc.netty.shaded.io.netty.channel.nio.NioEventLoop.run(NioEventLoop.java:562)
	at io.grpc.netty.shaded.io.netty.util.concurrent.SingleThreadEventExecutor$4.run(SingleThreadEventExecutor.java:994)
	at io.grpc.netty.shaded.io.netty.util.internal.ThreadExecutorMap$2.run(ThreadExecutorMap.java:74)
	at io.grpc.netty.shaded.io.netty.util.concurrent.FastThreadLocalRunnable.run(FastThreadLocalRunnable.java:30)
	at java.base/java.lang.Thread.run(Thread.java:1474)
2026-05-29 11:44:09.142 [grpc-nio-worker-ELG-3-2] INFO  i.g.n.s.i.g.n.N.connections otel_trace_id= otel_span_id= request_id= business_trace_id= tenant_id= document_id= ingestion_job_id= - Transport failed
io.grpc.netty.shaded.io.netty.handler.codec.http2.Http2Exception: HTTP/2 client preface string missing or corrupt. Hex dump for received bytes: 1603010200010001fc03034400f016571e3de513802bfbcb
	at io.grpc.netty.shaded.io.netty.handler.codec.http2.Http2Exception.connectionError(Http2Exception.java:107)
	at io.grpc.netty.shaded.io.netty.handler.codec.http2.Http2ConnectionHandler$PrefaceDecoder.readClientPrefaceString(Http2ConnectionHandler.java:319)
	at io.grpc.netty.shaded.io.netty.handler.codec.http2.Http2ConnectionHandler$PrefaceDecoder.decode(Http2ConnectionHandler.java:245)
	at io.grpc.netty.shaded.io.netty.handler.codec.http2.Http2ConnectionHandler.decode(Http2ConnectionHandler.java:451)
	at io.grpc.netty.shaded.io.netty.handler.codec.ByteToMessageDecoder.decodeRemovalReentryProtection(ByteToMessageDecoder.java:530)
	at io.grpc.netty.shaded.io.netty.handler.codec.ByteToMessageDecoder.callDecode(ByteToMessageDecoder.java:469)
	at io.grpc.netty.shaded.io.netty.handler.codec.ByteToMessageDecoder.channelRead(ByteToMessageDecoder.java:290)
	at io.grpc.netty.shaded.io.netty.channel.AbstractChannelHandlerContext.invokeChannelRead(AbstractChannelHandlerContext.java:444)
	at io.grpc.netty.shaded.io.netty.channel.AbstractChannelHandlerContext.invokeChannelRead(AbstractChannelHandlerContext.java:420)
	at io.grpc.netty.shaded.io.netty.channel.AbstractChannelHandlerContext.fireChannelRead(AbstractChannelHandlerContext.java:412)
	at io.grpc.netty.shaded.io.netty.channel.DefaultChannelPipeline$HeadContext.channelRead(DefaultChannelPipeline.java:1407)
	at io.grpc.netty.shaded.io.netty.channel.AbstractChannelHandlerContext.invokeChannelRead(AbstractChannelHandlerContext.java:440)
	at io.grpc.netty.shaded.io.netty.channel.AbstractChannelHandlerContext.invokeChannelRead(AbstractChannelHandlerContext.java:420)
	at io.grpc.netty.shaded.io.netty.channel.DefaultChannelPipeline.fireChannelRead(DefaultChannelPipeline.java:918)
	at io.grpc.netty.shaded.io.netty.channel.nio.AbstractNioByteChannel$NioByteUnsafe.read(AbstractNioByteChannel.java:166)
	at io.grpc.netty.shaded.io.netty.channel.nio.NioEventLoop.processSelectedKey(NioEventLoop.java:788)
	at io.grpc.netty.shaded.io.netty.channel.nio.NioEventLoop.processSelectedKeysOptimized(NioEventLoop.java:724)
	at io.grpc.netty.shaded.io.netty.channel.nio.NioEventLoop.processSelectedKeys(NioEventLoop.java:650)
	at io.grpc.netty.shaded.io.netty.channel.nio.NioEventLoop.run(NioEventLoop.java:562)
	at io.grpc.netty.shaded.io.netty.util.concurrent.SingleThreadEventExecutor$4.run(SingleThreadEventExecutor.java:994)
	at io.grpc.netty.shaded.io.netty.util.internal.ThreadExecutorMap$2.run(ThreadExecutorMap.java:74)
	at io.grpc.netty.shaded.io.netty.util.concurrent.FastThreadLocalRunnable.run(FastThreadLocalRunnable.java:30)
	at java.base/java.lang.Thread.run(Thread.java:1474)
2026-05-29 11:44:14.031 [grpc-nio-worker-ELG-3-3] INFO  i.g.n.s.i.g.n.N.connections otel_trace_id= otel_span_id= request_id= business_trace_id= tenant_id= document_id= ingestion_job_id= - Transport failed
io.grpc.netty.shaded.io.netty.handler.codec.http2.Http2Exception: HTTP/2 client preface string missing or corrupt. Hex dump for received bytes: 1603010200010001fc03039dacd0823e71d75b3d768b9f81
	at io.grpc.netty.shaded.io.netty.handler.codec.http2.Http2Exception.connectionError(Http2Exception.java:107)
	at io.grpc.netty.shaded.io.netty.handler.codec.http2.Http2ConnectionHandler$PrefaceDecoder.readClientPrefaceString(Http2ConnectionHandler.java:319)
	at io.grpc.netty.shaded.io.netty.handler.codec.http2.Http2ConnectionHandler$PrefaceDecoder.decode(Http2ConnectionHandler.java:245)
	at io.grpc.netty.shaded.io.netty.handler.codec.http2.Http2ConnectionHandler.decode(Http2ConnectionHandler.java:451)
	at io.grpc.netty.shaded.io.netty.handler.codec.ByteToMessageDecoder.decodeRemovalReentryProtection(ByteToMessageDecoder.java:530)
	at io.grpc.netty.shaded.io.netty.handler.codec.ByteToMessageDecoder.callDecode(ByteToMessageDecoder.java:469)
	at io.grpc.netty.shaded.io.netty.handler.codec.ByteToMessageDecoder.channelRead(ByteToMessageDecoder.java:290)
	at io.grpc.netty.shaded.io.netty.channel.AbstractChannelHandlerContext.invokeChannelRead(AbstractChannelHandlerContext.java:444)
	at io.grpc.netty.shaded.io.netty.channel.AbstractChannelHandlerContext.invokeChannelRead(AbstractChannelHandlerContext.java:420)
	at io.grpc.netty.shaded.io.netty.channel.AbstractChannelHandlerContext.fireChannelRead(AbstractChannelHandlerContext.java:412)
	at io.grpc.netty.shaded.io.netty.channel.DefaultChannelPipeline$HeadContext.channelRead(DefaultChannelPipeline.java:1407)
	at io.grpc.netty.shaded.io.netty.channel.AbstractChannelHandlerContext.invokeChannelRead(AbstractChannelHandlerContext.java:440)
	at io.grpc.netty.shaded.io.netty.channel.AbstractChannelHandlerContext.invokeChannelRead(AbstractChannelHandlerContext.java:420)
	at io.grpc.netty.shaded.io.netty.channel.DefaultChannelPipeline.fireChannelRead(DefaultChannelPipeline.java:918)
	at io.grpc.netty.shaded.io.netty.channel.nio.AbstractNioByteChannel$NioByteUnsafe.read(AbstractNioByteChannel.java:166)
	at io.grpc.netty.shaded.io.netty.channel.nio.NioEventLoop.processSelectedKey(NioEventLoop.java:788)
	at io.grpc.netty.shaded.io.netty.channel.nio.NioEventLoop.processSelectedKeysOptimized(NioEventLoop.java:724)
	at io.grpc.netty.shaded.io.netty.channel.nio.NioEventLoop.processSelectedKeys(NioEventLoop.java:650)
	at io.grpc.netty.shaded.io.netty.channel.nio.NioEventLoop.run(NioEventLoop.java:562)
	at io.grpc.netty.shaded.io.netty.util.concurrent.SingleThreadEventExecutor$4.run(SingleThreadEventExecutor.java:994)
	at io.grpc.netty.shaded.io.netty.util.internal.ThreadExecutorMap$2.run(ThreadExecutorMap.java:74)
	at io.grpc.netty.shaded.io.netty.util.concurrent.FastThreadLocalRunnable.run(FastThreadLocalRunnable.java:30)
	at java.base/java.lang.Thread.run(Thread.java:1474)
2026-05-29 11:44:18.483 [grpc-nio-worker-ELG-3-4] INFO  i.g.n.s.i.g.n.N.connections otel_trace_id= otel_span_id= request_id= business_trace_id= tenant_id= document_id= ingestion_job_id= - Transport failed
io.grpc.netty.shaded.io.netty.handler.codec.http2.Http2Exception: HTTP/2 client preface string missing or corrupt. Hex dump for received bytes: 1603010200010001fc03039f536f10c7e5017dca6401f21e
	at io.grpc.netty.shaded.io.netty.handler.codec.http2.Http2Exception.connectionError(Http2Exception.java:107)
	at io.grpc.netty.shaded.io.netty.handler.codec.http2.Http2ConnectionHandler$PrefaceDecoder.readClientPrefaceString(Http2ConnectionHandler.java:319)
	at io.grpc.netty.shaded.io.netty.handler.codec.http2.Http2ConnectionHandler$PrefaceDecoder.decode(Http2ConnectionHandler.java:245)
	at io.grpc.netty.shaded.io.netty.handler.codec.http2.Http2ConnectionHandler.decode(Http2ConnectionHandler.java:451)
	at io.grpc.netty.shaded.io.netty.handler.codec.ByteToMessageDecoder.decodeRemovalReentryProtection(ByteToMessageDecoder.java:530)
	at io.grpc.netty.shaded.io.netty.handler.codec.ByteToMessageDecoder.callDecode(ByteToMessageDecoder.java:469)
	at io.grpc.netty.shaded.io.netty.handler.codec.ByteToMessageDecoder.channelRead(ByteToMessageDecoder.java:290)
	at io.grpc.netty.shaded.io.netty.channel.AbstractChannelHandlerContext.invokeChannelRead(AbstractChannelHandlerContext.java:444)
	at io.grpc.netty.shaded.io.netty.channel.AbstractChannelHandlerContext.invokeChannelRead(AbstractChannelHandlerContext.java:420)
	at io.grpc.netty.shaded.io.netty.channel.AbstractChannelHandlerContext.fireChannelRead(AbstractChannelHandlerContext.java:412)
	at io.grpc.netty.shaded.io.netty.channel.DefaultChannelPipeline$HeadContext.channelRead(DefaultChannelPipeline.java:1407)
	at io.grpc.netty.shaded.io.netty.channel.AbstractChannelHandlerContext.invokeChannelRead(AbstractChannelHandlerContext.java:440)
	at io.grpc.netty.shaded.io.netty.channel.AbstractChannelHandlerContext.invokeChannelRead(AbstractChannelHandlerContext.java:420)
	at io.grpc.netty.shaded.io.netty.channel.DefaultChannelPipeline.fireChannelRead(DefaultChannelPipeline.java:918)
	at io.grpc.netty.shaded.io.netty.channel.nio.AbstractNioByteChannel$NioByteUnsafe.read(AbstractNioByteChannel.java:166)
	at io.grpc.netty.shaded.io.netty.channel.nio.NioEventLoop.processSelectedKey(NioEventLoop.java:788)
	at io.grpc.netty.shaded.io.netty.channel.nio.NioEventLoop.processSelectedKeysOptimized(NioEventLoop.java:724)
	at io.grpc.netty.shaded.io.netty.channel.nio.NioEventLoop.processSelectedKeys(NioEventLoop.java:650)
	at io.grpc.netty.shaded.io.netty.channel.nio.NioEventLoop.run(NioEventLoop.java:562)
	at io.grpc.netty.shaded.io.netty.util.concurrent.SingleThreadEventExecutor$4.run(SingleThreadEventExecutor.java:994)
	at io.grpc.netty.shaded.io.netty.util.internal.ThreadExecutorMap$2.run(ThreadExecutorMap.java:74)
	at io.grpc.netty.shaded.io.netty.util.concurrent.FastThreadLocalRunnable.run(FastThreadLocalRunnable.java:30)
	at java.base/java.lang.Thread.run(Thread.java:1474)
2026-05-29 11:44:28.409 [grpc-nio-worker-ELG-3-5] INFO  i.g.n.s.i.g.n.N.connections otel_trace_id= otel_span_id= request_id= business_trace_id= tenant_id= document_id= ingestion_job_id= - Transport failed
io.grpc.netty.shaded.io.netty.handler.codec.http2.Http2Exception: HTTP/2 client preface string missing or corrupt. Hex dump for received bytes: 1603010200010001fc030392ad10244eae7cadd73ff57380
	at io.grpc.netty.shaded.io.netty.handler.codec.http2.Http2Exception.connectionError(Http2Exception.java:107)
	at io.grpc.netty.shaded.io.netty.handler.codec.http2.Http2ConnectionHandler$PrefaceDecoder.readClientPrefaceString(Http2ConnectionHandler.java:319)
	at io.grpc.netty.shaded.io.netty.handler.codec.http2.Http2ConnectionHandler$PrefaceDecoder.decode(Http2ConnectionHandler.java:245)
	at io.grpc.netty.shaded.io.netty.handler.codec.http2.Http2ConnectionHandler.decode(Http2ConnectionHandler.java:451)
	at io.grpc.netty.shaded.io.netty.handler.codec.ByteToMessageDecoder.decodeRemovalReentryProtection(ByteToMessageDecoder.java:530)
	at io.grpc.netty.shaded.io.netty.handler.codec.ByteToMessageDecoder.callDecode(ByteToMessageDecoder.java:469)
	at io.grpc.netty.shaded.io.netty.handler.codec.ByteToMessageDecoder.channelRead(ByteToMessageDecoder.java:290)
	at io.grpc.netty.shaded.io.netty.channel.AbstractChannelHandlerContext.invokeChannelRead(AbstractChannelHandlerContext.java:444)
	at io.grpc.netty.shaded.io.netty.channel.AbstractChannelHandlerContext.invokeChannelRead(AbstractChannelHandlerContext.java:420)
	at io.grpc.netty.shaded.io.netty.channel.AbstractChannelHandlerContext.fireChannelRead(AbstractChannelHandlerContext.java:412)
	at io.grpc.netty.shaded.io.netty.channel.DefaultChannelPipeline$HeadContext.channelRead(DefaultChannelPipeline.java:1407)
	at io.grpc.netty.shaded.io.netty.channel.AbstractChannelHandlerContext.invokeChannelRead(AbstractChannelHandlerContext.java:440)
	at io.grpc.netty.shaded.io.netty.channel.AbstractChannelHandlerContext.invokeChannelRead(AbstractChannelHandlerContext.java:420)
	at io.grpc.netty.shaded.io.netty.channel.DefaultChannelPipeline.fireChannelRead(DefaultChannelPipeline.java:918)
	at io.grpc.netty.shaded.io.netty.channel.nio.AbstractNioByteChannel$NioByteUnsafe.read(AbstractNioByteChannel.java:166)
	at io.grpc.netty.shaded.io.netty.channel.nio.NioEventLoop.processSelectedKey(NioEventLoop.java:788)
	at io.grpc.netty.shaded.io.netty.channel.nio.NioEventLoop.processSelectedKeysOptimized(NioEventLoop.java:724)
	at io.grpc.netty.shaded.io.netty.channel.nio.NioEventLoop.processSelectedKeys(NioEventLoop.java:650)
	at io.grpc.netty.shaded.io.netty.channel.nio.NioEventLoop.run(NioEventLoop.java:562)
	at io.grpc.netty.shaded.io.netty.util.concurrent.SingleThreadEventExecutor$4.run(SingleThreadEventExecutor.java:994)
	at io.grpc.netty.shaded.io.netty.util.internal.ThreadExecutorMap$2.run(ThreadExecutorMap.java:74)
	at io.grpc.netty.shaded.io.netty.util.concurrent.FastThreadLocalRunnable.run(FastThreadLocalRunnable.java:30)
	at java.base/java.lang.Thread.run(Thread.java:1474)
2026-05-29 11:44:31.611 [grpc-nio-worker-ELG-3-6] INFO  i.g.n.s.i.g.n.N.connections otel_trace_id= otel_span_id= request_id= business_trace_id= tenant_id= document_id= ingestion_job_id= - Transport failed
io.grpc.netty.shaded.io.netty.handler.codec.http2.Http2Exception: HTTP/2 client preface string missing or corrupt. Hex dump for received bytes: 1603010200010001fc03030d913232b0c929fdf45ce1f02f
	at io.grpc.netty.shaded.io.netty.handler.codec.http2.Http2Exception.connectionError(Http2Exception.java:107)
	at io.grpc.netty.shaded.io.netty.handler.codec.http2.Http2ConnectionHandler$PrefaceDecoder.readClientPrefaceString(Http2ConnectionHandler.java:319)
	at io.grpc.netty.shaded.io.netty.handler.codec.http2.Http2ConnectionHandler$PrefaceDecoder.decode(Http2ConnectionHandler.java:245)
	at io.grpc.netty.shaded.io.netty.handler.codec.http2.Http2ConnectionHandler.decode(Http2ConnectionHandler.java:451)
	at io.grpc.netty.shaded.io.netty.handler.codec.ByteToMessageDecoder.decodeRemovalReentryProtection(ByteToMessageDecoder.java:530)
	at io.grpc.netty.shaded.io.netty.handler.codec.ByteToMessageDecoder.callDecode(ByteToMessageDecoder.java:469)
	at io.grpc.netty.shaded.io.netty.handler.codec.ByteToMessageDecoder.channelRead(ByteToMessageDecoder.java:290)
	at io.grpc.netty.shaded.io.netty.channel.AbstractChannelHandlerContext.invokeChannelRead(AbstractChannelHandlerContext.java:444)
	at io.grpc.netty.shaded.io.netty.channel.AbstractChannelHandlerContext.invokeChannelRead(AbstractChannelHandlerContext.java:420)
	at io.grpc.netty.shaded.io.netty.channel.AbstractChannelHandlerContext.fireChannelRead(AbstractChannelHandlerContext.java:412)
	at io.grpc.netty.shaded.io.netty.channel.DefaultChannelPipeline$HeadContext.channelRead(DefaultChannelPipeline.java:1407)
	at io.grpc.netty.shaded.io.netty.channel.AbstractChannelHandlerContext.invokeChannelRead(AbstractChannelHandlerContext.java:440)
	at io.grpc.netty.shaded.io.netty.channel.AbstractChannelHandlerContext.invokeChannelRead(AbstractChannelHandlerContext.java:420)
	at io.grpc.netty.shaded.io.netty.channel.DefaultChannelPipeline.fireChannelRead(DefaultChannelPipeline.java:918)
	at io.grpc.netty.shaded.io.netty.channel.nio.AbstractNioByteChannel$NioByteUnsafe.read(AbstractNioByteChannel.java:166)
	at io.grpc.netty.shaded.io.netty.channel.nio.NioEventLoop.processSelectedKey(NioEventLoop.java:788)
	at io.grpc.netty.shaded.io.netty.channel.nio.NioEventLoop.processSelectedKeysOptimized(NioEventLoop.java:724)
	at io.grpc.netty.shaded.io.netty.channel.nio.NioEventLoop.processSelectedKeys(NioEventLoop.java:650)
	at io.grpc.netty.shaded.io.netty.channel.nio.NioEventLoop.run(NioEventLoop.java:562)
	at io.grpc.netty.shaded.io.netty.util.concurrent.SingleThreadEventExecutor$4.run(SingleThreadEventExecutor.java:994)
	at io.grpc.netty.shaded.io.netty.util.internal.ThreadExecutorMap$2.run(ThreadExecutorMap.java:74)
	at io.grpc.netty.shaded.io.netty.util.concurrent.FastThreadLocalRunnable.run(FastThreadLocalRunnable.java:30)
	at java.base/java.lang.Thread.run(Thread.java:1474)
2026-05-29 11:44:51.371 [grpc-nio-worker-ELG-3-7] INFO  i.g.n.s.i.g.n.N.connections otel_trace_id= otel_span_id= request_id= business_trace_id= tenant_id= document_id= ingestion_job_id= - Transport failed
io.grpc.netty.shaded.io.netty.handler.codec.http2.Http2Exception: HTTP/2 client preface string missing or corrupt. Hex dump for received bytes: 1603010200010001fc03033371541d2786f0bb5a0efa8cf1
	at io.grpc.netty.shaded.io.netty.handler.codec.http2.Http2Exception.connectionError(Http2Exception.java:107)
	at io.grpc.netty.shaded.io.netty.handler.codec.http2.Http2ConnectionHandler$PrefaceDecoder.readClientPrefaceString(Http2ConnectionHandler.java:319)
	at io.grpc.netty.shaded.io.netty.handler.codec.http2.Http2ConnectionHandler$PrefaceDecoder.decode(Http2ConnectionHandler.java:245)
	at io.grpc.netty.shaded.io.netty.handler.codec.http2.Http2ConnectionHandler.decode(Http2ConnectionHandler.java:451)
	at io.grpc.netty.shaded.io.netty.handler.codec.ByteToMessageDecoder.decodeRemovalReentryProtection(ByteToMessageDecoder.java:530)
	at io.grpc.netty.shaded.io.netty.handler.codec.ByteToMessageDecoder.callDecode(ByteToMessageDecoder.java:469)
	at io.grpc.netty.shaded.io.netty.handler.codec.ByteToMessageDecoder.channelRead(ByteToMessageDecoder.java:290)
	at io.grpc.netty.shaded.io.netty.channel.AbstractChannelHandlerContext.invokeChannelRead(AbstractChannelHandlerContext.java:444)
	at io.grpc.netty.shaded.io.netty.channel.AbstractChannelHandlerContext.invokeChannelRead(AbstractChannelHandlerContext.java:420)
	at io.grpc.netty.shaded.io.netty.channel.AbstractChannelHandlerContext.fireChannelRead(AbstractChannelHandlerContext.java:412)
	at io.grpc.netty.shaded.io.netty.channel.DefaultChannelPipeline$HeadContext.channelRead(DefaultChannelPipeline.java:1407)
	at io.grpc.netty.shaded.io.netty.channel.AbstractChannelHandlerContext.invokeChannelRead(AbstractChannelHandlerContext.java:440)
	at io.grpc.netty.shaded.io.netty.channel.AbstractChannelHandlerContext.invokeChannelRead(AbstractChannelHandlerContext.java:420)
	at io.grpc.netty.shaded.io.netty.channel.DefaultChannelPipeline.fireChannelRead(DefaultChannelPipeline.java:918)
	at io.grpc.netty.shaded.io.netty.channel.nio.AbstractNioByteChannel$NioByteUnsafe.read(AbstractNioByteChannel.java:166)
	at io.grpc.netty.shaded.io.netty.channel.nio.NioEventLoop.processSelectedKey(NioEventLoop.java:788)
	at io.grpc.netty.shaded.io.netty.channel.nio.NioEventLoop.processSelectedKeysOptimized(NioEventLoop.java:724)
	at io.grpc.netty.shaded.io.netty.channel.nio.NioEventLoop.processSelectedKeys(NioEventLoop.java:650)
	at io.grpc.netty.shaded.io.netty.channel.nio.NioEventLoop.run(NioEventLoop.java:562)
	at io.grpc.netty.shaded.io.netty.util.concurrent.SingleThreadEventExecutor$4.run(SingleThreadEventExecutor.java:994)
	at io.grpc.netty.shaded.io.netty.util.internal.ThreadExecutorMap$2.run(ThreadExecutorMap.java:74)
	at io.grpc.netty.shaded.io.netty.util.concurrent.FastThreadLocalRunnable.run(FastThreadLocalRunnable.java:30)
	at java.base/java.lang.Thread.run(Thread.java:1474)
2026-05-29 11:44:52.855 [grpc-nio-worker-ELG-3-8] INFO  i.g.n.s.i.g.n.N.connections otel_trace_id= otel_span_id= request_id= business_trace_id= tenant_id= document_id= ingestion_job_id= - Transport failed
io.grpc.netty.shaded.io.netty.handler.codec.http2.Http2Exception: HTTP/2 client preface string missing or corrupt. Hex dump for received bytes: 1603010200010001fc03035f94ffdc3816d9cd5758001cf0
	at io.grpc.netty.shaded.io.netty.handler.codec.http2.Http2Exception.connectionError(Http2Exception.java:107)
	at io.grpc.netty.shaded.io.netty.handler.codec.http2.Http2ConnectionHandler$PrefaceDecoder.readClientPrefaceString(Http2ConnectionHandler.java:319)
	at io.grpc.netty.shaded.io.netty.handler.codec.http2.Http2ConnectionHandler$PrefaceDecoder.decode(Http2ConnectionHandler.java:245)
	at io.grpc.netty.shaded.io.netty.handler.codec.http2.Http2ConnectionHandler.decode(Http2ConnectionHandler.java:451)
	at io.grpc.netty.shaded.io.netty.handler.codec.ByteToMessageDecoder.decodeRemovalReentryProtection(ByteToMessageDecoder.java:530)
	at io.grpc.netty.shaded.io.netty.handler.codec.ByteToMessageDecoder.callDecode(ByteToMessageDecoder.java:469)
	at io.grpc.netty.shaded.io.netty.handler.codec.ByteToMessageDecoder.channelRead(ByteToMessageDecoder.java:290)
	at io.grpc.netty.shaded.io.netty.channel.AbstractChannelHandlerContext.invokeChannelRead(AbstractChannelHandlerContext.java:444)
	at io.grpc.netty.shaded.io.netty.channel.AbstractChannelHandlerContext.invokeChannelRead(AbstractChannelHandlerContext.java:420)
	at io.grpc.netty.shaded.io.netty.channel.AbstractChannelHandlerContext.fireChannelRead(AbstractChannelHandlerContext.java:412)
	at io.grpc.netty.shaded.io.netty.channel.DefaultChannelPipeline$HeadContext.channelRead(DefaultChannelPipeline.java:1407)
	at io.grpc.netty.shaded.io.netty.channel.AbstractChannelHandlerContext.invokeChannelRead(AbstractChannelHandlerContext.java:440)
	at io.grpc.netty.shaded.io.netty.channel.AbstractChannelHandlerContext.invokeChannelRead(AbstractChannelHandlerContext.java:420)
	at io.grpc.netty.shaded.io.netty.channel.DefaultChannelPipeline.fireChannelRead(DefaultChannelPipeline.java:918)
	at io.grpc.netty.shaded.io.netty.channel.nio.AbstractNioByteChannel$NioByteUnsafe.read(AbstractNioByteChannel.java:166)
	at io.grpc.netty.shaded.io.netty.channel.nio.NioEventLoop.processSelectedKey(NioEventLoop.java:788)
	at io.grpc.netty.shaded.io.netty.channel.nio.NioEventLoop.processSelectedKeysOptimized(NioEventLoop.java:724)
	at io.grpc.netty.shaded.io.netty.channel.nio.NioEventLoop.processSelectedKeys(NioEventLoop.java:650)
	at io.grpc.netty.shaded.io.netty.channel.nio.NioEventLoop.run(NioEventLoop.java:562)
	at io.grpc.netty.shaded.io.netty.util.concurrent.SingleThreadEventExecutor$4.run(SingleThreadEventExecutor.java:994)
	at io.grpc.netty.shaded.io.netty.util.internal.ThreadExecutorMap$2.run(ThreadExecutorMap.java:74)
	at io.grpc.netty.shaded.io.netty.util.concurrent.FastThreadLocalRunnable.run(FastThreadLocalRunnable.java:30)
	at java.base/java.lang.Thread.run(Thread.java:1474)
2026-05-29 11:45:24.725 [grpc-nio-worker-ELG-3-9] INFO  i.g.n.s.i.g.n.N.connections otel_trace_id= otel_span_id= request_id= business_trace_id= tenant_id= document_id= ingestion_job_id= - Transport failed
io.grpc.netty.shaded.io.netty.handler.codec.http2.Http2Exception: HTTP/2 client preface string missing or corrupt. Hex dump for received bytes: 1603010200010001fc0303da7b584af77eff7d14bfe7be56
	at io.grpc.netty.shaded.io.netty.handler.codec.http2.Http2Exception.connectionError(Http2Exception.java:107)
	at io.grpc.netty.shaded.io.netty.handler.codec.http2.Http2ConnectionHandler$PrefaceDecoder.readClientPrefaceString(Http2ConnectionHandler.java:319)
	at io.grpc.netty.shaded.io.netty.handler.codec.http2.Http2ConnectionHandler$PrefaceDecoder.decode(Http2ConnectionHandler.java:245)
	at io.grpc.netty.shaded.io.netty.handler.codec.http2.Http2ConnectionHandler.decode(Http2ConnectionHandler.java:451)
	at io.grpc.netty.shaded.io.netty.handler.codec.ByteToMessageDecoder.decodeRemovalReentryProtection(ByteToMessageDecoder.java:530)
	at io.grpc.netty.shaded.io.netty.handler.codec.ByteToMessageDecoder.callDecode(ByteToMessageDecoder.java:469)
	at io.grpc.netty.shaded.io.netty.handler.codec.ByteToMessageDecoder.channelRead(ByteToMessageDecoder.java:290)
	at io.grpc.netty.shaded.io.netty.channel.AbstractChannelHandlerContext.invokeChannelRead(AbstractChannelHandlerContext.java:444)
	at io.grpc.netty.shaded.io.netty.channel.AbstractChannelHandlerContext.invokeChannelRead(AbstractChannelHandlerContext.java:420)
	at io.grpc.netty.shaded.io.netty.channel.AbstractChannelHandlerContext.fireChannelRead(AbstractChannelHandlerContext.java:412)
	at io.grpc.netty.shaded.io.netty.channel.DefaultChannelPipeline$HeadContext.channelRead(DefaultChannelPipeline.java:1407)
	at io.grpc.netty.shaded.io.netty.channel.AbstractChannelHandlerContext.invokeChannelRead(AbstractChannelHandlerContext.java:440)
	at io.grpc.netty.shaded.io.netty.channel.AbstractChannelHandlerContext.invokeChannelRead(AbstractChannelHandlerContext.java:420)
	at io.grpc.netty.shaded.io.netty.channel.DefaultChannelPipeline.fireChannelRead(DefaultChannelPipeline.java:918)
	at io.grpc.netty.shaded.io.netty.channel.nio.AbstractNioByteChannel$NioByteUnsafe.read(AbstractNioByteChannel.java:166)
	at io.grpc.netty.shaded.io.netty.channel.nio.NioEventLoop.processSelectedKey(NioEventLoop.java:788)
	at io.grpc.netty.shaded.io.netty.channel.nio.NioEventLoop.processSelectedKeysOptimized(NioEventLoop.java:724)
	at io.grpc.netty.shaded.io.netty.channel.nio.NioEventLoop.processSelectedKeys(NioEventLoop.java:650)
	at io.grpc.netty.shaded.io.netty.channel.nio.NioEventLoop.run(NioEventLoop.java:562)
	at io.grpc.netty.shaded.io.netty.util.concurrent.SingleThreadEventExecutor$4.run(SingleThreadEventExecutor.java:994)
	at io.grpc.netty.shaded.io.netty.util.internal.ThreadExecutorMap$2.run(ThreadExecutorMap.java:74)
	at io.grpc.netty.shaded.io.netty.util.concurrent.FastThreadLocalRunnable.run(FastThreadLocalRunnable.java:30)
	at java.base/java.lang.Thread.run(Thread.java:1474)
2026-05-29 11:45:30.366 [grpc-nio-worker-ELG-3-10] INFO  i.g.n.s.i.g.n.N.connections otel_trace_id= otel_span_id= request_id= business_trace_id= tenant_id= document_id= ingestion_job_id= - Transport failed
io.grpc.netty.shaded.io.netty.handler.codec.http2.Http2Exception: HTTP/2 client preface string missing or corrupt. Hex dump for received bytes: 1603010200010001fc0303d3ab226aae79dc399212a0dd8d
	at io.grpc.netty.shaded.io.netty.handler.codec.http2.Http2Exception.connectionError(Http2Exception.java:107)
	at io.grpc.netty.shaded.io.netty.handler.codec.http2.Http2ConnectionHandler$PrefaceDecoder.readClientPrefaceString(Http2ConnectionHandler.java:319)
	at io.grpc.netty.shaded.io.netty.handler.codec.http2.Http2ConnectionHandler$PrefaceDecoder.decode(Http2ConnectionHandler.java:245)
	at io.grpc.netty.shaded.io.netty.handler.codec.http2.Http2ConnectionHandler.decode(Http2ConnectionHandler.java:451)
	at io.grpc.netty.shaded.io.netty.handler.codec.ByteToMessageDecoder.decodeRemovalReentryProtection(ByteToMessageDecoder.java:530)
	at io.grpc.netty.shaded.io.netty.handler.codec.ByteToMessageDecoder.callDecode(ByteToMessageDecoder.java:469)
	at io.grpc.netty.shaded.io.netty.handler.codec.ByteToMessageDecoder.channelRead(ByteToMessageDecoder.java:290)
	at io.grpc.netty.shaded.io.netty.channel.AbstractChannelHandlerContext.invokeChannelRead(AbstractChannelHandlerContext.java:444)
	at io.grpc.netty.shaded.io.netty.channel.AbstractChannelHandlerContext.invokeChannelRead(AbstractChannelHandlerContext.java:420)
	at io.grpc.netty.shaded.io.netty.channel.AbstractChannelHandlerContext.fireChannelRead(AbstractChannelHandlerContext.java:412)
	at io.grpc.netty.shaded.io.netty.channel.DefaultChannelPipeline$HeadContext.channelRead(DefaultChannelPipeline.java:1407)
	at io.grpc.netty.shaded.io.netty.channel.AbstractChannelHandlerContext.invokeChannelRead(AbstractChannelHandlerContext.java:440)
	at io.grpc.netty.shaded.io.netty.channel.AbstractChannelHandlerContext.invokeChannelRead(AbstractChannelHandlerContext.java:420)
	at io.grpc.netty.shaded.io.netty.channel.DefaultChannelPipeline.fireChannelRead(DefaultChannelPipeline.java:918)
	at io.grpc.netty.shaded.io.netty.channel.nio.AbstractNioByteChannel$NioByteUnsafe.read(AbstractNioByteChannel.java:166)
	at io.grpc.netty.shaded.io.netty.channel.nio.NioEventLoop.processSelectedKey(NioEventLoop.java:788)
	at io.grpc.netty.shaded.io.netty.channel.nio.NioEventLoop.processSelectedKeysOptimized(NioEventLoop.java:724)
	at io.grpc.netty.shaded.io.netty.channel.nio.NioEventLoop.processSelectedKeys(NioEventLoop.java:650)
	at io.grpc.netty.shaded.io.netty.channel.nio.NioEventLoop.run(NioEventLoop.java:562)
	at io.grpc.netty.shaded.io.netty.util.concurrent.SingleThreadEventExecutor$4.run(SingleThreadEventExecutor.java:994)
	at io.grpc.netty.shaded.io.netty.util.internal.ThreadExecutorMap$2.run(ThreadExecutorMap.java:74)
	at io.grpc.netty.shaded.io.netty.util.concurrent.FastThreadLocalRunnable.run(FastThreadLocalRunnable.java:30)
	at java.base/java.lang.Thread.run(Thread.java:1474)
2026-05-29 11:46:10.773 [grpc-nio-worker-ELG-3-11] INFO  i.g.n.s.i.g.n.N.connections otel_trace_id= otel_span_id= request_id= business_trace_id= tenant_id= document_id= ingestion_job_id= - Transport failed
io.grpc.netty.shaded.io.netty.handler.codec.http2.Http2Exception: HTTP/2 client preface string missing or corrupt. Hex dump for received bytes: 1603010200010001fc0303a2db7ffc560b0377378729400f
	at io.grpc.netty.shaded.io.netty.handler.codec.http2.Http2Exception.connectionError(Http2Exception.java:107)
	at io.grpc.netty.shaded.io.netty.handler.codec.http2.Http2ConnectionHandler$PrefaceDecoder.readClientPrefaceString(Http2ConnectionHandler.java:319)
	at io.grpc.netty.shaded.io.netty.handler.codec.http2.Http2ConnectionHandler$PrefaceDecoder.decode(Http2ConnectionHandler.java:245)
	at io.grpc.netty.shaded.io.netty.handler.codec.http2.Http2ConnectionHandler.decode(Http2ConnectionHandler.java:451)
	at io.grpc.netty.shaded.io.netty.handler.codec.ByteToMessageDecoder.decodeRemovalReentryProtection(ByteToMessageDecoder.java:530)
	at io.grpc.netty.shaded.io.netty.handler.codec.ByteToMessageDecoder.callDecode(ByteToMessageDecoder.java:469)
	at io.grpc.netty.shaded.io.netty.handler.codec.ByteToMessageDecoder.channelRead(ByteToMessageDecoder.java:290)
	at io.grpc.netty.shaded.io.netty.channel.AbstractChannelHandlerContext.invokeChannelRead(AbstractChannelHandlerContext.java:444)
	at io.grpc.netty.shaded.io.netty.channel.AbstractChannelHandlerContext.invokeChannelRead(AbstractChannelHandlerContext.java:420)
	at io.grpc.netty.shaded.io.netty.channel.AbstractChannelHandlerContext.fireChannelRead(AbstractChannelHandlerContext.java:412)
	at io.grpc.netty.shaded.io.netty.channel.DefaultChannelPipeline$HeadContext.channelRead(DefaultChannelPipeline.java:1407)
	at io.grpc.netty.shaded.io.netty.channel.AbstractChannelHandlerContext.invokeChannelRead(AbstractChannelHandlerContext.java:440)
	at io.grpc.netty.shaded.io.netty.channel.AbstractChannelHandlerContext.invokeChannelRead(AbstractChannelHandlerContext.java:420)
	at io.grpc.netty.shaded.io.netty.channel.DefaultChannelPipeline.fireChannelRead(DefaultChannelPipeline.java:918)
	at io.grpc.netty.shaded.io.netty.channel.nio.AbstractNioByteChannel$NioByteUnsafe.read(AbstractNioByteChannel.java:166)
	at io.grpc.netty.shaded.io.netty.channel.nio.NioEventLoop.processSelectedKey(NioEventLoop.java:788)
	at io.grpc.netty.shaded.io.netty.channel.nio.NioEventLoop.processSelectedKeysOptimized(NioEventLoop.java:724)
	at io.grpc.netty.shaded.io.netty.channel.nio.NioEventLoop.processSelectedKeys(NioEventLoop.java:650)
	at io.grpc.netty.shaded.io.netty.channel.nio.NioEventLoop.run(NioEventLoop.java:562)
	at io.grpc.netty.shaded.io.netty.util.concurrent.SingleThreadEventExecutor$4.run(SingleThreadEventExecutor.java:994)
	at io.grpc.netty.shaded.io.netty.util.internal.ThreadExecutorMap$2.run(ThreadExecutorMap.java:74)
	at io.grpc.netty.shaded.io.netty.util.concurrent.FastThreadLocalRunnable.run(FastThreadLocalRunnable.java:30)
	at java.base/java.lang.Thread.run(Thread.java:1474)
2026-05-29 11:46:26.805 [grpc-nio-worker-ELG-3-12] INFO  i.g.n.s.i.g.n.N.connections otel_trace_id= otel_span_id= request_id= business_trace_id= tenant_id= document_id= ingestion_job_id= - Transport failed
io.grpc.netty.shaded.io.netty.handler.codec.http2.Http2Exception: HTTP/2 client preface string missing or corrupt. Hex dump for received bytes: 1603010200010001fc03033f1a628c54c674fe340795eb17
	at io.grpc.netty.shaded.io.netty.handler.codec.http2.Http2Exception.connectionError(Http2Exception.java:107)
	at io.grpc.netty.shaded.io.netty.handler.codec.http2.Http2ConnectionHandler$PrefaceDecoder.readClientPrefaceString(Http2ConnectionHandler.java:319)
	at io.grpc.netty.shaded.io.netty.handler.codec.http2.Http2ConnectionHandler$PrefaceDecoder.decode(Http2ConnectionHandler.java:245)
	at io.grpc.netty.shaded.io.netty.handler.codec.http2.Http2ConnectionHandler.decode(Http2ConnectionHandler.java:451)
	at io.grpc.netty.shaded.io.netty.handler.codec.ByteToMessageDecoder.decodeRemovalReentryProtection(ByteToMessageDecoder.java:530)
	at io.grpc.netty.shaded.io.netty.handler.codec.ByteToMessageDecoder.callDecode(ByteToMessageDecoder.java:469)
	at io.grpc.netty.shaded.io.netty.handler.codec.ByteToMessageDecoder.channelRead(ByteToMessageDecoder.java:290)
	at io.grpc.netty.shaded.io.netty.channel.AbstractChannelHandlerContext.invokeChannelRead(AbstractChannelHandlerContext.java:444)
	at io.grpc.netty.shaded.io.netty.channel.AbstractChannelHandlerContext.invokeChannelRead(AbstractChannelHandlerContext.java:420)
	at io.grpc.netty.shaded.io.netty.channel.AbstractChannelHandlerContext.fireChannelRead(AbstractChannelHandlerContext.java:412)
	at io.grpc.netty.shaded.io.netty.channel.DefaultChannelPipeline$HeadContext.channelRead(DefaultChannelPipeline.java:1407)
	at io.grpc.netty.shaded.io.netty.channel.AbstractChannelHandlerContext.invokeChannelRead(AbstractChannelHandlerContext.java:440)
	at io.grpc.netty.shaded.io.netty.channel.AbstractChannelHandlerContext.invokeChannelRead(AbstractChannelHandlerContext.java:420)
	at io.grpc.netty.shaded.io.netty.channel.DefaultChannelPipeline.fireChannelRead(DefaultChannelPipeline.java:918)
	at io.grpc.netty.shaded.io.netty.channel.nio.AbstractNioByteChannel$NioByteUnsafe.read(AbstractNioByteChannel.java:166)
	at io.grpc.netty.shaded.io.netty.channel.nio.NioEventLoop.processSelectedKey(NioEventLoop.java:788)
	at io.grpc.netty.shaded.io.netty.channel.nio.NioEventLoop.processSelectedKeysOptimized(NioEventLoop.java:724)
	at io.grpc.netty.shaded.io.netty.channel.nio.NioEventLoop.processSelectedKeys(NioEventLoop.java:650)
	at io.grpc.netty.shaded.io.netty.channel.nio.NioEventLoop.run(NioEventLoop.java:562)
	at io.grpc.netty.shaded.io.netty.util.concurrent.SingleThreadEventExecutor$4.run(SingleThreadEventExecutor.java:994)
	at io.grpc.netty.shaded.io.netty.util.internal.ThreadExecutorMap$2.run(ThreadExecutorMap.java:74)
	at io.grpc.netty.shaded.io.netty.util.concurrent.FastThreadLocalRunnable.run(FastThreadLocalRunnable.java:30)
	at java.base/java.lang.Thread.run(Thread.java:1474)
2026-05-29 11:47:25.147 [grpc-nio-worker-ELG-3-1] INFO  i.g.n.s.i.g.n.N.connections otel_trace_id= otel_span_id= request_id= business_trace_id= tenant_id= document_id= ingestion_job_id= - Transport failed
io.grpc.netty.shaded.io.netty.handler.codec.http2.Http2Exception: HTTP/2 client preface string missing or corrupt. Hex dump for received bytes: 1603010200010001fc0303225b51c2732203d5029c561308
	at io.grpc.netty.shaded.io.netty.handler.codec.http2.Http2Exception.connectionError(Http2Exception.java:107)
	at io.grpc.netty.shaded.io.netty.handler.codec.http2.Http2ConnectionHandler$PrefaceDecoder.readClientPrefaceString(Http2ConnectionHandler.java:319)
	at io.grpc.netty.shaded.io.netty.handler.codec.http2.Http2ConnectionHandler$PrefaceDecoder.decode(Http2ConnectionHandler.java:245)
	at io.grpc.netty.shaded.io.netty.handler.codec.http2.Http2ConnectionHandler.decode(Http2ConnectionHandler.java:451)
	at io.grpc.netty.shaded.io.netty.handler.codec.ByteToMessageDecoder.decodeRemovalReentryProtection(ByteToMessageDecoder.java:530)
	at io.grpc.netty.shaded.io.netty.handler.codec.ByteToMessageDecoder.callDecode(ByteToMessageDecoder.java:469)
	at io.grpc.netty.shaded.io.netty.handler.codec.ByteToMessageDecoder.channelRead(ByteToMessageDecoder.java:290)
	at io.grpc.netty.shaded.io.netty.channel.AbstractChannelHandlerContext.invokeChannelRead(AbstractChannelHandlerContext.java:444)
	at io.grpc.netty.shaded.io.netty.channel.AbstractChannelHandlerContext.invokeChannelRead(AbstractChannelHandlerContext.java:420)
	at io.grpc.netty.shaded.io.netty.channel.AbstractChannelHandlerContext.fireChannelRead(AbstractChannelHandlerContext.java:412)
	at io.grpc.netty.shaded.io.netty.channel.DefaultChannelPipeline$HeadContext.channelRead(DefaultChannelPipeline.java:1407)
	at io.grpc.netty.shaded.io.netty.channel.AbstractChannelHandlerContext.invokeChannelRead(AbstractChannelHandlerContext.java:440)
	at io.grpc.netty.shaded.io.netty.channel.AbstractChannelHandlerContext.invokeChannelRead(AbstractChannelHandlerContext.java:420)
	at io.grpc.netty.shaded.io.netty.channel.DefaultChannelPipeline.fireChannelRead(DefaultChannelPipeline.java:918)
	at io.grpc.netty.shaded.io.netty.channel.nio.AbstractNioByteChannel$NioByteUnsafe.read(AbstractNioByteChannel.java:166)
	at io.grpc.netty.shaded.io.netty.channel.nio.NioEventLoop.processSelectedKey(NioEventLoop.java:788)
	at io.grpc.netty.shaded.io.netty.channel.nio.NioEventLoop.processSelectedKeysOptimized(NioEventLoop.java:724)
	at io.grpc.netty.shaded.io.netty.channel.nio.NioEventLoop.processSelectedKeys(NioEventLoop.java:650)
	at io.grpc.netty.shaded.io.netty.channel.nio.NioEventLoop.run(NioEventLoop.java:562)
	at io.grpc.netty.shaded.io.netty.util.concurrent.SingleThreadEventExecutor$4.run(SingleThreadEventExecutor.java:994)
	at io.grpc.netty.shaded.io.netty.util.internal.ThreadExecutorMap$2.run(ThreadExecutorMap.java:74)
	at io.grpc.netty.shaded.io.netty.util.concurrent.FastThreadLocalRunnable.run(FastThreadLocalRunnable.java:30)
	at java.base/java.lang.Thread.run(Thread.java:1474)
2026-05-29 11:48:05.942 [grpc-nio-worker-ELG-3-2] INFO  i.g.n.s.i.g.n.N.connections otel_trace_id= otel_span_id= request_id= business_trace_id= tenant_id= document_id= ingestion_job_id= - Transport failed
io.grpc.netty.shaded.io.netty.handler.codec.http2.Http2Exception: HTTP/2 client preface string missing or corrupt. Hex dump for received bytes: 1603010200010001fc0303fb706e646b69c1db7daa474c76
	at io.grpc.netty.shaded.io.netty.handler.codec.http2.Http2Exception.connectionError(Http2Exception.java:107)
	at io.grpc.netty.shaded.io.netty.handler.codec.http2.Http2ConnectionHandler$PrefaceDecoder.readClientPrefaceString(Http2ConnectionHandler.java:319)
	at io.grpc.netty.shaded.io.netty.handler.codec.http2.Http2ConnectionHandler$PrefaceDecoder.decode(Http2ConnectionHandler.java:245)
	at io.grpc.netty.shaded.io.netty.handler.codec.http2.Http2ConnectionHandler.decode(Http2ConnectionHandler.java:451)
	at io.grpc.netty.shaded.io.netty.handler.codec.ByteToMessageDecoder.decodeRemovalReentryProtection(ByteToMessageDecoder.java:530)
	at io.grpc.netty.shaded.io.netty.handler.codec.ByteToMessageDecoder.callDecode(ByteToMessageDecoder.java:469)
	at io.grpc.netty.shaded.io.netty.handler.codec.ByteToMessageDecoder.channelRead(ByteToMessageDecoder.java:290)
	at io.grpc.netty.shaded.io.netty.channel.AbstractChannelHandlerContext.invokeChannelRead(AbstractChannelHandlerContext.java:444)
	at io.grpc.netty.shaded.io.netty.channel.AbstractChannelHandlerContext.invokeChannelRead(AbstractChannelHandlerContext.java:420)
	at io.grpc.netty.shaded.io.netty.channel.AbstractChannelHandlerContext.fireChannelRead(AbstractChannelHandlerContext.java:412)
	at io.grpc.netty.shaded.io.netty.channel.DefaultChannelPipeline$HeadContext.channelRead(DefaultChannelPipeline.java:1407)
	at io.grpc.netty.shaded.io.netty.channel.AbstractChannelHandlerContext.invokeChannelRead(AbstractChannelHandlerContext.java:440)
	at io.grpc.netty.shaded.io.netty.channel.AbstractChannelHandlerContext.invokeChannelRead(AbstractChannelHandlerContext.java:420)
	at io.grpc.netty.shaded.io.netty.channel.DefaultChannelPipeline.fireChannelRead(DefaultChannelPipeline.java:918)
	at io.grpc.netty.shaded.io.netty.channel.nio.AbstractNioByteChannel$NioByteUnsafe.read(AbstractNioByteChannel.java:166)
	at io.grpc.netty.shaded.io.netty.channel.nio.NioEventLoop.processSelectedKey(NioEventLoop.java:788)
	at io.grpc.netty.shaded.io.netty.channel.nio.NioEventLoop.processSelectedKeysOptimized(NioEventLoop.java:724)
	at io.grpc.netty.shaded.io.netty.channel.nio.NioEventLoop.processSelectedKeys(NioEventLoop.java:650)
	at io.grpc.netty.shaded.io.netty.channel.nio.NioEventLoop.run(NioEventLoop.java:562)
	at io.grpc.netty.shaded.io.netty.util.concurrent.SingleThreadEventExecutor$4.run(SingleThreadEventExecutor.java:994)
	at io.grpc.netty.shaded.io.netty.util.internal.ThreadExecutorMap$2.run(ThreadExecutorMap.java:74)
	at io.grpc.netty.shaded.io.netty.util.concurrent.FastThreadLocalRunnable.run(FastThreadLocalRunnable.java:30)
	at java.base/java.lang.Thread.run(Thread.java:1474)
2026-05-29 11:49:27.072 [grpc-nio-worker-ELG-3-3] INFO  i.g.n.s.i.g.n.N.connections otel_trace_id= otel_span_id= request_id= business_trace_id= tenant_id= document_id= ingestion_job_id= - Transport failed
io.grpc.netty.shaded.io.netty.handler.codec.http2.Http2Exception: HTTP/2 client preface string missing or corrupt. Hex dump for received bytes: 1603010200010001fc03033e7ea07dcc8a95e63adabac997
	at io.grpc.netty.shaded.io.netty.handler.codec.http2.Http2Exception.connectionError(Http2Exception.java:107)
	at io.grpc.netty.shaded.io.netty.handler.codec.http2.Http2ConnectionHandler$PrefaceDecoder.readClientPrefaceString(Http2ConnectionHandler.java:319)
	at io.grpc.netty.shaded.io.netty.handler.codec.http2.Http2ConnectionHandler$PrefaceDecoder.decode(Http2ConnectionHandler.java:245)
	at io.grpc.netty.shaded.io.netty.handler.codec.http2.Http2ConnectionHandler.decode(Http2ConnectionHandler.java:451)
	at io.grpc.netty.shaded.io.netty.handler.codec.ByteToMessageDecoder.decodeRemovalReentryProtection(ByteToMessageDecoder.java:530)
	at io.grpc.netty.shaded.io.netty.handler.codec.ByteToMessageDecoder.callDecode(ByteToMessageDecoder.java:469)
	at io.grpc.netty.shaded.io.netty.handler.codec.ByteToMessageDecoder.channelRead(ByteToMessageDecoder.java:290)
	at io.grpc.netty.shaded.io.netty.channel.AbstractChannelHandlerContext.invokeChannelRead(AbstractChannelHandlerContext.java:444)
	at io.grpc.netty.shaded.io.netty.channel.AbstractChannelHandlerContext.invokeChannelRead(AbstractChannelHandlerContext.java:420)
	at io.grpc.netty.shaded.io.netty.channel.AbstractChannelHandlerContext.fireChannelRead(AbstractChannelHandlerContext.java:412)
	at io.grpc.netty.shaded.io.netty.channel.DefaultChannelPipeline$HeadContext.channelRead(DefaultChannelPipeline.java:1407)
	at io.grpc.netty.shaded.io.netty.channel.AbstractChannelHandlerContext.invokeChannelRead(AbstractChannelHandlerContext.java:440)
	at io.grpc.netty.shaded.io.netty.channel.AbstractChannelHandlerContext.invokeChannelRead(AbstractChannelHandlerContext.java:420)
	at io.grpc.netty.shaded.io.netty.channel.DefaultChannelPipeline.fireChannelRead(DefaultChannelPipeline.java:918)
	at io.grpc.netty.shaded.io.netty.channel.nio.AbstractNioByteChannel$NioByteUnsafe.read(AbstractNioByteChannel.java:166)
	at io.grpc.netty.shaded.io.netty.channel.nio.NioEventLoop.processSelectedKey(NioEventLoop.java:788)
	at io.grpc.netty.shaded.io.netty.channel.nio.NioEventLoop.processSelectedKeysOptimized(NioEventLoop.java:724)
	at io.grpc.netty.shaded.io.netty.channel.nio.NioEventLoop.processSelectedKeys(NioEventLoop.java:650)
	at io.grpc.netty.shaded.io.netty.channel.nio.NioEventLoop.run(NioEventLoop.java:562)
	at io.grpc.netty.shaded.io.netty.util.concurrent.SingleThreadEventExecutor$4.run(SingleThreadEventExecutor.java:994)
	at io.grpc.netty.shaded.io.netty.util.internal.ThreadExecutorMap$2.run(ThreadExecutorMap.java:74)
	at io.grpc.netty.shaded.io.netty.util.concurrent.FastThreadLocalRunnable.run(FastThreadLocalRunnable.java:30)
	at java.base/java.lang.Thread.run(Thread.java:1474)
2026-05-29 11:50:12.350 [grpc-nio-worker-ELG-3-4] INFO  i.g.n.s.i.g.n.N.connections otel_trace_id= otel_span_id= request_id= business_trace_id= tenant_id= document_id= ingestion_job_id= - Transport failed
io.grpc.netty.shaded.io.netty.handler.codec.http2.Http2Exception: HTTP/2 client preface string missing or corrupt. Hex dump for received bytes: 1603010200010001fc03031dc6642064208be3dd1f665d1e
	at io.grpc.netty.shaded.io.netty.handler.codec.http2.Http2Exception.connectionError(Http2Exception.java:107)
	at io.grpc.netty.shaded.io.netty.handler.codec.http2.Http2ConnectionHandler$PrefaceDecoder.readClientPrefaceString(Http2ConnectionHandler.java:319)
	at io.grpc.netty.shaded.io.netty.handler.codec.http2.Http2ConnectionHandler$PrefaceDecoder.decode(Http2ConnectionHandler.java:245)
	at io.grpc.netty.shaded.io.netty.handler.codec.http2.Http2ConnectionHandler.decode(Http2ConnectionHandler.java:451)
	at io.grpc.netty.shaded.io.netty.handler.codec.ByteToMessageDecoder.decodeRemovalReentryProtection(ByteToMessageDecoder.java:530)
	at io.grpc.netty.shaded.io.netty.handler.codec.ByteToMessageDecoder.callDecode(ByteToMessageDecoder.java:469)
	at io.grpc.netty.shaded.io.netty.handler.codec.ByteToMessageDecoder.channelRead(ByteToMessageDecoder.java:290)
	at io.grpc.netty.shaded.io.netty.channel.AbstractChannelHandlerContext.invokeChannelRead(AbstractChannelHandlerContext.java:444)
	at io.grpc.netty.shaded.io.netty.channel.AbstractChannelHandlerContext.invokeChannelRead(AbstractChannelHandlerContext.java:420)
	at io.grpc.netty.shaded.io.netty.channel.AbstractChannelHandlerContext.fireChannelRead(AbstractChannelHandlerContext.java:412)
	at io.grpc.netty.shaded.io.netty.channel.DefaultChannelPipeline$HeadContext.channelRead(DefaultChannelPipeline.java:1407)
	at io.grpc.netty.shaded.io.netty.channel.AbstractChannelHandlerContext.invokeChannelRead(AbstractChannelHandlerContext.java:440)
	at io.grpc.netty.shaded.io.netty.channel.AbstractChannelHandlerContext.invokeChannelRead(AbstractChannelHandlerContext.java:420)
	at io.grpc.netty.shaded.io.netty.channel.DefaultChannelPipeline.fireChannelRead(DefaultChannelPipeline.java:918)
	at io.grpc.netty.shaded.io.netty.channel.nio.AbstractNioByteChannel$NioByteUnsafe.read(AbstractNioByteChannel.java:166)
	at io.grpc.netty.shaded.io.netty.channel.nio.NioEventLoop.processSelectedKey(NioEventLoop.java:788)
	at io.grpc.netty.shaded.io.netty.channel.nio.NioEventLoop.processSelectedKeysOptimized(NioEventLoop.java:724)
	at io.grpc.netty.shaded.io.netty.channel.nio.NioEventLoop.processSelectedKeys(NioEventLoop.java:650)
	at io.grpc.netty.shaded.io.netty.channel.nio.NioEventLoop.run(NioEventLoop.java:562)
	at io.grpc.netty.shaded.io.netty.util.concurrent.SingleThreadEventExecutor$4.run(SingleThreadEventExecutor.java:994)
	at io.grpc.netty.shaded.io.netty.util.internal.ThreadExecutorMap$2.run(ThreadExecutorMap.java:74)
	at io.grpc.netty.shaded.io.netty.util.concurrent.FastThreadLocalRunnable.run(FastThreadLocalRunnable.java:30)
	at java.base/java.lang.Thread.run(Thread.java:1474)
2026-05-29 11:51:09.535 [grpc-nio-worker-ELG-3-5] INFO  i.g.n.s.i.g.n.N.connections otel_trace_id= otel_span_id= request_id= business_trace_id= tenant_id= document_id= ingestion_job_id= - Transport failed
io.grpc.netty.shaded.io.netty.handler.codec.http2.Http2Exception: HTTP/2 client preface string missing or corrupt. Hex dump for received bytes: 1603010200010001fc03032318b6780cc9af21640a1defb9
	at io.grpc.netty.shaded.io.netty.handler.codec.http2.Http2Exception.connectionError(Http2Exception.java:107)
	at io.grpc.netty.shaded.io.netty.handler.codec.http2.Http2ConnectionHandler$PrefaceDecoder.readClientPrefaceString(Http2ConnectionHandler.java:319)
	at io.grpc.netty.shaded.io.netty.handler.codec.http2.Http2ConnectionHandler$PrefaceDecoder.decode(Http2ConnectionHandler.java:245)
	at io.grpc.netty.shaded.io.netty.handler.codec.http2.Http2ConnectionHandler.decode(Http2ConnectionHandler.java:451)
	at io.grpc.netty.shaded.io.netty.handler.codec.ByteToMessageDecoder.decodeRemovalReentryProtection(ByteToMessageDecoder.java:530)
	at io.grpc.netty.shaded.io.netty.handler.codec.ByteToMessageDecoder.callDecode(ByteToMessageDecoder.java:469)
	at io.grpc.netty.shaded.io.netty.handler.codec.ByteToMessageDecoder.channelRead(ByteToMessageDecoder.java:290)
	at io.grpc.netty.shaded.io.netty.channel.AbstractChannelHandlerContext.invokeChannelRead(AbstractChannelHandlerContext.java:444)
	at io.grpc.netty.shaded.io.netty.channel.AbstractChannelHandlerContext.invokeChannelRead(AbstractChannelHandlerContext.java:420)
	at io.grpc.netty.shaded.io.netty.channel.AbstractChannelHandlerContext.fireChannelRead(AbstractChannelHandlerContext.java:412)
	at io.grpc.netty.shaded.io.netty.channel.DefaultChannelPipeline$HeadContext.channelRead(DefaultChannelPipeline.java:1407)
	at io.grpc.netty.shaded.io.netty.channel.AbstractChannelHandlerContext.invokeChannelRead(AbstractChannelHandlerContext.java:440)
	at io.grpc.netty.shaded.io.netty.channel.AbstractChannelHandlerContext.invokeChannelRead(AbstractChannelHandlerContext.java:420)
	at io.grpc.netty.shaded.io.netty.channel.DefaultChannelPipeline.fireChannelRead(DefaultChannelPipeline.java:918)
	at io.grpc.netty.shaded.io.netty.channel.nio.AbstractNioByteChannel$NioByteUnsafe.read(AbstractNioByteChannel.java:166)
	at io.grpc.netty.shaded.io.netty.channel.nio.NioEventLoop.processSelectedKey(NioEventLoop.java:788)
	at io.grpc.netty.shaded.io.netty.channel.nio.NioEventLoop.processSelectedKeysOptimized(NioEventLoop.java:724)
	at io.grpc.netty.shaded.io.netty.channel.nio.NioEventLoop.processSelectedKeys(NioEventLoop.java:650)
	at io.grpc.netty.shaded.io.netty.channel.nio.NioEventLoop.run(NioEventLoop.java:562)
	at io.grpc.netty.shaded.io.netty.util.concurrent.SingleThreadEventExecutor$4.run(SingleThreadEventExecutor.java:994)
	at io.grpc.netty.shaded.io.netty.util.internal.ThreadExecutorMap$2.run(ThreadExecutorMap.java:74)
	at io.grpc.netty.shaded.io.netty.util.concurrent.FastThreadLocalRunnable.run(FastThreadLocalRunnable.java:30)
	at java.base/java.lang.Thread.run(Thread.java:1474)
2026-05-29 11:52:34.799 [grpc-nio-worker-ELG-3-6] INFO  i.g.n.s.i.g.n.N.connections otel_trace_id= otel_span_id= request_id= business_trace_id= tenant_id= document_id= ingestion_job_id= - Transport failed
io.grpc.netty.shaded.io.netty.handler.codec.http2.Http2Exception: HTTP/2 client preface string missing or corrupt. Hex dump for received bytes: 1603010200010001fc0303fa54a006688c283a3a013acc7c
	at io.grpc.netty.shaded.io.netty.handler.codec.http2.Http2Exception.connectionError(Http2Exception.java:107)
	at io.grpc.netty.shaded.io.netty.handler.codec.http2.Http2ConnectionHandler$PrefaceDecoder.readClientPrefaceString(Http2ConnectionHandler.java:319)
	at io.grpc.netty.shaded.io.netty.handler.codec.http2.Http2ConnectionHandler$PrefaceDecoder.decode(Http2ConnectionHandler.java:245)
	at io.grpc.netty.shaded.io.netty.handler.codec.http2.Http2ConnectionHandler.decode(Http2ConnectionHandler.java:451)
	at io.grpc.netty.shaded.io.netty.handler.codec.ByteToMessageDecoder.decodeRemovalReentryProtection(ByteToMessageDecoder.java:530)
	at io.grpc.netty.shaded.io.netty.handler.codec.ByteToMessageDecoder.callDecode(ByteToMessageDecoder.java:469)
	at io.grpc.netty.shaded.io.netty.handler.codec.ByteToMessageDecoder.channelRead(ByteToMessageDecoder.java:290)
	at io.grpc.netty.shaded.io.netty.channel.AbstractChannelHandlerContext.invokeChannelRead(AbstractChannelHandlerContext.java:444)
	at io.grpc.netty.shaded.io.netty.channel.AbstractChannelHandlerContext.invokeChannelRead(AbstractChannelHandlerContext.java:420)
	at io.grpc.netty.shaded.io.netty.channel.AbstractChannelHandlerContext.fireChannelRead(AbstractChannelHandlerContext.java:412)
	at io.grpc.netty.shaded.io.netty.channel.DefaultChannelPipeline$HeadContext.channelRead(DefaultChannelPipeline.java:1407)
	at io.grpc.netty.shaded.io.netty.channel.AbstractChannelHandlerContext.invokeChannelRead(AbstractChannelHandlerContext.java:440)
	at io.grpc.netty.shaded.io.netty.channel.AbstractChannelHandlerContext.invokeChannelRead(AbstractChannelHandlerContext.java:420)
	at io.grpc.netty.shaded.io.netty.channel.DefaultChannelPipeline.fireChannelRead(DefaultChannelPipeline.java:918)
	at io.grpc.netty.shaded.io.netty.channel.nio.AbstractNioByteChannel$NioByteUnsafe.read(AbstractNioByteChannel.java:166)
	at io.grpc.netty.shaded.io.netty.channel.nio.NioEventLoop.processSelectedKey(NioEventLoop.java:788)
	at io.grpc.netty.shaded.io.netty.channel.nio.NioEventLoop.processSelectedKeysOptimized(NioEventLoop.java:724)
	at io.grpc.netty.shaded.io.netty.channel.nio.NioEventLoop.processSelectedKeys(NioEventLoop.java:650)
	at io.grpc.netty.shaded.io.netty.channel.nio.NioEventLoop.run(NioEventLoop.java:562)
	at io.grpc.netty.shaded.io.netty.util.concurrent.SingleThreadEventExecutor$4.run(SingleThreadEventExecutor.java:994)
	at io.grpc.netty.shaded.io.netty.util.internal.ThreadExecutorMap$2.run(ThreadExecutorMap.java:74)
	at io.grpc.netty.shaded.io.netty.util.concurrent.FastThreadLocalRunnable.run(FastThreadLocalRunnable.java:30)
	at java.base/java.lang.Thread.run(Thread.java:1474)
2026-05-29 11:53:30.872 [grpc-nio-worker-ELG-3-7] INFO  i.g.n.s.i.g.n.N.connections otel_trace_id= otel_span_id= request_id= business_trace_id= tenant_id= document_id= ingestion_job_id= - Transport failed
io.grpc.netty.shaded.io.netty.handler.codec.http2.Http2Exception: HTTP/2 client preface string missing or corrupt. Hex dump for received bytes: 1603010200010001fc0303abac99dc8ae87dc7f7482daf5d
	at io.grpc.netty.shaded.io.netty.handler.codec.http2.Http2Exception.connectionError(Http2Exception.java:107)
	at io.grpc.netty.shaded.io.netty.handler.codec.http2.Http2ConnectionHandler$PrefaceDecoder.readClientPrefaceString(Http2ConnectionHandler.java:319)
	at io.grpc.netty.shaded.io.netty.handler.codec.http2.Http2ConnectionHandler$PrefaceDecoder.decode(Http2ConnectionHandler.java:245)
	at io.grpc.netty.shaded.io.netty.handler.codec.http2.Http2ConnectionHandler.decode(Http2ConnectionHandler.java:451)
	at io.grpc.netty.shaded.io.netty.handler.codec.ByteToMessageDecoder.decodeRemovalReentryProtection(ByteToMessageDecoder.java:530)
	at io.grpc.netty.shaded.io.netty.handler.codec.ByteToMessageDecoder.callDecode(ByteToMessageDecoder.java:469)
	at io.grpc.netty.shaded.io.netty.handler.codec.ByteToMessageDecoder.channelRead(ByteToMessageDecoder.java:290)
	at io.grpc.netty.shaded.io.netty.channel.AbstractChannelHandlerContext.invokeChannelRead(AbstractChannelHandlerContext.java:444)
	at io.grpc.netty.shaded.io.netty.channel.AbstractChannelHandlerContext.invokeChannelRead(AbstractChannelHandlerContext.java:420)
	at io.grpc.netty.shaded.io.netty.channel.AbstractChannelHandlerContext.fireChannelRead(AbstractChannelHandlerContext.java:412)
	at io.grpc.netty.shaded.io.netty.channel.DefaultChannelPipeline$HeadContext.channelRead(DefaultChannelPipeline.java:1407)
	at io.grpc.netty.shaded.io.netty.channel.AbstractChannelHandlerContext.invokeChannelRead(AbstractChannelHandlerContext.java:440)
	at io.grpc.netty.shaded.io.netty.channel.AbstractChannelHandlerContext.invokeChannelRead(AbstractChannelHandlerContext.java:420)
	at io.grpc.netty.shaded.io.netty.channel.DefaultChannelPipeline.fireChannelRead(DefaultChannelPipeline.java:918)
	at io.grpc.netty.shaded.io.netty.channel.nio.AbstractNioByteChannel$NioByteUnsafe.read(AbstractNioByteChannel.java:166)
	at io.grpc.netty.shaded.io.netty.channel.nio.NioEventLoop.processSelectedKey(NioEventLoop.java:788)
	at io.grpc.netty.shaded.io.netty.channel.nio.NioEventLoop.processSelectedKeysOptimized(NioEventLoop.java:724)
	at io.grpc.netty.shaded.io.netty.channel.nio.NioEventLoop.processSelectedKeys(NioEventLoop.java:650)
	at io.grpc.netty.shaded.io.netty.channel.nio.NioEventLoop.run(NioEventLoop.java:562)
	at io.grpc.netty.shaded.io.netty.util.concurrent.SingleThreadEventExecutor$4.run(SingleThreadEventExecutor.java:994)
	at io.grpc.netty.shaded.io.netty.util.internal.ThreadExecutorMap$2.run(ThreadExecutorMap.java:74)
	at io.grpc.netty.shaded.io.netty.util.concurrent.FastThreadLocalRunnable.run(FastThreadLocalRunnable.java:30)
	at java.base/java.lang.Thread.run(Thread.java:1474)
2026-05-29 11:54:35.660 [grpc-nio-worker-ELG-3-8] INFO  i.g.n.s.i.g.n.N.connections otel_trace_id= otel_span_id= request_id= business_trace_id= tenant_id= document_id= ingestion_job_id= - Transport failed
io.grpc.netty.shaded.io.netty.handler.codec.http2.Http2Exception: HTTP/2 client preface string missing or corrupt. Hex dump for received bytes: 1603010200010001fc0303c1a095823d4d4adccd876a4fbe
	at io.grpc.netty.shaded.io.netty.handler.codec.http2.Http2Exception.connectionError(Http2Exception.java:107)
	at io.grpc.netty.shaded.io.netty.handler.codec.http2.Http2ConnectionHandler$PrefaceDecoder.readClientPrefaceString(Http2ConnectionHandler.java:319)
	at io.grpc.netty.shaded.io.netty.handler.codec.http2.Http2ConnectionHandler$PrefaceDecoder.decode(Http2ConnectionHandler.java:245)
	at io.grpc.netty.shaded.io.netty.handler.codec.http2.Http2ConnectionHandler.decode(Http2ConnectionHandler.java:451)
	at io.grpc.netty.shaded.io.netty.handler.codec.ByteToMessageDecoder.decodeRemovalReentryProtection(ByteToMessageDecoder.java:530)
	at io.grpc.netty.shaded.io.netty.handler.codec.ByteToMessageDecoder.callDecode(ByteToMessageDecoder.java:469)
	at io.grpc.netty.shaded.io.netty.handler.codec.ByteToMessageDecoder.channelRead(ByteToMessageDecoder.java:290)
	at io.grpc.netty.shaded.io.netty.channel.AbstractChannelHandlerContext.invokeChannelRead(AbstractChannelHandlerContext.java:444)
	at io.grpc.netty.shaded.io.netty.channel.AbstractChannelHandlerContext.invokeChannelRead(AbstractChannelHandlerContext.java:420)
	at io.grpc.netty.shaded.io.netty.channel.AbstractChannelHandlerContext.fireChannelRead(AbstractChannelHandlerContext.java:412)
	at io.grpc.netty.shaded.io.netty.channel.DefaultChannelPipeline$HeadContext.channelRead(DefaultChannelPipeline.java:1407)
	at io.grpc.netty.shaded.io.netty.channel.AbstractChannelHandlerContext.invokeChannelRead(AbstractChannelHandlerContext.java:440)
	at io.grpc.netty.shaded.io.netty.channel.AbstractChannelHandlerContext.invokeChannelRead(AbstractChannelHandlerContext.java:420)
	at io.grpc.netty.shaded.io.netty.channel.DefaultChannelPipeline.fireChannelRead(DefaultChannelPipeline.java:918)
	at io.grpc.netty.shaded.io.netty.channel.nio.AbstractNioByteChannel$NioByteUnsafe.read(AbstractNioByteChannel.java:166)
	at io.grpc.netty.shaded.io.netty.channel.nio.NioEventLoop.processSelectedKey(NioEventLoop.java:788)
	at io.grpc.netty.shaded.io.netty.channel.nio.NioEventLoop.processSelectedKeysOptimized(NioEventLoop.java:724)
	at io.grpc.netty.shaded.io.netty.channel.nio.NioEventLoop.processSelectedKeys(NioEventLoop.java:650)
	at io.grpc.netty.shaded.io.netty.channel.nio.NioEventLoop.run(NioEventLoop.java:562)
	at io.grpc.netty.shaded.io.netty.util.concurrent.SingleThreadEventExecutor$4.run(SingleThreadEventExecutor.java:994)
	at io.grpc.netty.shaded.io.netty.util.internal.ThreadExecutorMap$2.run(ThreadExecutorMap.java:74)
	at io.grpc.netty.shaded.io.netty.util.concurrent.FastThreadLocalRunnable.run(FastThreadLocalRunnable.java:30)
	at java.base/java.lang.Thread.run(Thread.java:1474)
2026-05-29 11:55:08.879 [grpc-nio-worker-ELG-3-9] INFO  i.g.n.s.i.g.n.N.connections otel_trace_id= otel_span_id= request_id= business_trace_id= tenant_id= document_id= ingestion_job_id= - Transport failed
io.grpc.netty.shaded.io.netty.handler.codec.http2.Http2Exception: HTTP/2 client preface string missing or corrupt. Hex dump for received bytes: 1603010200010001fc030336f80b5525cdd8ec82aac41445
	at io.grpc.netty.shaded.io.netty.handler.codec.http2.Http2Exception.connectionError(Http2Exception.java:107)
	at io.grpc.netty.shaded.io.netty.handler.codec.http2.Http2ConnectionHandler$PrefaceDecoder.readClientPrefaceString(Http2ConnectionHandler.java:319)
	at io.grpc.netty.shaded.io.netty.handler.codec.http2.Http2ConnectionHandler$PrefaceDecoder.decode(Http2ConnectionHandler.java:245)
	at io.grpc.netty.shaded.io.netty.handler.codec.http2.Http2ConnectionHandler.decode(Http2ConnectionHandler.java:451)
	at io.grpc.netty.shaded.io.netty.handler.codec.ByteToMessageDecoder.decodeRemovalReentryProtection(ByteToMessageDecoder.java:530)
	at io.grpc.netty.shaded.io.netty.handler.codec.ByteToMessageDecoder.callDecode(ByteToMessageDecoder.java:469)
	at io.grpc.netty.shaded.io.netty.handler.codec.ByteToMessageDecoder.channelRead(ByteToMessageDecoder.java:290)
	at io.grpc.netty.shaded.io.netty.channel.AbstractChannelHandlerContext.invokeChannelRead(AbstractChannelHandlerContext.java:444)
	at io.grpc.netty.shaded.io.netty.channel.AbstractChannelHandlerContext.invokeChannelRead(AbstractChannelHandlerContext.java:420)
	at io.grpc.netty.shaded.io.netty.channel.AbstractChannelHandlerContext.fireChannelRead(AbstractChannelHandlerContext.java:412)
	at io.grpc.netty.shaded.io.netty.channel.DefaultChannelPipeline$HeadContext.channelRead(DefaultChannelPipeline.java:1407)
	at io.grpc.netty.shaded.io.netty.channel.AbstractChannelHandlerContext.invokeChannelRead(AbstractChannelHandlerContext.java:440)
	at io.grpc.netty.shaded.io.netty.channel.AbstractChannelHandlerContext.invokeChannelRead(AbstractChannelHandlerContext.java:420)
	at io.grpc.netty.shaded.io.netty.channel.DefaultChannelPipeline.fireChannelRead(DefaultChannelPipeline.java:918)
	at io.grpc.netty.shaded.io.netty.channel.nio.AbstractNioByteChannel$NioByteUnsafe.read(AbstractNioByteChannel.java:166)
	at io.grpc.netty.shaded.io.netty.channel.nio.NioEventLoop.processSelectedKey(NioEventLoop.java:788)
	at io.grpc.netty.shaded.io.netty.channel.nio.NioEventLoop.processSelectedKeysOptimized(NioEventLoop.java:724)
	at io.grpc.netty.shaded.io.netty.channel.nio.NioEventLoop.processSelectedKeys(NioEventLoop.java:650)
	at io.grpc.netty.shaded.io.netty.channel.nio.NioEventLoop.run(NioEventLoop.java:562)
	at io.grpc.netty.shaded.io.netty.util.concurrent.SingleThreadEventExecutor$4.run(SingleThreadEventExecutor.java:994)
	at io.grpc.netty.shaded.io.netty.util.internal.ThreadExecutorMap$2.run(ThreadExecutorMap.java:74)
	at io.grpc.netty.shaded.io.netty.util.concurrent.FastThreadLocalRunnable.run(FastThreadLocalRunnable.java:30)
	at java.base/java.lang.Thread.run(Thread.java:1474)
2026-05-29 11:56:38.964 [grpc-nio-worker-ELG-3-10] INFO  i.g.n.s.i.g.n.N.connections otel_trace_id= otel_span_id= request_id= business_trace_id= tenant_id= document_id= ingestion_job_id= - Transport failed
io.grpc.netty.shaded.io.netty.handler.codec.http2.Http2Exception: HTTP/2 client preface string missing or corrupt. Hex dump for received bytes: 1603010200010001fc03031c81a582cf3ea1d1cebaa271e5
	at io.grpc.netty.shaded.io.netty.handler.codec.http2.Http2Exception.connectionError(Http2Exception.java:107)
	at io.grpc.netty.shaded.io.netty.handler.codec.http2.Http2ConnectionHandler$PrefaceDecoder.readClientPrefaceString(Http2ConnectionHandler.java:319)
	at io.grpc.netty.shaded.io.netty.handler.codec.http2.Http2ConnectionHandler$PrefaceDecoder.decode(Http2ConnectionHandler.java:245)
	at io.grpc.netty.shaded.io.netty.handler.codec.http2.Http2ConnectionHandler.decode(Http2ConnectionHandler.java:451)
	at io.grpc.netty.shaded.io.netty.handler.codec.ByteToMessageDecoder.decodeRemovalReentryProtection(ByteToMessageDecoder.java:530)
	at io.grpc.netty.shaded.io.netty.handler.codec.ByteToMessageDecoder.callDecode(ByteToMessageDecoder.java:469)
	at io.grpc.netty.shaded.io.netty.handler.codec.ByteToMessageDecoder.channelRead(ByteToMessageDecoder.java:290)
	at io.grpc.netty.shaded.io.netty.channel.AbstractChannelHandlerContext.invokeChannelRead(AbstractChannelHandlerContext.java:444)
	at io.grpc.netty.shaded.io.netty.channel.AbstractChannelHandlerContext.invokeChannelRead(AbstractChannelHandlerContext.java:420)
	at io.grpc.netty.shaded.io.netty.channel.AbstractChannelHandlerContext.fireChannelRead(AbstractChannelHandlerContext.java:412)
	at io.grpc.netty.shaded.io.netty.channel.DefaultChannelPipeline$HeadContext.channelRead(DefaultChannelPipeline.java:1407)
	at io.grpc.netty.shaded.io.netty.channel.AbstractChannelHandlerContext.invokeChannelRead(AbstractChannelHandlerContext.java:440)
	at io.grpc.netty.shaded.io.netty.channel.AbstractChannelHandlerContext.invokeChannelRead(AbstractChannelHandlerContext.java:420)
	at io.grpc.netty.shaded.io.netty.channel.DefaultChannelPipeline.fireChannelRead(DefaultChannelPipeline.java:918)
	at io.grpc.netty.shaded.io.netty.channel.nio.AbstractNioByteChannel$NioByteUnsafe.read(AbstractNioByteChannel.java:166)
	at io.grpc.netty.shaded.io.netty.channel.nio.NioEventLoop.processSelectedKey(NioEventLoop.java:788)
	at io.grpc.netty.shaded.io.netty.channel.nio.NioEventLoop.processSelectedKeysOptimized(NioEventLoop.java:724)
	at io.grpc.netty.shaded.io.netty.channel.nio.NioEventLoop.processSelectedKeys(NioEventLoop.java:650)
	at io.grpc.netty.shaded.io.netty.channel.nio.NioEventLoop.run(NioEventLoop.java:562)
	at io.grpc.netty.shaded.io.netty.util.concurrent.SingleThreadEventExecutor$4.run(SingleThreadEventExecutor.java:994)
	at io.grpc.netty.shaded.io.netty.util.internal.ThreadExecutorMap$2.run(ThreadExecutorMap.java:74)
	at io.grpc.netty.shaded.io.netty.util.concurrent.FastThreadLocalRunnable.run(FastThreadLocalRunnable.java:30)
	at java.base/java.lang.Thread.run(Thread.java:1474)
2026-05-29 11:57:31.688 [grpc-nio-worker-ELG-3-11] INFO  i.g.n.s.i.g.n.N.connections otel_trace_id= otel_span_id= request_id= business_trace_id= tenant_id= document_id= ingestion_job_id= - Transport failed
io.grpc.netty.shaded.io.netty.handler.codec.http2.Http2Exception: HTTP/2 client preface string missing or corrupt. Hex dump for received bytes: 1603010200010001fc03036e4124338e31bb04991784ee74
	at io.grpc.netty.shaded.io.netty.handler.codec.http2.Http2Exception.connectionError(Http2Exception.java:107)
	at io.grpc.netty.shaded.io.netty.handler.codec.http2.Http2ConnectionHandler$PrefaceDecoder.readClientPrefaceString(Http2ConnectionHandler.java:319)
	at io.grpc.netty.shaded.io.netty.handler.codec.http2.Http2ConnectionHandler$PrefaceDecoder.decode(Http2ConnectionHandler.java:245)
	at io.grpc.netty.shaded.io.netty.handler.codec.http2.Http2ConnectionHandler.decode(Http2ConnectionHandler.java:451)
	at io.grpc.netty.shaded.io.netty.handler.codec.ByteToMessageDecoder.decodeRemovalReentryProtection(ByteToMessageDecoder.java:530)
	at io.grpc.netty.shaded.io.netty.handler.codec.ByteToMessageDecoder.callDecode(ByteToMessageDecoder.java:469)
	at io.grpc.netty.shaded.io.netty.handler.codec.ByteToMessageDecoder.channelRead(ByteToMessageDecoder.java:290)
	at io.grpc.netty.shaded.io.netty.channel.AbstractChannelHandlerContext.invokeChannelRead(AbstractChannelHandlerContext.java:444)
	at io.grpc.netty.shaded.io.netty.channel.AbstractChannelHandlerContext.invokeChannelRead(AbstractChannelHandlerContext.java:420)
	at io.grpc.netty.shaded.io.netty.channel.AbstractChannelHandlerContext.fireChannelRead(AbstractChannelHandlerContext.java:412)
	at io.grpc.netty.shaded.io.netty.channel.DefaultChannelPipeline$HeadContext.channelRead(DefaultChannelPipeline.java:1407)
	at io.grpc.netty.shaded.io.netty.channel.AbstractChannelHandlerContext.invokeChannelRead(AbstractChannelHandlerContext.java:440)
	at io.grpc.netty.shaded.io.netty.channel.AbstractChannelHandlerContext.invokeChannelRead(AbstractChannelHandlerContext.java:420)
	at io.grpc.netty.shaded.io.netty.channel.DefaultChannelPipeline.fireChannelRead(DefaultChannelPipeline.java:918)
	at io.grpc.netty.shaded.io.netty.channel.nio.AbstractNioByteChannel$NioByteUnsafe.read(AbstractNioByteChannel.java:166)
	at io.grpc.netty.shaded.io.netty.channel.nio.NioEventLoop.processSelectedKey(NioEventLoop.java:788)
	at io.grpc.netty.shaded.io.netty.channel.nio.NioEventLoop.processSelectedKeysOptimized(NioEventLoop.java:724)
	at io.grpc.netty.shaded.io.netty.channel.nio.NioEventLoop.processSelectedKeys(NioEventLoop.java:650)
	at io.grpc.netty.shaded.io.netty.channel.nio.NioEventLoop.run(NioEventLoop.java:562)
	at io.grpc.netty.shaded.io.netty.util.concurrent.SingleThreadEventExecutor$4.run(SingleThreadEventExecutor.java:994)
	at io.grpc.netty.shaded.io.netty.util.internal.ThreadExecutorMap$2.run(ThreadExecutorMap.java:74)
	at io.grpc.netty.shaded.io.netty.util.concurrent.FastThreadLocalRunnable.run(FastThreadLocalRunnable.java:30)
	at java.base/java.lang.Thread.run(Thread.java:1474)
2026-05-29 11:58:45.264 [grpc-nio-worker-ELG-3-12] INFO  i.g.n.s.i.g.n.N.connections otel_trace_id= otel_span_id= request_id= business_trace_id= tenant_id= document_id= ingestion_job_id= - Transport failed
io.grpc.netty.shaded.io.netty.handler.codec.http2.Http2Exception: HTTP/2 client preface string missing or corrupt. Hex dump for received bytes: 1603010200010001fc0303b739c9686aa82436cc4143ad3f
	at io.grpc.netty.shaded.io.netty.handler.codec.http2.Http2Exception.connectionError(Http2Exception.java:107)
	at io.grpc.netty.shaded.io.netty.handler.codec.http2.Http2ConnectionHandler$PrefaceDecoder.readClientPrefaceString(Http2ConnectionHandler.java:319)
	at io.grpc.netty.shaded.io.netty.handler.codec.http2.Http2ConnectionHandler$PrefaceDecoder.decode(Http2ConnectionHandler.java:245)
	at io.grpc.netty.shaded.io.netty.handler.codec.http2.Http2ConnectionHandler.decode(Http2ConnectionHandler.java:451)
	at io.grpc.netty.shaded.io.netty.handler.codec.ByteToMessageDecoder.decodeRemovalReentryProtection(ByteToMessageDecoder.java:530)
	at io.grpc.netty.shaded.io.netty.handler.codec.ByteToMessageDecoder.callDecode(ByteToMessageDecoder.java:469)
	at io.grpc.netty.shaded.io.netty.handler.codec.ByteToMessageDecoder.channelRead(ByteToMessageDecoder.java:290)
	at io.grpc.netty.shaded.io.netty.channel.AbstractChannelHandlerContext.invokeChannelRead(AbstractChannelHandlerContext.java:444)
	at io.grpc.netty.shaded.io.netty.channel.AbstractChannelHandlerContext.invokeChannelRead(AbstractChannelHandlerContext.java:420)
	at io.grpc.netty.shaded.io.netty.channel.AbstractChannelHandlerContext.fireChannelRead(AbstractChannelHandlerContext.java:412)
	at io.grpc.netty.shaded.io.netty.channel.DefaultChannelPipeline$HeadContext.channelRead(DefaultChannelPipeline.java:1407)
	at io.grpc.netty.shaded.io.netty.channel.AbstractChannelHandlerContext.invokeChannelRead(AbstractChannelHandlerContext.java:440)
	at io.grpc.netty.shaded.io.netty.channel.AbstractChannelHandlerContext.invokeChannelRead(AbstractChannelHandlerContext.java:420)
	at io.grpc.netty.shaded.io.netty.channel.DefaultChannelPipeline.fireChannelRead(DefaultChannelPipeline.java:918)
	at io.grpc.netty.shaded.io.netty.channel.nio.AbstractNioByteChannel$NioByteUnsafe.read(AbstractNioByteChannel.java:166)
	at io.grpc.netty.shaded.io.netty.channel.nio.NioEventLoop.processSelectedKey(NioEventLoop.java:788)
	at io.grpc.netty.shaded.io.netty.channel.nio.NioEventLoop.processSelectedKeysOptimized(NioEventLoop.java:724)
	at io.grpc.netty.shaded.io.netty.channel.nio.NioEventLoop.processSelectedKeys(NioEventLoop.java:650)
	at io.grpc.netty.shaded.io.netty.channel.nio.NioEventLoop.run(NioEventLoop.java:562)
	at io.grpc.netty.shaded.io.netty.util.concurrent.SingleThreadEventExecutor$4.run(SingleThreadEventExecutor.java:994)
	at io.grpc.netty.shaded.io.netty.util.internal.ThreadExecutorMap$2.run(ThreadExecutorMap.java:74)
	at io.grpc.netty.shaded.io.netty.util.concurrent.FastThreadLocalRunnable.run(FastThreadLocalRunnable.java:30)
	at java.base/java.lang.Thread.run(Thread.java:1474)
2026-05-29 11:59:30.846 [grpc-nio-worker-ELG-3-1] INFO  i.g.n.s.i.g.n.N.connections otel_trace_id= otel_span_id= request_id= business_trace_id= tenant_id= document_id= ingestion_job_id= - Transport failed
io.grpc.netty.shaded.io.netty.handler.codec.http2.Http2Exception: HTTP/2 client preface string missing or corrupt. Hex dump for received bytes: 1603010200010001fc0303824a304e015e69bcd5b432cf00
	at io.grpc.netty.shaded.io.netty.handler.codec.http2.Http2Exception.connectionError(Http2Exception.java:107)
	at io.grpc.netty.shaded.io.netty.handler.codec.http2.Http2ConnectionHandler$PrefaceDecoder.readClientPrefaceString(Http2ConnectionHandler.java:319)
	at io.grpc.netty.shaded.io.netty.handler.codec.http2.Http2ConnectionHandler$PrefaceDecoder.decode(Http2ConnectionHandler.java:245)
	at io.grpc.netty.shaded.io.netty.handler.codec.http2.Http2ConnectionHandler.decode(Http2ConnectionHandler.java:451)
	at io.grpc.netty.shaded.io.netty.handler.codec.ByteToMessageDecoder.decodeRemovalReentryProtection(ByteToMessageDecoder.java:530)
	at io.grpc.netty.shaded.io.netty.handler.codec.ByteToMessageDecoder.callDecode(ByteToMessageDecoder.java:469)
	at io.grpc.netty.shaded.io.netty.handler.codec.ByteToMessageDecoder.channelRead(ByteToMessageDecoder.java:290)
	at io.grpc.netty.shaded.io.netty.channel.AbstractChannelHandlerContext.invokeChannelRead(AbstractChannelHandlerContext.java:444)
	at io.grpc.netty.shaded.io.netty.channel.AbstractChannelHandlerContext.invokeChannelRead(AbstractChannelHandlerContext.java:420)
	at io.grpc.netty.shaded.io.netty.channel.AbstractChannelHandlerContext.fireChannelRead(AbstractChannelHandlerContext.java:412)
	at io.grpc.netty.shaded.io.netty.channel.DefaultChannelPipeline$HeadContext.channelRead(DefaultChannelPipeline.java:1407)
	at io.grpc.netty.shaded.io.netty.channel.AbstractChannelHandlerContext.invokeChannelRead(AbstractChannelHandlerContext.java:440)
	at io.grpc.netty.shaded.io.netty.channel.AbstractChannelHandlerContext.invokeChannelRead(AbstractChannelHandlerContext.java:420)
	at io.grpc.netty.shaded.io.netty.channel.DefaultChannelPipeline.fireChannelRead(DefaultChannelPipeline.java:918)
	at io.grpc.netty.shaded.io.netty.channel.nio.AbstractNioByteChannel$NioByteUnsafe.read(AbstractNioByteChannel.java:166)
	at io.grpc.netty.shaded.io.netty.channel.nio.NioEventLoop.processSelectedKey(NioEventLoop.java:788)
	at io.grpc.netty.shaded.io.netty.channel.nio.NioEventLoop.processSelectedKeysOptimized(NioEventLoop.java:724)
	at io.grpc.netty.shaded.io.netty.channel.nio.NioEventLoop.processSelectedKeys(NioEventLoop.java:650)
	at io.grpc.netty.shaded.io.netty.channel.nio.NioEventLoop.run(NioEventLoop.java:562)
	at io.grpc.netty.shaded.io.netty.util.concurrent.SingleThreadEventExecutor$4.run(SingleThreadEventExecutor.java:994)
	at io.grpc.netty.shaded.io.netty.util.internal.ThreadExecutorMap$2.run(ThreadExecutorMap.java:74)
	at io.grpc.netty.shaded.io.netty.util.concurrent.FastThreadLocalRunnable.run(FastThreadLocalRunnable.java:30)
	at java.base/java.lang.Thread.run(Thread.java:1474)
2026-05-29 12:00:57.528 [grpc-nio-worker-ELG-3-2] INFO  i.g.n.s.i.g.n.N.connections otel_trace_id= otel_span_id= request_id= business_trace_id= tenant_id= document_id= ingestion_job_id= - Transport failed
io.grpc.netty.shaded.io.netty.handler.codec.http2.Http2Exception: HTTP/2 client preface string missing or corrupt. Hex dump for received bytes: 1603010200010001fc0303114c47923ed978d42a5f9cb129
	at io.grpc.netty.shaded.io.netty.handler.codec.http2.Http2Exception.connectionError(Http2Exception.java:107)
	at io.grpc.netty.shaded.io.netty.handler.codec.http2.Http2ConnectionHandler$PrefaceDecoder.readClientPrefaceString(Http2ConnectionHandler.java:319)
	at io.grpc.netty.shaded.io.netty.handler.codec.http2.Http2ConnectionHandler$PrefaceDecoder.decode(Http2ConnectionHandler.java:245)
	at io.grpc.netty.shaded.io.netty.handler.codec.http2.Http2ConnectionHandler.decode(Http2ConnectionHandler.java:451)
	at io.grpc.netty.shaded.io.netty.handler.codec.ByteToMessageDecoder.decodeRemovalReentryProtection(ByteToMessageDecoder.java:530)
	at io.grpc.netty.shaded.io.netty.handler.codec.ByteToMessageDecoder.callDecode(ByteToMessageDecoder.java:469)
	at io.grpc.netty.shaded.io.netty.handler.codec.ByteToMessageDecoder.channelRead(ByteToMessageDecoder.java:290)
	at io.grpc.netty.shaded.io.netty.channel.AbstractChannelHandlerContext.invokeChannelRead(AbstractChannelHandlerContext.java:444)
	at io.grpc.netty.shaded.io.netty.channel.AbstractChannelHandlerContext.invokeChannelRead(AbstractChannelHandlerContext.java:420)
	at io.grpc.netty.shaded.io.netty.channel.AbstractChannelHandlerContext.fireChannelRead(AbstractChannelHandlerContext.java:412)
	at io.grpc.netty.shaded.io.netty.channel.DefaultChannelPipeline$HeadContext.channelRead(DefaultChannelPipeline.java:1407)
	at io.grpc.netty.shaded.io.netty.channel.AbstractChannelHandlerContext.invokeChannelRead(AbstractChannelHandlerContext.java:440)
	at io.grpc.netty.shaded.io.netty.channel.AbstractChannelHandlerContext.invokeChannelRead(AbstractChannelHandlerContext.java:420)
	at io.grpc.netty.shaded.io.netty.channel.DefaultChannelPipeline.fireChannelRead(DefaultChannelPipeline.java:918)
	at io.grpc.netty.shaded.io.netty.channel.nio.AbstractNioByteChannel$NioByteUnsafe.read(AbstractNioByteChannel.java:166)
	at io.grpc.netty.shaded.io.netty.channel.nio.NioEventLoop.processSelectedKey(NioEventLoop.java:788)
	at io.grpc.netty.shaded.io.netty.channel.nio.NioEventLoop.processSelectedKeysOptimized(NioEventLoop.java:724)
	at io.grpc.netty.shaded.io.netty.channel.nio.NioEventLoop.processSelectedKeys(NioEventLoop.java:650)
	at io.grpc.netty.shaded.io.netty.channel.nio.NioEventLoop.run(NioEventLoop.java:562)
	at io.grpc.netty.shaded.io.netty.util.concurrent.SingleThreadEventExecutor$4.run(SingleThreadEventExecutor.java:994)
	at io.grpc.netty.shaded.io.netty.util.internal.ThreadExecutorMap$2.run(ThreadExecutorMap.java:74)
	at io.grpc.netty.shaded.io.netty.util.concurrent.FastThreadLocalRunnable.run(FastThreadLocalRunnable.java:30)
	at java.base/java.lang.Thread.run(Thread.java:1474)
2026-05-29 12:01:19.791 [grpc-nio-worker-ELG-3-3] INFO  i.g.n.s.i.g.n.N.connections otel_trace_id= otel_span_id= request_id= business_trace_id= tenant_id= document_id= ingestion_job_id= - Transport failed
io.grpc.netty.shaded.io.netty.handler.codec.http2.Http2Exception: HTTP/2 client preface string missing or corrupt. Hex dump for received bytes: 1603010200010001fc03038fa0a12dbe59f5e2ddf65fa5ab
	at io.grpc.netty.shaded.io.netty.handler.codec.http2.Http2Exception.connectionError(Http2Exception.java:107)
	at io.grpc.netty.shaded.io.netty.handler.codec.http2.Http2ConnectionHandler$PrefaceDecoder.readClientPrefaceString(Http2ConnectionHandler.java:319)
	at io.grpc.netty.shaded.io.netty.handler.codec.http2.Http2ConnectionHandler$PrefaceDecoder.decode(Http2ConnectionHandler.java:245)
	at io.grpc.netty.shaded.io.netty.handler.codec.http2.Http2ConnectionHandler.decode(Http2ConnectionHandler.java:451)
	at io.grpc.netty.shaded.io.netty.handler.codec.ByteToMessageDecoder.decodeRemovalReentryProtection(ByteToMessageDecoder.java:530)
	at io.grpc.netty.shaded.io.netty.handler.codec.ByteToMessageDecoder.callDecode(ByteToMessageDecoder.java:469)
	at io.grpc.netty.shaded.io.netty.handler.codec.ByteToMessageDecoder.channelRead(ByteToMessageDecoder.java:290)
	at io.grpc.netty.shaded.io.netty.channel.AbstractChannelHandlerContext.invokeChannelRead(AbstractChannelHandlerContext.java:444)
	at io.grpc.netty.shaded.io.netty.channel.AbstractChannelHandlerContext.invokeChannelRead(AbstractChannelHandlerContext.java:420)
	at io.grpc.netty.shaded.io.netty.channel.AbstractChannelHandlerContext.fireChannelRead(AbstractChannelHandlerContext.java:412)
	at io.grpc.netty.shaded.io.netty.channel.DefaultChannelPipeline$HeadContext.channelRead(DefaultChannelPipeline.java:1407)
	at io.grpc.netty.shaded.io.netty.channel.AbstractChannelHandlerContext.invokeChannelRead(AbstractChannelHandlerContext.java:440)
	at io.grpc.netty.shaded.io.netty.channel.AbstractChannelHandlerContext.invokeChannelRead(AbstractChannelHandlerContext.java:420)
	at io.grpc.netty.shaded.io.netty.channel.DefaultChannelPipeline.fireChannelRead(DefaultChannelPipeline.java:918)
	at io.grpc.netty.shaded.io.netty.channel.nio.AbstractNioByteChannel$NioByteUnsafe.read(AbstractNioByteChannel.java:166)
	at io.grpc.netty.shaded.io.netty.channel.nio.NioEventLoop.processSelectedKey(NioEventLoop.java:788)
	at io.grpc.netty.shaded.io.netty.channel.nio.NioEventLoop.processSelectedKeysOptimized(NioEventLoop.java:724)
	at io.grpc.netty.shaded.io.netty.channel.nio.NioEventLoop.processSelectedKeys(NioEventLoop.java:650)
	at io.grpc.netty.shaded.io.netty.channel.nio.NioEventLoop.run(NioEventLoop.java:562)
	at io.grpc.netty.shaded.io.netty.util.concurrent.SingleThreadEventExecutor$4.run(SingleThreadEventExecutor.java:994)
	at io.grpc.netty.shaded.io.netty.util.internal.ThreadExecutorMap$2.run(ThreadExecutorMap.java:74)
	at io.grpc.netty.shaded.io.netty.util.concurrent.FastThreadLocalRunnable.run(FastThreadLocalRunnable.java:30)
	at java.base/java.lang.Thread.run(Thread.java:1474)
2026-05-29 12:02:42.521 [grpc-nio-worker-ELG-3-4] INFO  i.g.n.s.i.g.n.N.connections otel_trace_id= otel_span_id= request_id= business_trace_id= tenant_id= document_id= ingestion_job_id= - Transport failed
io.grpc.netty.shaded.io.netty.handler.codec.http2.Http2Exception: HTTP/2 client preface string missing or corrupt. Hex dump for received bytes: 1603010200010001fc0303bb86b57269f833ab9e87edf74a
	at io.grpc.netty.shaded.io.netty.handler.codec.http2.Http2Exception.connectionError(Http2Exception.java:107)
	at io.grpc.netty.shaded.io.netty.handler.codec.http2.Http2ConnectionHandler$PrefaceDecoder.readClientPrefaceString(Http2ConnectionHandler.java:319)
	at io.grpc.netty.shaded.io.netty.handler.codec.http2.Http2ConnectionHandler$PrefaceDecoder.decode(Http2ConnectionHandler.java:245)
	at io.grpc.netty.shaded.io.netty.handler.codec.http2.Http2ConnectionHandler.decode(Http2ConnectionHandler.java:451)
	at io.grpc.netty.shaded.io.netty.handler.codec.ByteToMessageDecoder.decodeRemovalReentryProtection(ByteToMessageDecoder.java:530)
	at io.grpc.netty.shaded.io.netty.handler.codec.ByteToMessageDecoder.callDecode(ByteToMessageDecoder.java:469)
	at io.grpc.netty.shaded.io.netty.handler.codec.ByteToMessageDecoder.channelRead(ByteToMessageDecoder.java:290)
	at io.grpc.netty.shaded.io.netty.channel.AbstractChannelHandlerContext.invokeChannelRead(AbstractChannelHandlerContext.java:444)
	at io.grpc.netty.shaded.io.netty.channel.AbstractChannelHandlerContext.invokeChannelRead(AbstractChannelHandlerContext.java:420)
	at io.grpc.netty.shaded.io.netty.channel.AbstractChannelHandlerContext.fireChannelRead(AbstractChannelHandlerContext.java:412)
	at io.grpc.netty.shaded.io.netty.channel.DefaultChannelPipeline$HeadContext.channelRead(DefaultChannelPipeline.java:1407)
	at io.grpc.netty.shaded.io.netty.channel.AbstractChannelHandlerContext.invokeChannelRead(AbstractChannelHandlerContext.java:440)
	at io.grpc.netty.shaded.io.netty.channel.AbstractChannelHandlerContext.invokeChannelRead(AbstractChannelHandlerContext.java:420)
	at io.grpc.netty.shaded.io.netty.channel.DefaultChannelPipeline.fireChannelRead(DefaultChannelPipeline.java:918)
	at io.grpc.netty.shaded.io.netty.channel.nio.AbstractNioByteChannel$NioByteUnsafe.read(AbstractNioByteChannel.java:166)
	at io.grpc.netty.shaded.io.netty.channel.nio.NioEventLoop.processSelectedKey(NioEventLoop.java:788)
	at io.grpc.netty.shaded.io.netty.channel.nio.NioEventLoop.processSelectedKeysOptimized(NioEventLoop.java:724)
	at io.grpc.netty.shaded.io.netty.channel.nio.NioEventLoop.processSelectedKeys(NioEventLoop.java:650)
	at io.grpc.netty.shaded.io.netty.channel.nio.NioEventLoop.run(NioEventLoop.java:562)
	at io.grpc.netty.shaded.io.netty.util.concurrent.SingleThreadEventExecutor$4.run(SingleThreadEventExecutor.java:994)
	at io.grpc.netty.shaded.io.netty.util.internal.ThreadExecutorMap$2.run(ThreadExecutorMap.java:74)
	at io.grpc.netty.shaded.io.netty.util.concurrent.FastThreadLocalRunnable.run(FastThreadLocalRunnable.java:30)
	at java.base/java.lang.Thread.run(Thread.java:1474)
2026-05-29 12:03:32.152 [grpc-nio-worker-ELG-3-5] INFO  i.g.n.s.i.g.n.N.connections otel_trace_id= otel_span_id= request_id= business_trace_id= tenant_id= document_id= ingestion_job_id= - Transport failed
io.grpc.netty.shaded.io.netty.handler.codec.http2.Http2Exception: HTTP/2 client preface string missing or corrupt. Hex dump for received bytes: 1603010200010001fc0303134a216c0cd9686e4cc1ac5449
	at io.grpc.netty.shaded.io.netty.handler.codec.http2.Http2Exception.connectionError(Http2Exception.java:107)
	at io.grpc.netty.shaded.io.netty.handler.codec.http2.Http2ConnectionHandler$PrefaceDecoder.readClientPrefaceString(Http2ConnectionHandler.java:319)
	at io.grpc.netty.shaded.io.netty.handler.codec.http2.Http2ConnectionHandler$PrefaceDecoder.decode(Http2ConnectionHandler.java:245)
	at io.grpc.netty.shaded.io.netty.handler.codec.http2.Http2ConnectionHandler.decode(Http2ConnectionHandler.java:451)
	at io.grpc.netty.shaded.io.netty.handler.codec.ByteToMessageDecoder.decodeRemovalReentryProtection(ByteToMessageDecoder.java:530)
	at io.grpc.netty.shaded.io.netty.handler.codec.ByteToMessageDecoder.callDecode(ByteToMessageDecoder.java:469)
	at io.grpc.netty.shaded.io.netty.handler.codec.ByteToMessageDecoder.channelRead(ByteToMessageDecoder.java:290)
	at io.grpc.netty.shaded.io.netty.channel.AbstractChannelHandlerContext.invokeChannelRead(AbstractChannelHandlerContext.java:444)
	at io.grpc.netty.shaded.io.netty.channel.AbstractChannelHandlerContext.invokeChannelRead(AbstractChannelHandlerContext.java:420)
	at io.grpc.netty.shaded.io.netty.channel.AbstractChannelHandlerContext.fireChannelRead(AbstractChannelHandlerContext.java:412)
	at io.grpc.netty.shaded.io.netty.channel.DefaultChannelPipeline$HeadContext.channelRead(DefaultChannelPipeline.java:1407)
	at io.grpc.netty.shaded.io.netty.channel.AbstractChannelHandlerContext.invokeChannelRead(AbstractChannelHandlerContext.java:440)
	at io.grpc.netty.shaded.io.netty.channel.AbstractChannelHandlerContext.invokeChannelRead(AbstractChannelHandlerContext.java:420)
	at io.grpc.netty.shaded.io.netty.channel.DefaultChannelPipeline.fireChannelRead(DefaultChannelPipeline.java:918)
	at io.grpc.netty.shaded.io.netty.channel.nio.AbstractNioByteChannel$NioByteUnsafe.read(AbstractNioByteChannel.java:166)
	at io.grpc.netty.shaded.io.netty.channel.nio.NioEventLoop.processSelectedKey(NioEventLoop.java:788)
	at io.grpc.netty.shaded.io.netty.channel.nio.NioEventLoop.processSelectedKeysOptimized(NioEventLoop.java:724)
	at io.grpc.netty.shaded.io.netty.channel.nio.NioEventLoop.processSelectedKeys(NioEventLoop.java:650)
	at io.grpc.netty.shaded.io.netty.channel.nio.NioEventLoop.run(NioEventLoop.java:562)
	at io.grpc.netty.shaded.io.netty.util.concurrent.SingleThreadEventExecutor$4.run(SingleThreadEventExecutor.java:994)
	at io.grpc.netty.shaded.io.netty.util.internal.ThreadExecutorMap$2.run(ThreadExecutorMap.java:74)
	at io.grpc.netty.shaded.io.netty.util.concurrent.FastThreadLocalRunnable.run(FastThreadLocalRunnable.java:30)
	at java.base/java.lang.Thread.run(Thread.java:1474)
2026-05-29 12:04:45.211 [grpc-nio-worker-ELG-3-6] INFO  i.g.n.s.i.g.n.N.connections otel_trace_id= otel_span_id= request_id= business_trace_id= tenant_id= document_id= ingestion_job_id= - Transport failed
io.grpc.netty.shaded.io.netty.handler.codec.http2.Http2Exception: HTTP/2 client preface string missing or corrupt. Hex dump for received bytes: 1603010200010001fc03039d13512a1dad519e0835dc5abe
	at io.grpc.netty.shaded.io.netty.handler.codec.http2.Http2Exception.connectionError(Http2Exception.java:107)
	at io.grpc.netty.shaded.io.netty.handler.codec.http2.Http2ConnectionHandler$PrefaceDecoder.readClientPrefaceString(Http2ConnectionHandler.java:319)
	at io.grpc.netty.shaded.io.netty.handler.codec.http2.Http2ConnectionHandler$PrefaceDecoder.decode(Http2ConnectionHandler.java:245)
	at io.grpc.netty.shaded.io.netty.handler.codec.http2.Http2ConnectionHandler.decode(Http2ConnectionHandler.java:451)
	at io.grpc.netty.shaded.io.netty.handler.codec.ByteToMessageDecoder.decodeRemovalReentryProtection(ByteToMessageDecoder.java:530)
	at io.grpc.netty.shaded.io.netty.handler.codec.ByteToMessageDecoder.callDecode(ByteToMessageDecoder.java:469)
	at io.grpc.netty.shaded.io.netty.handler.codec.ByteToMessageDecoder.channelRead(ByteToMessageDecoder.java:290)
	at io.grpc.netty.shaded.io.netty.channel.AbstractChannelHandlerContext.invokeChannelRead(AbstractChannelHandlerContext.java:444)
	at io.grpc.netty.shaded.io.netty.channel.AbstractChannelHandlerContext.invokeChannelRead(AbstractChannelHandlerContext.java:420)
	at io.grpc.netty.shaded.io.netty.channel.AbstractChannelHandlerContext.fireChannelRead(AbstractChannelHandlerContext.java:412)
	at io.grpc.netty.shaded.io.netty.channel.DefaultChannelPipeline$HeadContext.channelRead(DefaultChannelPipeline.java:1407)
	at io.grpc.netty.shaded.io.netty.channel.AbstractChannelHandlerContext.invokeChannelRead(AbstractChannelHandlerContext.java:440)
	at io.grpc.netty.shaded.io.netty.channel.AbstractChannelHandlerContext.invokeChannelRead(AbstractChannelHandlerContext.java:420)
	at io.grpc.netty.shaded.io.netty.channel.DefaultChannelPipeline.fireChannelRead(DefaultChannelPipeline.java:918)
	at io.grpc.netty.shaded.io.netty.channel.nio.AbstractNioByteChannel$NioByteUnsafe.read(AbstractNioByteChannel.java:166)
	at io.grpc.netty.shaded.io.netty.channel.nio.NioEventLoop.processSelectedKey(NioEventLoop.java:788)
	at io.grpc.netty.shaded.io.netty.channel.nio.NioEventLoop.processSelectedKeysOptimized(NioEventLoop.java:724)
	at io.grpc.netty.shaded.io.netty.channel.nio.NioEventLoop.processSelectedKeys(NioEventLoop.java:650)
	at io.grpc.netty.shaded.io.netty.channel.nio.NioEventLoop.run(NioEventLoop.java:562)
	at io.grpc.netty.shaded.io.netty.util.concurrent.SingleThreadEventExecutor$4.run(SingleThreadEventExecutor.java:994)
	at io.grpc.netty.shaded.io.netty.util.internal.ThreadExecutorMap$2.run(ThreadExecutorMap.java:74)
	at io.grpc.netty.shaded.io.netty.util.concurrent.FastThreadLocalRunnable.run(FastThreadLocalRunnable.java:30)
	at java.base/java.lang.Thread.run(Thread.java:1474)
2026-05-29 12:05:33.614 [grpc-nio-worker-ELG-3-7] INFO  i.g.n.s.i.g.n.N.connections otel_trace_id= otel_span_id= request_id= business_trace_id= tenant_id= document_id= ingestion_job_id= - Transport failed
io.grpc.netty.shaded.io.netty.handler.codec.http2.Http2Exception: HTTP/2 client preface string missing or corrupt. Hex dump for received bytes: 1603010200010001fc0303416a89715850169fdb0987dbcd
	at io.grpc.netty.shaded.io.netty.handler.codec.http2.Http2Exception.connectionError(Http2Exception.java:107)
	at io.grpc.netty.shaded.io.netty.handler.codec.http2.Http2ConnectionHandler$PrefaceDecoder.readClientPrefaceString(Http2ConnectionHandler.java:319)
	at io.grpc.netty.shaded.io.netty.handler.codec.http2.Http2ConnectionHandler$PrefaceDecoder.decode(Http2ConnectionHandler.java:245)
	at io.grpc.netty.shaded.io.netty.handler.codec.http2.Http2ConnectionHandler.decode(Http2ConnectionHandler.java:451)
	at io.grpc.netty.shaded.io.netty.handler.codec.ByteToMessageDecoder.decodeRemovalReentryProtection(ByteToMessageDecoder.java:530)
	at io.grpc.netty.shaded.io.netty.handler.codec.ByteToMessageDecoder.callDecode(ByteToMessageDecoder.java:469)
	at io.grpc.netty.shaded.io.netty.handler.codec.ByteToMessageDecoder.channelRead(ByteToMessageDecoder.java:290)
	at io.grpc.netty.shaded.io.netty.channel.AbstractChannelHandlerContext.invokeChannelRead(AbstractChannelHandlerContext.java:444)
	at io.grpc.netty.shaded.io.netty.channel.AbstractChannelHandlerContext.invokeChannelRead(AbstractChannelHandlerContext.java:420)
	at io.grpc.netty.shaded.io.netty.channel.AbstractChannelHandlerContext.fireChannelRead(AbstractChannelHandlerContext.java:412)
	at io.grpc.netty.shaded.io.netty.channel.DefaultChannelPipeline$HeadContext.channelRead(DefaultChannelPipeline.java:1407)
	at io.grpc.netty.shaded.io.netty.channel.AbstractChannelHandlerContext.invokeChannelRead(AbstractChannelHandlerContext.java:440)
	at io.grpc.netty.shaded.io.netty.channel.AbstractChannelHandlerContext.invokeChannelRead(AbstractChannelHandlerContext.java:420)
	at io.grpc.netty.shaded.io.netty.channel.DefaultChannelPipeline.fireChannelRead(DefaultChannelPipeline.java:918)
	at io.grpc.netty.shaded.io.netty.channel.nio.AbstractNioByteChannel$NioByteUnsafe.read(AbstractNioByteChannel.java:166)
	at io.grpc.netty.shaded.io.netty.channel.nio.NioEventLoop.processSelectedKey(NioEventLoop.java:788)
	at io.grpc.netty.shaded.io.netty.channel.nio.NioEventLoop.processSelectedKeysOptimized(NioEventLoop.java:724)
	at io.grpc.netty.shaded.io.netty.channel.nio.NioEventLoop.processSelectedKeys(NioEventLoop.java:650)
	at io.grpc.netty.shaded.io.netty.channel.nio.NioEventLoop.run(NioEventLoop.java:562)
	at io.grpc.netty.shaded.io.netty.util.concurrent.SingleThreadEventExecutor$4.run(SingleThreadEventExecutor.java:994)
	at io.grpc.netty.shaded.io.netty.util.internal.ThreadExecutorMap$2.run(ThreadExecutorMap.java:74)
	at io.grpc.netty.shaded.io.netty.util.concurrent.FastThreadLocalRunnable.run(FastThreadLocalRunnable.java:30)
	at java.base/java.lang.Thread.run(Thread.java:1474)
2026-05-29 12:06:38.417 [grpc-nio-worker-ELG-3-8] INFO  i.g.n.s.i.g.n.N.connections otel_trace_id= otel_span_id= request_id= business_trace_id= tenant_id= document_id= ingestion_job_id= - Transport failed
io.grpc.netty.shaded.io.netty.handler.codec.http2.Http2Exception: HTTP/2 client preface string missing or corrupt. Hex dump for received bytes: 1603010200010001fc0303e53906354370e011bc135ac79c
	at io.grpc.netty.shaded.io.netty.handler.codec.http2.Http2Exception.connectionError(Http2Exception.java:107)
	at io.grpc.netty.shaded.io.netty.handler.codec.http2.Http2ConnectionHandler$PrefaceDecoder.readClientPrefaceString(Http2ConnectionHandler.java:319)
	at io.grpc.netty.shaded.io.netty.handler.codec.http2.Http2ConnectionHandler$PrefaceDecoder.decode(Http2ConnectionHandler.java:245)
	at io.grpc.netty.shaded.io.netty.handler.codec.http2.Http2ConnectionHandler.decode(Http2ConnectionHandler.java:451)
	at io.grpc.netty.shaded.io.netty.handler.codec.ByteToMessageDecoder.decodeRemovalReentryProtection(ByteToMessageDecoder.java:530)
	at io.grpc.netty.shaded.io.netty.handler.codec.ByteToMessageDecoder.callDecode(ByteToMessageDecoder.java:469)
	at io.grpc.netty.shaded.io.netty.handler.codec.ByteToMessageDecoder.channelRead(ByteToMessageDecoder.java:290)
	at io.grpc.netty.shaded.io.netty.channel.AbstractChannelHandlerContext.invokeChannelRead(AbstractChannelHandlerContext.java:444)
	at io.grpc.netty.shaded.io.netty.channel.AbstractChannelHandlerContext.invokeChannelRead(AbstractChannelHandlerContext.java:420)
	at io.grpc.netty.shaded.io.netty.channel.AbstractChannelHandlerContext.fireChannelRead(AbstractChannelHandlerContext.java:412)
	at io.grpc.netty.shaded.io.netty.channel.DefaultChannelPipeline$HeadContext.channelRead(DefaultChannelPipeline.java:1407)
	at io.grpc.netty.shaded.io.netty.channel.AbstractChannelHandlerContext.invokeChannelRead(AbstractChannelHandlerContext.java:440)
	at io.grpc.netty.shaded.io.netty.channel.AbstractChannelHandlerContext.invokeChannelRead(AbstractChannelHandlerContext.java:420)
	at io.grpc.netty.shaded.io.netty.channel.DefaultChannelPipeline.fireChannelRead(DefaultChannelPipeline.java:918)
	at io.grpc.netty.shaded.io.netty.channel.nio.AbstractNioByteChannel$NioByteUnsafe.read(AbstractNioByteChannel.java:166)
	at io.grpc.netty.shaded.io.netty.channel.nio.NioEventLoop.processSelectedKey(NioEventLoop.java:788)
	at io.grpc.netty.shaded.io.netty.channel.nio.NioEventLoop.processSelectedKeysOptimized(NioEventLoop.java:724)
	at io.grpc.netty.shaded.io.netty.channel.nio.NioEventLoop.processSelectedKeys(NioEventLoop.java:650)
	at io.grpc.netty.shaded.io.netty.channel.nio.NioEventLoop.run(NioEventLoop.java:562)
	at io.grpc.netty.shaded.io.netty.util.concurrent.SingleThreadEventExecutor$4.run(SingleThreadEventExecutor.java:994)
	at io.grpc.netty.shaded.io.netty.util.internal.ThreadExecutorMap$2.run(ThreadExecutorMap.java:74)
	at io.grpc.netty.shaded.io.netty.util.concurrent.FastThreadLocalRunnable.run(FastThreadLocalRunnable.java:30)
	at java.base/java.lang.Thread.run(Thread.java:1474)
2026-05-29 12:07:54.920 [grpc-nio-worker-ELG-3-9] INFO  i.g.n.s.i.g.n.N.connections otel_trace_id= otel_span_id= request_id= business_trace_id= tenant_id= document_id= ingestion_job_id= - Transport failed
io.grpc.netty.shaded.io.netty.handler.codec.http2.Http2Exception: HTTP/2 client preface string missing or corrupt. Hex dump for received bytes: 1603010200010001fc030328c1c4e88f7069ac22fcd86554
	at io.grpc.netty.shaded.io.netty.handler.codec.http2.Http2Exception.connectionError(Http2Exception.java:107)
	at io.grpc.netty.shaded.io.netty.handler.codec.http2.Http2ConnectionHandler$PrefaceDecoder.readClientPrefaceString(Http2ConnectionHandler.java:319)
	at io.grpc.netty.shaded.io.netty.handler.codec.http2.Http2ConnectionHandler$PrefaceDecoder.decode(Http2ConnectionHandler.java:245)
	at io.grpc.netty.shaded.io.netty.handler.codec.http2.Http2ConnectionHandler.decode(Http2ConnectionHandler.java:451)
	at io.grpc.netty.shaded.io.netty.handler.codec.ByteToMessageDecoder.decodeRemovalReentryProtection(ByteToMessageDecoder.java:530)
	at io.grpc.netty.shaded.io.netty.handler.codec.ByteToMessageDecoder.callDecode(ByteToMessageDecoder.java:469)
	at io.grpc.netty.shaded.io.netty.handler.codec.ByteToMessageDecoder.channelRead(ByteToMessageDecoder.java:290)
	at io.grpc.netty.shaded.io.netty.channel.AbstractChannelHandlerContext.invokeChannelRead(AbstractChannelHandlerContext.java:444)
	at io.grpc.netty.shaded.io.netty.channel.AbstractChannelHandlerContext.invokeChannelRead(AbstractChannelHandlerContext.java:420)
	at io.grpc.netty.shaded.io.netty.channel.AbstractChannelHandlerContext.fireChannelRead(AbstractChannelHandlerContext.java:412)
	at io.grpc.netty.shaded.io.netty.channel.DefaultChannelPipeline$HeadContext.channelRead(DefaultChannelPipeline.java:1407)
	at io.grpc.netty.shaded.io.netty.channel.AbstractChannelHandlerContext.invokeChannelRead(AbstractChannelHandlerContext.java:440)
	at io.grpc.netty.shaded.io.netty.channel.AbstractChannelHandlerContext.invokeChannelRead(AbstractChannelHandlerContext.java:420)
	at io.grpc.netty.shaded.io.netty.channel.DefaultChannelPipeline.fireChannelRead(DefaultChannelPipeline.java:918)
	at io.grpc.netty.shaded.io.netty.channel.nio.AbstractNioByteChannel$NioByteUnsafe.read(AbstractNioByteChannel.java:166)
	at io.grpc.netty.shaded.io.netty.channel.nio.NioEventLoop.processSelectedKey(NioEventLoop.java:788)
	at io.grpc.netty.shaded.io.netty.channel.nio.NioEventLoop.processSelectedKeysOptimized(NioEventLoop.java:724)
	at io.grpc.netty.shaded.io.netty.channel.nio.NioEventLoop.processSelectedKeys(NioEventLoop.java:650)
	at io.grpc.netty.shaded.io.netty.channel.nio.NioEventLoop.run(NioEventLoop.java:562)
	at io.grpc.netty.shaded.io.netty.util.concurrent.SingleThreadEventExecutor$4.run(SingleThreadEventExecutor.java:994)
	at io.grpc.netty.shaded.io.netty.util.internal.ThreadExecutorMap$2.run(ThreadExecutorMap.java:74)
	at io.grpc.netty.shaded.io.netty.util.concurrent.FastThreadLocalRunnable.run(FastThreadLocalRunnable.java:30)
	at java.base/java.lang.Thread.run(Thread.java:1474)
2026-05-29 12:08:31.134 [grpc-nio-worker-ELG-3-10] INFO  i.g.n.s.i.g.n.N.connections otel_trace_id= otel_span_id= request_id= business_trace_id= tenant_id= document_id= ingestion_job_id= - Transport failed
io.grpc.netty.shaded.io.netty.handler.codec.http2.Http2Exception: HTTP/2 client preface string missing or corrupt. Hex dump for received bytes: 1603010200010001fc0303ebd5432f4e0ce41527a90a429b
	at io.grpc.netty.shaded.io.netty.handler.codec.http2.Http2Exception.connectionError(Http2Exception.java:107)
	at io.grpc.netty.shaded.io.netty.handler.codec.http2.Http2ConnectionHandler$PrefaceDecoder.readClientPrefaceString(Http2ConnectionHandler.java:319)
	at io.grpc.netty.shaded.io.netty.handler.codec.http2.Http2ConnectionHandler$PrefaceDecoder.decode(Http2ConnectionHandler.java:245)
	at io.grpc.netty.shaded.io.netty.handler.codec.http2.Http2ConnectionHandler.decode(Http2ConnectionHandler.java:451)
	at io.grpc.netty.shaded.io.netty.handler.codec.ByteToMessageDecoder.decodeRemovalReentryProtection(ByteToMessageDecoder.java:530)
	at io.grpc.netty.shaded.io.netty.handler.codec.ByteToMessageDecoder.callDecode(ByteToMessageDecoder.java:469)
	at io.grpc.netty.shaded.io.netty.handler.codec.ByteToMessageDecoder.channelRead(ByteToMessageDecoder.java:290)
	at io.grpc.netty.shaded.io.netty.channel.AbstractChannelHandlerContext.invokeChannelRead(AbstractChannelHandlerContext.java:444)
	at io.grpc.netty.shaded.io.netty.channel.AbstractChannelHandlerContext.invokeChannelRead(AbstractChannelHandlerContext.java:420)
	at io.grpc.netty.shaded.io.netty.channel.AbstractChannelHandlerContext.fireChannelRead(AbstractChannelHandlerContext.java:412)
	at io.grpc.netty.shaded.io.netty.channel.DefaultChannelPipeline$HeadContext.channelRead(DefaultChannelPipeline.java:1407)
	at io.grpc.netty.shaded.io.netty.channel.AbstractChannelHandlerContext.invokeChannelRead(AbstractChannelHandlerContext.java:440)
	at io.grpc.netty.shaded.io.netty.channel.AbstractChannelHandlerContext.invokeChannelRead(AbstractChannelHandlerContext.java:420)
	at io.grpc.netty.shaded.io.netty.channel.DefaultChannelPipeline.fireChannelRead(DefaultChannelPipeline.java:918)
	at io.grpc.netty.shaded.io.netty.channel.nio.AbstractNioByteChannel$NioByteUnsafe.read(AbstractNioByteChannel.java:166)
	at io.grpc.netty.shaded.io.netty.channel.nio.NioEventLoop.processSelectedKey(NioEventLoop.java:788)
	at io.grpc.netty.shaded.io.netty.channel.nio.NioEventLoop.processSelectedKeysOptimized(NioEventLoop.java:724)
	at io.grpc.netty.shaded.io.netty.channel.nio.NioEventLoop.processSelectedKeys(NioEventLoop.java:650)
	at io.grpc.netty.shaded.io.netty.channel.nio.NioEventLoop.run(NioEventLoop.java:562)
	at io.grpc.netty.shaded.io.netty.util.concurrent.SingleThreadEventExecutor$4.run(SingleThreadEventExecutor.java:994)
	at io.grpc.netty.shaded.io.netty.util.internal.ThreadExecutorMap$2.run(ThreadExecutorMap.java:74)
	at io.grpc.netty.shaded.io.netty.util.concurrent.FastThreadLocalRunnable.run(FastThreadLocalRunnable.java:30)
	at java.base/java.lang.Thread.run(Thread.java:1474)
2026-05-29 12:09:55.305 [grpc-nio-worker-ELG-3-11] INFO  i.g.n.s.i.g.n.N.connections otel_trace_id= otel_span_id= request_id= business_trace_id= tenant_id= document_id= ingestion_job_id= - Transport failed
io.grpc.netty.shaded.io.netty.handler.codec.http2.Http2Exception: HTTP/2 client preface string missing or corrupt. Hex dump for received bytes: 1603010200010001fc0303f61ca24c18747b64746267be81
	at io.grpc.netty.shaded.io.netty.handler.codec.http2.Http2Exception.connectionError(Http2Exception.java:107)
	at io.grpc.netty.shaded.io.netty.handler.codec.http2.Http2ConnectionHandler$PrefaceDecoder.readClientPrefaceString(Http2ConnectionHandler.java:319)
	at io.grpc.netty.shaded.io.netty.handler.codec.http2.Http2ConnectionHandler$PrefaceDecoder.decode(Http2ConnectionHandler.java:245)
	at io.grpc.netty.shaded.io.netty.handler.codec.http2.Http2ConnectionHandler.decode(Http2ConnectionHandler.java:451)
	at io.grpc.netty.shaded.io.netty.handler.codec.ByteToMessageDecoder.decodeRemovalReentryProtection(ByteToMessageDecoder.java:530)
	at io.grpc.netty.shaded.io.netty.handler.codec.ByteToMessageDecoder.callDecode(ByteToMessageDecoder.java:469)
	at io.grpc.netty.shaded.io.netty.handler.codec.ByteToMessageDecoder.channelRead(ByteToMessageDecoder.java:290)
	at io.grpc.netty.shaded.io.netty.channel.AbstractChannelHandlerContext.invokeChannelRead(AbstractChannelHandlerContext.java:444)
	at io.grpc.netty.shaded.io.netty.channel.AbstractChannelHandlerContext.invokeChannelRead(AbstractChannelHandlerContext.java:420)
	at io.grpc.netty.shaded.io.netty.channel.AbstractChannelHandlerContext.fireChannelRead(AbstractChannelHandlerContext.java:412)
	at io.grpc.netty.shaded.io.netty.channel.DefaultChannelPipeline$HeadContext.channelRead(DefaultChannelPipeline.java:1407)
	at io.grpc.netty.shaded.io.netty.channel.AbstractChannelHandlerContext.invokeChannelRead(AbstractChannelHandlerContext.java:440)
	at io.grpc.netty.shaded.io.netty.channel.AbstractChannelHandlerContext.invokeChannelRead(AbstractChannelHandlerContext.java:420)
	at io.grpc.netty.shaded.io.netty.channel.DefaultChannelPipeline.fireChannelRead(DefaultChannelPipeline.java:918)
	at io.grpc.netty.shaded.io.netty.channel.nio.AbstractNioByteChannel$NioByteUnsafe.read(AbstractNioByteChannel.java:166)
	at io.grpc.netty.shaded.io.netty.channel.nio.NioEventLoop.processSelectedKey(NioEventLoop.java:788)
	at io.grpc.netty.shaded.io.netty.channel.nio.NioEventLoop.processSelectedKeysOptimized(NioEventLoop.java:724)
	at io.grpc.netty.shaded.io.netty.channel.nio.NioEventLoop.processSelectedKeys(NioEventLoop.java:650)
	at io.grpc.netty.shaded.io.netty.channel.nio.NioEventLoop.run(NioEventLoop.java:562)
	at io.grpc.netty.shaded.io.netty.util.concurrent.SingleThreadEventExecutor$4.run(SingleThreadEventExecutor.java:994)
	at io.grpc.netty.shaded.io.netty.util.internal.ThreadExecutorMap$2.run(ThreadExecutorMap.java:74)
	at io.grpc.netty.shaded.io.netty.util.concurrent.FastThreadLocalRunnable.run(FastThreadLocalRunnable.java:30)
	at java.base/java.lang.Thread.run(Thread.java:1474)
2026-05-29 12:10:24.384 [grpc-nio-worker-ELG-3-12] INFO  i.g.n.s.i.g.n.N.connections otel_trace_id= otel_span_id= request_id= business_trace_id= tenant_id= document_id= ingestion_job_id= - Transport failed
io.grpc.netty.shaded.io.netty.handler.codec.http2.Http2Exception: HTTP/2 client preface string missing or corrupt. Hex dump for received bytes: 1603010200010001fc0303a2f63e487d74ec3fd3e15faec6
	at io.grpc.netty.shaded.io.netty.handler.codec.http2.Http2Exception.connectionError(Http2Exception.java:107)
	at io.grpc.netty.shaded.io.netty.handler.codec.http2.Http2ConnectionHandler$PrefaceDecoder.readClientPrefaceString(Http2ConnectionHandler.java:319)
	at io.grpc.netty.shaded.io.netty.handler.codec.http2.Http2ConnectionHandler$PrefaceDecoder.decode(Http2ConnectionHandler.java:245)
	at io.grpc.netty.shaded.io.netty.handler.codec.http2.Http2ConnectionHandler.decode(Http2ConnectionHandler.java:451)
	at io.grpc.netty.shaded.io.netty.handler.codec.ByteToMessageDecoder.decodeRemovalReentryProtection(ByteToMessageDecoder.java:530)
	at io.grpc.netty.shaded.io.netty.handler.codec.ByteToMessageDecoder.callDecode(ByteToMessageDecoder.java:469)
	at io.grpc.netty.shaded.io.netty.handler.codec.ByteToMessageDecoder.channelRead(ByteToMessageDecoder.java:290)
	at io.grpc.netty.shaded.io.netty.channel.AbstractChannelHandlerContext.invokeChannelRead(AbstractChannelHandlerContext.java:444)
	at io.grpc.netty.shaded.io.netty.channel.AbstractChannelHandlerContext.invokeChannelRead(AbstractChannelHandlerContext.java:420)
	at io.grpc.netty.shaded.io.netty.channel.AbstractChannelHandlerContext.fireChannelRead(AbstractChannelHandlerContext.java:412)
	at io.grpc.netty.shaded.io.netty.channel.DefaultChannelPipeline$HeadContext.channelRead(DefaultChannelPipeline.java:1407)
	at io.grpc.netty.shaded.io.netty.channel.AbstractChannelHandlerContext.invokeChannelRead(AbstractChannelHandlerContext.java:440)
	at io.grpc.netty.shaded.io.netty.channel.AbstractChannelHandlerContext.invokeChannelRead(AbstractChannelHandlerContext.java:420)
	at io.grpc.netty.shaded.io.netty.channel.DefaultChannelPipeline.fireChannelRead(DefaultChannelPipeline.java:918)
	at io.grpc.netty.shaded.io.netty.channel.nio.AbstractNioByteChannel$NioByteUnsafe.read(AbstractNioByteChannel.java:166)
	at io.grpc.netty.shaded.io.netty.channel.nio.NioEventLoop.processSelectedKey(NioEventLoop.java:788)
	at io.grpc.netty.shaded.io.netty.channel.nio.NioEventLoop.processSelectedKeysOptimized(NioEventLoop.java:724)
	at io.grpc.netty.shaded.io.netty.channel.nio.NioEventLoop.processSelectedKeys(NioEventLoop.java:650)
	at io.grpc.netty.shaded.io.netty.channel.nio.NioEventLoop.run(NioEventLoop.java:562)
	at io.grpc.netty.shaded.io.netty.util.concurrent.SingleThreadEventExecutor$4.run(SingleThreadEventExecutor.java:994)
	at io.grpc.netty.shaded.io.netty.util.internal.ThreadExecutorMap$2.run(ThreadExecutorMap.java:74)
	at io.grpc.netty.shaded.io.netty.util.concurrent.FastThreadLocalRunnable.run(FastThreadLocalRunnable.java:30)
	at java.base/java.lang.Thread.run(Thread.java:1474)
2026-05-29 12:12:02.906 [grpc-nio-worker-ELG-3-1] INFO  i.g.n.s.i.g.n.N.connections otel_trace_id= otel_span_id= request_id= business_trace_id= tenant_id= document_id= ingestion_job_id= - Transport failed
io.grpc.netty.shaded.io.netty.handler.codec.http2.Http2Exception: HTTP/2 client preface string missing or corrupt. Hex dump for received bytes: 1603010200010001fc0303995ec6a441c1e3a8a9b6bec2a7
	at io.grpc.netty.shaded.io.netty.handler.codec.http2.Http2Exception.connectionError(Http2Exception.java:107)
	at io.grpc.netty.shaded.io.netty.handler.codec.http2.Http2ConnectionHandler$PrefaceDecoder.readClientPrefaceString(Http2ConnectionHandler.java:319)
	at io.grpc.netty.shaded.io.netty.handler.codec.http2.Http2ConnectionHandler$PrefaceDecoder.decode(Http2ConnectionHandler.java:245)
	at io.grpc.netty.shaded.io.netty.handler.codec.http2.Http2ConnectionHandler.decode(Http2ConnectionHandler.java:451)
	at io.grpc.netty.shaded.io.netty.handler.codec.ByteToMessageDecoder.decodeRemovalReentryProtection(ByteToMessageDecoder.java:530)
	at io.grpc.netty.shaded.io.netty.handler.codec.ByteToMessageDecoder.callDecode(ByteToMessageDecoder.java:469)
	at io.grpc.netty.shaded.io.netty.handler.codec.ByteToMessageDecoder.channelRead(ByteToMessageDecoder.java:290)
	at io.grpc.netty.shaded.io.netty.channel.AbstractChannelHandlerContext.invokeChannelRead(AbstractChannelHandlerContext.java:444)
	at io.grpc.netty.shaded.io.netty.channel.AbstractChannelHandlerContext.invokeChannelRead(AbstractChannelHandlerContext.java:420)
	at io.grpc.netty.shaded.io.netty.channel.AbstractChannelHandlerContext.fireChannelRead(AbstractChannelHandlerContext.java:412)
	at io.grpc.netty.shaded.io.netty.channel.DefaultChannelPipeline$HeadContext.channelRead(DefaultChannelPipeline.java:1407)
	at io.grpc.netty.shaded.io.netty.channel.AbstractChannelHandlerContext.invokeChannelRead(AbstractChannelHandlerContext.java:440)
	at io.grpc.netty.shaded.io.netty.channel.AbstractChannelHandlerContext.invokeChannelRead(AbstractChannelHandlerContext.java:420)
	at io.grpc.netty.shaded.io.netty.channel.DefaultChannelPipeline.fireChannelRead(DefaultChannelPipeline.java:918)
	at io.grpc.netty.shaded.io.netty.channel.nio.AbstractNioByteChannel$NioByteUnsafe.read(AbstractNioByteChannel.java:166)
	at io.grpc.netty.shaded.io.netty.channel.nio.NioEventLoop.processSelectedKey(NioEventLoop.java:788)
	at io.grpc.netty.shaded.io.netty.channel.nio.NioEventLoop.processSelectedKeysOptimized(NioEventLoop.java:724)
	at io.grpc.netty.shaded.io.netty.channel.nio.NioEventLoop.processSelectedKeys(NioEventLoop.java:650)
	at io.grpc.netty.shaded.io.netty.channel.nio.NioEventLoop.run(NioEventLoop.java:562)
	at io.grpc.netty.shaded.io.netty.util.concurrent.SingleThreadEventExecutor$4.run(SingleThreadEventExecutor.java:994)
	at io.grpc.netty.shaded.io.netty.util.internal.ThreadExecutorMap$2.run(ThreadExecutorMap.java:74)
	at io.grpc.netty.shaded.io.netty.util.concurrent.FastThreadLocalRunnable.run(FastThreadLocalRunnable.java:30)
	at java.base/java.lang.Thread.run(Thread.java:1474)
2026-05-29 12:12:13.300 [grpc-nio-worker-ELG-3-2] INFO  i.g.n.s.i.g.n.N.connections otel_trace_id= otel_span_id= request_id= business_trace_id= tenant_id= document_id= ingestion_job_id= - Transport failed
io.grpc.netty.shaded.io.netty.handler.codec.http2.Http2Exception: HTTP/2 client preface string missing or corrupt. Hex dump for received bytes: 1603010200010001fc0303cf2d0c810ca72ee2aa58aa2d52
	at io.grpc.netty.shaded.io.netty.handler.codec.http2.Http2Exception.connectionError(Http2Exception.java:107)
	at io.grpc.netty.shaded.io.netty.handler.codec.http2.Http2ConnectionHandler$PrefaceDecoder.readClientPrefaceString(Http2ConnectionHandler.java:319)
	at io.grpc.netty.shaded.io.netty.handler.codec.http2.Http2ConnectionHandler$PrefaceDecoder.decode(Http2ConnectionHandler.java:245)
	at io.grpc.netty.shaded.io.netty.handler.codec.http2.Http2ConnectionHandler.decode(Http2ConnectionHandler.java:451)
	at io.grpc.netty.shaded.io.netty.handler.codec.ByteToMessageDecoder.decodeRemovalReentryProtection(ByteToMessageDecoder.java:530)
	at io.grpc.netty.shaded.io.netty.handler.codec.ByteToMessageDecoder.callDecode(ByteToMessageDecoder.java:469)
	at io.grpc.netty.shaded.io.netty.handler.codec.ByteToMessageDecoder.channelRead(ByteToMessageDecoder.java:290)
	at io.grpc.netty.shaded.io.netty.channel.AbstractChannelHandlerContext.invokeChannelRead(AbstractChannelHandlerContext.java:444)
	at io.grpc.netty.shaded.io.netty.channel.AbstractChannelHandlerContext.invokeChannelRead(AbstractChannelHandlerContext.java:420)
	at io.grpc.netty.shaded.io.netty.channel.AbstractChannelHandlerContext.fireChannelRead(AbstractChannelHandlerContext.java:412)
	at io.grpc.netty.shaded.io.netty.channel.DefaultChannelPipeline$HeadContext.channelRead(DefaultChannelPipeline.java:1407)
	at io.grpc.netty.shaded.io.netty.channel.AbstractChannelHandlerContext.invokeChannelRead(AbstractChannelHandlerContext.java:440)
	at io.grpc.netty.shaded.io.netty.channel.AbstractChannelHandlerContext.invokeChannelRead(AbstractChannelHandlerContext.java:420)
	at io.grpc.netty.shaded.io.netty.channel.DefaultChannelPipeline.fireChannelRead(DefaultChannelPipeline.java:918)
	at io.grpc.netty.shaded.io.netty.channel.nio.AbstractNioByteChannel$NioByteUnsafe.read(AbstractNioByteChannel.java:166)
	at io.grpc.netty.shaded.io.netty.channel.nio.NioEventLoop.processSelectedKey(NioEventLoop.java:788)
	at io.grpc.netty.shaded.io.netty.channel.nio.NioEventLoop.processSelectedKeysOptimized(NioEventLoop.java:724)
	at io.grpc.netty.shaded.io.netty.channel.nio.NioEventLoop.processSelectedKeys(NioEventLoop.java:650)
	at io.grpc.netty.shaded.io.netty.channel.nio.NioEventLoop.run(NioEventLoop.java:562)
	at io.grpc.netty.shaded.io.netty.util.concurrent.SingleThreadEventExecutor$4.run(SingleThreadEventExecutor.java:994)
	at io.grpc.netty.shaded.io.netty.util.internal.ThreadExecutorMap$2.run(ThreadExecutorMap.java:74)
	at io.grpc.netty.shaded.io.netty.util.concurrent.FastThreadLocalRunnable.run(FastThreadLocalRunnable.java:30)
	at java.base/java.lang.Thread.run(Thread.java:1474)
2026-05-29 12:14:12.960 [grpc-nio-worker-ELG-3-3] INFO  i.g.n.s.i.g.n.N.connections otel_trace_id= otel_span_id= request_id= business_trace_id= tenant_id= document_id= ingestion_job_id= - Transport failed
io.grpc.netty.shaded.io.netty.handler.codec.http2.Http2Exception: HTTP/2 client preface string missing or corrupt. Hex dump for received bytes: 1603010200010001fc0303f55b42429bf597f4ecd620d8f9
	at io.grpc.netty.shaded.io.netty.handler.codec.http2.Http2Exception.connectionError(Http2Exception.java:107)
	at io.grpc.netty.shaded.io.netty.handler.codec.http2.Http2ConnectionHandler$PrefaceDecoder.readClientPrefaceString(Http2ConnectionHandler.java:319)
	at io.grpc.netty.shaded.io.netty.handler.codec.http2.Http2ConnectionHandler$PrefaceDecoder.decode(Http2ConnectionHandler.java:245)
	at io.grpc.netty.shaded.io.netty.handler.codec.http2.Http2ConnectionHandler.decode(Http2ConnectionHandler.java:451)
	at io.grpc.netty.shaded.io.netty.handler.codec.ByteToMessageDecoder.decodeRemovalReentryProtection(ByteToMessageDecoder.java:530)
	at io.grpc.netty.shaded.io.netty.handler.codec.ByteToMessageDecoder.callDecode(ByteToMessageDecoder.java:469)
	at io.grpc.netty.shaded.io.netty.handler.codec.ByteToMessageDecoder.channelRead(ByteToMessageDecoder.java:290)
	at io.grpc.netty.shaded.io.netty.channel.AbstractChannelHandlerContext.invokeChannelRead(AbstractChannelHandlerContext.java:444)
	at io.grpc.netty.shaded.io.netty.channel.AbstractChannelHandlerContext.invokeChannelRead(AbstractChannelHandlerContext.java:420)
	at io.grpc.netty.shaded.io.netty.channel.AbstractChannelHandlerContext.fireChannelRead(AbstractChannelHandlerContext.java:412)
	at io.grpc.netty.shaded.io.netty.channel.DefaultChannelPipeline$HeadContext.channelRead(DefaultChannelPipeline.java:1407)
	at io.grpc.netty.shaded.io.netty.channel.AbstractChannelHandlerContext.invokeChannelRead(AbstractChannelHandlerContext.java:440)
	at io.grpc.netty.shaded.io.netty.channel.AbstractChannelHandlerContext.invokeChannelRead(AbstractChannelHandlerContext.java:420)
	at io.grpc.netty.shaded.io.netty.channel.DefaultChannelPipeline.fireChannelRead(DefaultChannelPipeline.java:918)
	at io.grpc.netty.shaded.io.netty.channel.nio.AbstractNioByteChannel$NioByteUnsafe.read(AbstractNioByteChannel.java:166)
	at io.grpc.netty.shaded.io.netty.channel.nio.NioEventLoop.processSelectedKey(NioEventLoop.java:788)
	at io.grpc.netty.shaded.io.netty.channel.nio.NioEventLoop.processSelectedKeysOptimized(NioEventLoop.java:724)
	at io.grpc.netty.shaded.io.netty.channel.nio.NioEventLoop.processSelectedKeys(NioEventLoop.java:650)
	at io.grpc.netty.shaded.io.netty.channel.nio.NioEventLoop.run(NioEventLoop.java:562)
	at io.grpc.netty.shaded.io.netty.util.concurrent.SingleThreadEventExecutor$4.run(SingleThreadEventExecutor.java:994)
	at io.grpc.netty.shaded.io.netty.util.internal.ThreadExecutorMap$2.run(ThreadExecutorMap.java:74)
	at io.grpc.netty.shaded.io.netty.util.concurrent.FastThreadLocalRunnable.run(FastThreadLocalRunnable.java:30)
	at java.base/java.lang.Thread.run(Thread.java:1474)
2026-05-29 12:14:20.832 [grpc-nio-worker-ELG-3-4] INFO  i.g.n.s.i.g.n.N.connections otel_trace_id= otel_span_id= request_id= business_trace_id= tenant_id= document_id= ingestion_job_id= - Transport failed
io.grpc.netty.shaded.io.netty.handler.codec.http2.Http2Exception: HTTP/2 client preface string missing or corrupt. Hex dump for received bytes: 1603010200010001fc030329315dd61307129dd805a8f5d5
	at io.grpc.netty.shaded.io.netty.handler.codec.http2.Http2Exception.connectionError(Http2Exception.java:107)
	at io.grpc.netty.shaded.io.netty.handler.codec.http2.Http2ConnectionHandler$PrefaceDecoder.readClientPrefaceString(Http2ConnectionHandler.java:319)
	at io.grpc.netty.shaded.io.netty.handler.codec.http2.Http2ConnectionHandler$PrefaceDecoder.decode(Http2ConnectionHandler.java:245)
	at io.grpc.netty.shaded.io.netty.handler.codec.http2.Http2ConnectionHandler.decode(Http2ConnectionHandler.java:451)
	at io.grpc.netty.shaded.io.netty.handler.codec.ByteToMessageDecoder.decodeRemovalReentryProtection(ByteToMessageDecoder.java:530)
	at io.grpc.netty.shaded.io.netty.handler.codec.ByteToMessageDecoder.callDecode(ByteToMessageDecoder.java:469)
	at io.grpc.netty.shaded.io.netty.handler.codec.ByteToMessageDecoder.channelRead(ByteToMessageDecoder.java:290)
	at io.grpc.netty.shaded.io.netty.channel.AbstractChannelHandlerContext.invokeChannelRead(AbstractChannelHandlerContext.java:444)
	at io.grpc.netty.shaded.io.netty.channel.AbstractChannelHandlerContext.invokeChannelRead(AbstractChannelHandlerContext.java:420)
	at io.grpc.netty.shaded.io.netty.channel.AbstractChannelHandlerContext.fireChannelRead(AbstractChannelHandlerContext.java:412)
	at io.grpc.netty.shaded.io.netty.channel.DefaultChannelPipeline$HeadContext.channelRead(DefaultChannelPipeline.java:1407)
	at io.grpc.netty.shaded.io.netty.channel.AbstractChannelHandlerContext.invokeChannelRead(AbstractChannelHandlerContext.java:440)
	at io.grpc.netty.shaded.io.netty.channel.AbstractChannelHandlerContext.invokeChannelRead(AbstractChannelHandlerContext.java:420)
	at io.grpc.netty.shaded.io.netty.channel.DefaultChannelPipeline.fireChannelRead(DefaultChannelPipeline.java:918)
	at io.grpc.netty.shaded.io.netty.channel.nio.AbstractNioByteChannel$NioByteUnsafe.read(AbstractNioByteChannel.java:166)
	at io.grpc.netty.shaded.io.netty.channel.nio.NioEventLoop.processSelectedKey(NioEventLoop.java:788)
	at io.grpc.netty.shaded.io.netty.channel.nio.NioEventLoop.processSelectedKeysOptimized(NioEventLoop.java:724)
	at io.grpc.netty.shaded.io.netty.channel.nio.NioEventLoop.processSelectedKeys(NioEventLoop.java:650)
	at io.grpc.netty.shaded.io.netty.channel.nio.NioEventLoop.run(NioEventLoop.java:562)
	at io.grpc.netty.shaded.io.netty.util.concurrent.SingleThreadEventExecutor$4.run(SingleThreadEventExecutor.java:994)
	at io.grpc.netty.shaded.io.netty.util.internal.ThreadExecutorMap$2.run(ThreadExecutorMap.java:74)
	at io.grpc.netty.shaded.io.netty.util.concurrent.FastThreadLocalRunnable.run(FastThreadLocalRunnable.java:30)
	at java.base/java.lang.Thread.run(Thread.java:1474)
2026-05-29 13:48:19.569 [grpc-default-executor-14] INFO  b.i.g.i.GrpcLoggingInterceptor otel_trace_id= otel_span_id= request_id= business_trace_id= tenant_id= document_id= ingestion_job_id= - grpc.call.start grpc.reflection.v1alpha.ServerReflection/ServerReflectionInfo
2026-05-29 13:48:19.571 [grpc-default-executor-14] INFO  b.i.g.i.GrpcTracingInterceptor otel_trace_id=7d0db744ccd9a2284b81b04ad546430d otel_span_id=0efaa234a83aeb83 request_id= business_trace_id= tenant_id= document_id= ingestion_job_id= - trace.start: 7d0db744ccd9a2284b81b04ad546430d
2026-05-29 13:48:19.574 [grpc-default-executor-14] INFO  b.i.g.i.GrpcLoggingInterceptor$2 otel_trace_id= otel_span_id= request_id= business_trace_id= tenant_id= document_id= ingestion_job_id= - grpc.request.message grpc.reflection.v1alpha.ServerReflection/ServerReflectionInfo
2026-05-29 13:48:19.574 [grpc-default-executor-14] INFO  b.i.g.i.GrpcLoggingInterceptor$1 otel_trace_id=7d0db744ccd9a2284b81b04ad546430d otel_span_id=0efaa234a83aeb83 request_id= business_trace_id= tenant_id= document_id= ingestion_job_id= - grpc.response.send grpc.reflection.v1alpha.ServerReflection/ServerReflectionInfo
2026-05-29 13:48:19.575 [grpc-default-executor-14] INFO  b.i.g.i.GrpcLoggingInterceptor$2 otel_trace_id= otel_span_id= request_id= business_trace_id= tenant_id= document_id= ingestion_job_id= - grpc.request.complete grpc.reflection.v1alpha.ServerReflection/ServerReflectionInfo
2026-05-29 13:48:19.575 [grpc-default-executor-14] INFO  i.o.e.logging.LoggingSpanExporter otel_trace_id=7d0db744ccd9a2284b81b04ad546430d otel_span_id=0efaa234a83aeb83 request_id= business_trace_id= tenant_id= document_id= ingestion_job_id= - 'grpc.reflection.v1alpha.ServerReflection/ServerReflectionInfo' : 7d0db744ccd9a2284b81b04ad546430d 0efaa234a83aeb83 SERVER [tracer: sparrowx-document-service:] AttributesMap{data={rpc.method=grpc.reflection.v1alpha.ServerReflection/ServerReflectionInfo, rpc.system=grpc, rpc.grpc.status_code=OK}, capacity=128, totalAddedValues=3}
2026-05-29 13:48:19.577 [grpc-default-executor-14] INFO  b.i.g.i.GrpcLoggingInterceptor$1 otel_trace_id=7d0db744ccd9a2284b81b04ad546430d otel_span_id=0efaa234a83aeb83 request_id= business_trace_id= tenant_id= document_id= ingestion_job_id= - grpc.call.close grpc.reflection.v1alpha.ServerReflection/ServerReflectionInfo status=Status{code=OK, description=null, cause=null}
2026-05-29 13:48:19.578 [grpc-default-executor-14] INFO  b.i.g.i.GrpcLoggingInterceptor$2 otel_trace_id= otel_span_id= request_id= business_trace_id= tenant_id= document_id= ingestion_job_id= - grpc.call.complete grpc.reflection.v1alpha.ServerReflection/ServerReflectionInfo
2026-05-29 13:48:19.581 [grpc-default-executor-14] INFO  b.i.g.i.GrpcLoggingInterceptor otel_trace_id= otel_span_id= request_id= business_trace_id= tenant_id= document_id= ingestion_job_id= - grpc.call.start grpc.reflection.v1alpha.ServerReflection/ServerReflectionInfo
2026-05-29 13:48:19.581 [grpc-default-executor-15] INFO  b.i.g.i.GrpcLoggingInterceptor otel_trace_id= otel_span_id= request_id= business_trace_id= tenant_id= document_id= ingestion_job_id= - grpc.call.start grpc.reflection.v1alpha.ServerReflection/ServerReflectionInfo
2026-05-29 13:48:19.581 [grpc-default-executor-15] INFO  b.i.g.i.GrpcTracingInterceptor otel_trace_id=72b2ed5b295c624766a6c1dfb926cc11 otel_span_id=c6f2d76066c3fcf6 request_id= business_trace_id= tenant_id= document_id= ingestion_job_id= - trace.start: 72b2ed5b295c624766a6c1dfb926cc11
2026-05-29 13:48:19.581 [grpc-default-executor-14] INFO  b.i.g.i.GrpcTracingInterceptor otel_trace_id=3aa9d91c6f3c55d7ea2b1e6af41a985f otel_span_id=13dd1c4e513d02c8 request_id= business_trace_id= tenant_id= document_id= ingestion_job_id= - trace.start: 3aa9d91c6f3c55d7ea2b1e6af41a985f
2026-05-29 13:48:19.581 [grpc-default-executor-14] INFO  b.i.g.i.GrpcLoggingInterceptor$2 otel_trace_id= otel_span_id= request_id= business_trace_id= tenant_id= document_id= ingestion_job_id= - grpc.request.message grpc.reflection.v1alpha.ServerReflection/ServerReflectionInfo
2026-05-29 13:48:19.581 [grpc-default-executor-15] INFO  b.i.g.i.GrpcLoggingInterceptor$2 otel_trace_id= otel_span_id= request_id= business_trace_id= tenant_id= document_id= ingestion_job_id= - grpc.request.message grpc.reflection.v1alpha.ServerReflection/ServerReflectionInfo
2026-05-29 13:48:19.582 [grpc-default-executor-15] INFO  b.i.g.i.GrpcLoggingInterceptor$1 otel_trace_id=72b2ed5b295c624766a6c1dfb926cc11 otel_span_id=c6f2d76066c3fcf6 request_id= business_trace_id= tenant_id= document_id= ingestion_job_id= - grpc.response.send grpc.reflection.v1alpha.ServerReflection/ServerReflectionInfo
2026-05-29 13:48:19.582 [grpc-default-executor-14] INFO  b.i.g.i.GrpcLoggingInterceptor$1 otel_trace_id=3aa9d91c6f3c55d7ea2b1e6af41a985f otel_span_id=13dd1c4e513d02c8 request_id= business_trace_id= tenant_id= document_id= ingestion_job_id= - grpc.response.send grpc.reflection.v1alpha.ServerReflection/ServerReflectionInfo
2026-05-29 13:48:19.583 [grpc-default-executor-15] INFO  b.i.g.i.GrpcLoggingInterceptor$2 otel_trace_id= otel_span_id= request_id= business_trace_id= tenant_id= document_id= ingestion_job_id= - grpc.request.complete grpc.reflection.v1alpha.ServerReflection/ServerReflectionInfo
2026-05-29 13:48:19.583 [grpc-default-executor-14] INFO  b.i.g.i.GrpcLoggingInterceptor$2 otel_trace_id= otel_span_id= request_id= business_trace_id= tenant_id= document_id= ingestion_job_id= - grpc.request.complete grpc.reflection.v1alpha.ServerReflection/ServerReflectionInfo
2026-05-29 13:48:19.584 [grpc-default-executor-15] INFO  i.o.e.logging.LoggingSpanExporter otel_trace_id=72b2ed5b295c624766a6c1dfb926cc11 otel_span_id=c6f2d76066c3fcf6 request_id= business_trace_id= tenant_id= document_id= ingestion_job_id= - 'grpc.reflection.v1alpha.ServerReflection/ServerReflectionInfo' : 72b2ed5b295c624766a6c1dfb926cc11 c6f2d76066c3fcf6 SERVER [tracer: sparrowx-document-service:] AttributesMap{data={rpc.method=grpc.reflection.v1alpha.ServerReflection/ServerReflectionInfo, rpc.system=grpc, rpc.grpc.status_code=OK}, capacity=128, totalAddedValues=3}
2026-05-29 13:48:19.584 [grpc-default-executor-14] INFO  i.o.e.logging.LoggingSpanExporter otel_trace_id=3aa9d91c6f3c55d7ea2b1e6af41a985f otel_span_id=13dd1c4e513d02c8 request_id= business_trace_id= tenant_id= document_id= ingestion_job_id= - 'grpc.reflection.v1alpha.ServerReflection/ServerReflectionInfo' : 3aa9d91c6f3c55d7ea2b1e6af41a985f 13dd1c4e513d02c8 SERVER [tracer: sparrowx-document-service:] AttributesMap{data={rpc.method=grpc.reflection.v1alpha.ServerReflection/ServerReflectionInfo, rpc.system=grpc, rpc.grpc.status_code=OK}, capacity=128, totalAddedValues=3}
2026-05-29 13:48:19.584 [grpc-default-executor-15] INFO  b.i.g.i.GrpcLoggingInterceptor$1 otel_trace_id=72b2ed5b295c624766a6c1dfb926cc11 otel_span_id=c6f2d76066c3fcf6 request_id= business_trace_id= tenant_id= document_id= ingestion_job_id= - grpc.call.close grpc.reflection.v1alpha.ServerReflection/ServerReflectionInfo status=Status{code=OK, description=null, cause=null}
2026-05-29 13:48:19.584 [grpc-default-executor-14] INFO  b.i.g.i.GrpcLoggingInterceptor$1 otel_trace_id=3aa9d91c6f3c55d7ea2b1e6af41a985f otel_span_id=13dd1c4e513d02c8 request_id= business_trace_id= tenant_id= document_id= ingestion_job_id= - grpc.call.close grpc.reflection.v1alpha.ServerReflection/ServerReflectionInfo status=Status{code=OK, description=null, cause=null}
2026-05-29 13:48:19.584 [grpc-default-executor-14] INFO  b.i.g.i.GrpcLoggingInterceptor$2 otel_trace_id= otel_span_id= request_id= business_trace_id= tenant_id= document_id= ingestion_job_id= - grpc.call.complete grpc.reflection.v1alpha.ServerReflection/ServerReflectionInfo
2026-05-29 13:48:19.584 [grpc-default-executor-15] INFO  b.i.g.i.GrpcLoggingInterceptor$2 otel_trace_id= otel_span_id= request_id= business_trace_id= tenant_id= document_id= ingestion_job_id= - grpc.call.complete grpc.reflection.v1alpha.ServerReflection/ServerReflectionInfo
2026-05-29 14:52:51.718 [HikariPool-1:housekeeper] WARN  com.zaxxer.hikari.pool.HikariPool otel_trace_id= otel_span_id= request_id= business_trace_id= tenant_id= document_id= ingestion_job_id= - HikariPool-1 - Thread starvation or clock leap detected (housekeeper delta=1m26s911ms923µs).
2026-05-29 15:32:34.836 [SpringApplicationShutdownHook] INFO  n.d.b.g.s.s.GrpcServerLifecycle otel_trace_id= otel_span_id= request_id= business_trace_id= tenant_id= document_id= ingestion_job_id= - Completed gRPC server shutdown
2026-05-29 15:32:34.838 [SpringApplicationShutdownHook] INFO  o.s.boot.tomcat.GracefulShutdown otel_trace_id= otel_span_id= request_id= business_trace_id= tenant_id= document_id= ingestion_job_id= - Commencing graceful shutdown. Waiting for active requests to complete
2026-05-29 15:32:34.841 [tomcat-shutdown] INFO  o.s.boot.tomcat.GracefulShutdown otel_trace_id= otel_span_id= request_id= business_trace_id= tenant_id= document_id= ingestion_job_id= - Graceful shutdown complete
2026-05-29 15:32:34.860 [SpringApplicationShutdownHook] INFO  b.i.grpc.health.GrpcHealthAdapter otel_trace_id= otel_span_id= request_id= business_trace_id= tenant_id= document_id= ingestion_job_id= - Shutting down — setting gRPC global health to NOT_SERVING
2026-05-29 15:32:34.876 [SpringApplicationShutdownHook] INFO  o.s.o.j.LocalContainerEntityManagerFactoryBean otel_trace_id= otel_span_id= request_id= business_trace_id= tenant_id= document_id= ingestion_job_id= - Closing JPA EntityManagerFactory for persistence unit 'default'
2026-05-29 15:32:34.881 [SpringApplicationShutdownHook] INFO  com.zaxxer.hikari.HikariDataSource otel_trace_id= otel_span_id= request_id= business_trace_id= tenant_id= document_id= ingestion_job_id= - HikariPool-1 - Shutdown initiated...
2026-05-29 15:32:34.887 [SpringApplicationShutdownHook] INFO  com.zaxxer.hikari.HikariDataSource otel_trace_id= otel_span_id= request_id= business_trace_id= tenant_id= document_id= ingestion_job_id= - HikariPool-1 - Shutdown completed.
2026-05-29 15:33:40.365 [main] INFO  c.s.document.DocumentApplication otel_trace_id= otel_span_id= request_id= business_trace_id= tenant_id= document_id= ingestion_job_id= - Starting DocumentApplication using Java 25.0.2 with PID 7460 (D:\Projects\Sparrow-x\document-service\target\classes started by aggre in D:\Projects\Sparrow-x\document-service)
2026-05-29 15:33:40.366 [main] INFO  c.s.document.DocumentApplication otel_trace_id= otel_span_id= request_id= business_trace_id= tenant_id= document_id= ingestion_job_id= - The following 1 profile is active: "dev"
2026-05-29 15:33:41.098 [main] INFO  o.s.d.r.c.RepositoryConfigurationDelegate otel_trace_id= otel_span_id= request_id= business_trace_id= tenant_id= document_id= ingestion_job_id= - Multiple Spring Data modules found, entering strict repository configuration mode
2026-05-29 15:33:41.099 [main] INFO  o.s.d.r.c.RepositoryConfigurationDelegate otel_trace_id= otel_span_id= request_id= business_trace_id= tenant_id= document_id= ingestion_job_id= - Bootstrapping Spring Data JPA repositories in DEFAULT mode.
2026-05-29 15:33:41.194 [main] INFO  o.s.d.r.c.RepositoryConfigurationDelegate otel_trace_id= otel_span_id= request_id= business_trace_id= tenant_id= document_id= ingestion_job_id= - Finished Spring Data repository scanning in 87 ms. Found 5 JPA repository interfaces.
2026-05-29 15:33:42.159 [main] INFO  o.s.d.r.c.RepositoryConfigurationDelegate otel_trace_id= otel_span_id= request_id= business_trace_id= tenant_id= document_id= ingestion_job_id= - Multiple Spring Data modules found, entering strict repository configuration mode
2026-05-29 15:33:42.160 [main] INFO  o.s.d.r.c.RepositoryConfigurationDelegate otel_trace_id= otel_span_id= request_id= business_trace_id= tenant_id= document_id= ingestion_job_id= - Bootstrapping Spring Data Redis repositories in DEFAULT mode.
2026-05-29 15:33:42.201 [main] INFO  o.s.d.r.c.RepositoryConfigurationExtensionSupport otel_trace_id= otel_span_id= request_id= business_trace_id= tenant_id= document_id= ingestion_job_id= - Spring Data Redis - Could not safely identify store assignment for repository candidate interface com.sparrowx.document.data.postgres.repositories.DocumentChunkRepository; If you want this repository to be a Redis repository, consider annotating your entities with one of these annotations: org.springframework.data.redis.core.RedisHash (preferred), or consider extending one of the following types with your repository: org.springframework.data.keyvalue.repository.KeyValueRepository
2026-05-29 15:33:42.202 [main] INFO  o.s.d.r.c.RepositoryConfigurationExtensionSupport otel_trace_id= otel_span_id= request_id= business_trace_id= tenant_id= document_id= ingestion_job_id= - Spring Data Redis - Could not safely identify store assignment for repository candidate interface com.sparrowx.document.data.postgres.repositories.DocumentRepository; If you want this repository to be a Redis repository, consider annotating your entities with one of these annotations: org.springframework.data.redis.core.RedisHash (preferred), or consider extending one of the following types with your repository: org.springframework.data.keyvalue.repository.KeyValueRepository
2026-05-29 15:33:42.202 [main] INFO  o.s.d.r.c.RepositoryConfigurationExtensionSupport otel_trace_id= otel_span_id= request_id= business_trace_id= tenant_id= document_id= ingestion_job_id= - Spring Data Redis - Could not safely identify store assignment for repository candidate interface com.sparrowx.document.data.postgres.repositories.IngestionJobRepository; If you want this repository to be a Redis repository, consider annotating your entities with one of these annotations: org.springframework.data.redis.core.RedisHash (preferred), or consider extending one of the following types with your repository: org.springframework.data.keyvalue.repository.KeyValueRepository
2026-05-29 15:33:42.202 [main] INFO  o.s.d.r.c.RepositoryConfigurationDelegate otel_trace_id= otel_span_id= request_id= business_trace_id= tenant_id= document_id= ingestion_job_id= - Finished Spring Data repository scanning in 34 ms. Found 0 Redis repository interfaces.
2026-05-29 15:33:43.715 [main] INFO  o.s.boot.tomcat.TomcatWebServer otel_trace_id= otel_span_id= request_id= business_trace_id= tenant_id= document_id= ingestion_job_id= - Tomcat initialized with port 8081 (http)
2026-05-29 15:33:43.738 [main] INFO  o.a.catalina.core.StandardService otel_trace_id= otel_span_id= request_id= business_trace_id= tenant_id= document_id= ingestion_job_id= - Starting service [Tomcat]
2026-05-29 15:33:43.738 [main] INFO  o.a.catalina.core.StandardEngine otel_trace_id= otel_span_id= request_id= business_trace_id= tenant_id= document_id= ingestion_job_id= - Starting Servlet engine: [Apache Tomcat/11.0.21]
2026-05-29 15:33:43.871 [main] INFO  o.s.b.w.c.s.WebApplicationContextInitializer otel_trace_id= otel_span_id= request_id= business_trace_id= tenant_id= document_id= ingestion_job_id= - Root WebApplicationContext: initialization completed in 3471 ms
2026-05-29 15:33:44.198 [main] INFO  org.hibernate.orm.jpa otel_trace_id= otel_span_id= request_id= business_trace_id= tenant_id= document_id= ingestion_job_id= - HHH008540: Processing PersistenceUnitInfo [name: default]
2026-05-29 15:33:44.274 [main] INFO  org.hibernate.orm.core otel_trace_id= otel_span_id= request_id= business_trace_id= tenant_id= document_id= ingestion_job_id= - HHH000001: Hibernate ORM core version 7.2.12.Final
2026-05-29 15:33:44.831 [main] INFO  o.s.o.j.p.SpringPersistenceUnitInfo otel_trace_id= otel_span_id= request_id= business_trace_id= tenant_id= document_id= ingestion_job_id= - No LoadTimeWeaver setup: ignoring JPA class transformer
2026-05-29 15:33:44.870 [main] INFO  com.zaxxer.hikari.HikariDataSource otel_trace_id= otel_span_id= request_id= business_trace_id= tenant_id= document_id= ingestion_job_id= - HikariPool-1 - Starting...
2026-05-29 15:33:45.076 [main] INFO  com.zaxxer.hikari.pool.HikariPool otel_trace_id= otel_span_id= request_id= business_trace_id= tenant_id= document_id= ingestion_job_id= - HikariPool-1 - Added connection org.postgresql.jdbc.PgConnection@44b99f09
2026-05-29 15:33:45.079 [main] INFO  com.zaxxer.hikari.HikariDataSource otel_trace_id= otel_span_id= request_id= business_trace_id= tenant_id= document_id= ingestion_job_id= - HikariPool-1 - Start completed.
2026-05-29 15:33:45.190 [main] INFO  o.hibernate.orm.connections.pooling otel_trace_id= otel_span_id= request_id= business_trace_id= tenant_id= document_id= ingestion_job_id= - HHH10001005: Database info:
	Database JDBC URL [jdbc:postgresql://localhost:5432/postgres]
	Database driver: PostgreSQL JDBC Driver
	Database dialect: PostgreSQLDialect
	Database version: 16.13
	Default catalog/schema: postgres/public
	Autocommit mode: undefined/unknown
	Isolation level: READ_COMMITTED [default READ_COMMITTED]
	JDBC fetch size: none
	Pool: DataSourceConnectionProvider
	Minimum pool size: undefined/unknown
	Maximum pool size: undefined/unknown
2026-05-29 15:33:46.486 [main] INFO  org.hibernate.orm.core otel_trace_id= otel_span_id= request_id= business_trace_id= tenant_id= document_id= ingestion_job_id= - HHH000489: No JTA platform available (set 'hibernate.transaction.jta.platform' to enable JTA platform integration)
2026-05-29 15:33:46.585 [main] INFO  o.s.o.j.LocalContainerEntityManagerFactoryBean otel_trace_id= otel_span_id= request_id= business_trace_id= tenant_id= document_id= ingestion_job_id= - Initialized JPA EntityManagerFactory for persistence unit 'default'
2026-05-29 15:33:47.302 [main] INFO  o.s.d.j.r.q.QueryEnhancerFactories otel_trace_id= otel_span_id= request_id= business_trace_id= tenant_id= document_id= ingestion_job_id= - Hibernate is in classpath; If applicable, HQL parser will be used.
2026-05-29 15:33:49.248 [main] INFO  n.d.b.g.s.a.GrpcServerFactoryAutoConfiguration otel_trace_id= otel_span_id= request_id= business_trace_id= tenant_id= document_id= ingestion_job_id= - Detected grpc-netty-shaded: Creating ShadedNettyGrpcServerFactory
2026-05-29 15:33:49.794 [main] INFO  o.s.b.a.e.web.EndpointLinksResolver otel_trace_id= otel_span_id= request_id= business_trace_id= tenant_id= document_id= ingestion_job_id= - Exposing 3 endpoints beneath base path '/actuator'
2026-05-29 15:33:49.825 [main] WARN  o.s.a.m.a.p.s.SyncMcpSamplingProvider otel_trace_id= otel_span_id= request_id= business_trace_id= tenant_id= document_id= ingestion_job_id= - No sampling methods found
2026-05-29 15:33:49.825 [main] WARN  o.s.a.m.a.p.e.SyncMcpElicitationProvider otel_trace_id= otel_span_id= request_id= business_trace_id= tenant_id= document_id= ingestion_job_id= - No elicitation methods found
2026-05-29 15:33:49.910 [main] INFO  o.s.boot.tomcat.TomcatWebServer otel_trace_id= otel_span_id= request_id= business_trace_id= tenant_id= document_id= ingestion_job_id= - Tomcat started on port 8081 (http) with context path '/'
2026-05-29 15:33:50.003 [main] INFO  n.d.b.g.s.s.AbstractGrpcServerFactory otel_trace_id= otel_span_id= request_id= business_trace_id= tenant_id= document_id= ingestion_job_id= - Registered gRPC service: document.DocumentService, bean: documentServiceGrpcImpl, class: com.sparrowx.document.grpc.DocumentServiceGrpcImpl
2026-05-29 15:33:50.003 [main] INFO  n.d.b.g.s.s.AbstractGrpcServerFactory otel_trace_id= otel_span_id= request_id= business_trace_id= tenant_id= document_id= ingestion_job_id= - Registered gRPC service: grpc.health.v1.Health, bean: grpcHealthService, class: io.grpc.protobuf.services.HealthServiceImpl
2026-05-29 15:33:50.003 [main] INFO  n.d.b.g.s.s.AbstractGrpcServerFactory otel_trace_id= otel_span_id= request_id= business_trace_id= tenant_id= document_id= ingestion_job_id= - Registered gRPC service: grpc.reflection.v1alpha.ServerReflection, bean: protoReflectionService, class: io.grpc.protobuf.services.ProtoReflectionService
2026-05-29 15:33:50.155 [main] INFO  n.d.b.g.s.s.GrpcServerLifecycle otel_trace_id= otel_span_id= request_id= business_trace_id= tenant_id= document_id= ingestion_job_id= - gRPC Server started, listening on address: *, port: 50054
2026-05-29 15:33:50.155 [main] INFO  c.s.document.DocumentApplication otel_trace_id= otel_span_id= request_id= business_trace_id= tenant_id= document_id= ingestion_job_id= - Started DocumentApplication in 10.184 seconds (process running for 10.646)
2026-05-29 15:33:50.350 [main] INFO  c.s.d.d.q.QdrantCollectionInitializer otel_trace_id= otel_span_id= request_id= business_trace_id= tenant_id= document_id= ingestion_job_id= - Qdrant collection already exists: sparrowx_document_chunks
2026-05-29 15:33:50.352 [main] WARN  o.s.c.events.SpringDocAppInitializer otel_trace_id= otel_span_id= request_id= business_trace_id= tenant_id= document_id= ingestion_job_id= - SpringDoc /v3/api-docs endpoint is enabled by default. To disable it in production, set the property 'springdoc.api-docs.enabled=false'
2026-05-29 15:33:50.352 [main] WARN  o.s.c.events.SpringDocAppInitializer otel_trace_id= otel_span_id= request_id= business_trace_id= tenant_id= document_id= ingestion_job_id= - SpringDoc /swagger-ui.html endpoint is enabled by default. To disable it in production, set the property 'springdoc.swagger-ui.enabled=false'
2026-05-29 15:33:50.356 [http-nio-8081-exec-1] INFO  o.a.c.c.C.[Tomcat].[localhost].[/] otel_trace_id= otel_span_id= request_id= business_trace_id= tenant_id= document_id= ingestion_job_id= - Initializing Spring DispatcherServlet 'dispatcherServlet'
2026-05-29 15:33:50.357 [http-nio-8081-exec-1] INFO  o.s.web.servlet.DispatcherServlet otel_trace_id= otel_span_id= request_id= business_trace_id= tenant_id= document_id= ingestion_job_id= - Initializing Servlet 'dispatcherServlet'
2026-05-29 15:33:50.361 [http-nio-8081-exec-1] INFO  o.s.web.servlet.DispatcherServlet otel_trace_id= otel_span_id= request_id= business_trace_id= tenant_id= document_id= ingestion_job_id= - Completed initialization in 4 ms
2026-05-29 15:33:50.571 [main] INFO  c.s.d.g.h.DocumentServiceStartupCheck otel_trace_id= otel_span_id= request_id= business_trace_id= tenant_id= document_id= ingestion_job_id= - Document service startup check complete documentCount=27 storageProvider=MinioDocumentStorage
2026-05-29 15:33:50.589 [main] INFO  b.i.grpc.health.GrpcHealthAdapter otel_trace_id= otel_span_id= request_id= business_trace_id= tenant_id= document_id= ingestion_job_id= - Application ready — setting gRPC global health to SERVING
2026-05-29 15:34:43.965 [grpc-default-executor-0] INFO  b.i.g.i.GrpcLoggingInterceptor otel_trace_id= otel_span_id= request_id= business_trace_id= tenant_id= document_id= ingestion_job_id= - grpc.call.start grpc.reflection.v1alpha.ServerReflection/ServerReflectionInfo
2026-05-29 15:34:43.990 [grpc-default-executor-0] INFO  b.i.g.i.GrpcTracingInterceptor otel_trace_id=25e361e1feb6302c5195c262c5e54fb2 otel_span_id=b64392c977a71810 request_id= business_trace_id= tenant_id= document_id= ingestion_job_id= - trace.start: 25e361e1feb6302c5195c262c5e54fb2
2026-05-29 15:34:44.140 [grpc-default-executor-0] INFO  b.i.g.i.GrpcLoggingInterceptor$2 otel_trace_id= otel_span_id= request_id= business_trace_id= tenant_id= document_id= ingestion_job_id= - grpc.request.message grpc.reflection.v1alpha.ServerReflection/ServerReflectionInfo
2026-05-29 15:34:44.154 [grpc-default-executor-0] INFO  b.i.g.i.GrpcLoggingInterceptor$1 otel_trace_id=25e361e1feb6302c5195c262c5e54fb2 otel_span_id=b64392c977a71810 request_id= business_trace_id= tenant_id= document_id= ingestion_job_id= - grpc.response.send grpc.reflection.v1alpha.ServerReflection/ServerReflectionInfo
2026-05-29 15:34:44.161 [grpc-default-executor-0] INFO  b.i.g.i.GrpcLoggingInterceptor$2 otel_trace_id= otel_span_id= request_id= business_trace_id= tenant_id= document_id= ingestion_job_id= - grpc.request.complete grpc.reflection.v1alpha.ServerReflection/ServerReflectionInfo
2026-05-29 15:34:44.168 [grpc-default-executor-0] INFO  i.o.e.logging.LoggingSpanExporter otel_trace_id=25e361e1feb6302c5195c262c5e54fb2 otel_span_id=b64392c977a71810 request_id= business_trace_id= tenant_id= document_id= ingestion_job_id= - 'grpc.reflection.v1alpha.ServerReflection/ServerReflectionInfo' : 25e361e1feb6302c5195c262c5e54fb2 b64392c977a71810 SERVER [tracer: sparrowx-document-service:] AttributesMap{data={rpc.method=grpc.reflection.v1alpha.ServerReflection/ServerReflectionInfo, rpc.system=grpc, rpc.grpc.status_code=OK}, capacity=128, totalAddedValues=3}
2026-05-29 15:34:44.171 [grpc-default-executor-0] INFO  b.i.g.i.GrpcLoggingInterceptor$1 otel_trace_id=25e361e1feb6302c5195c262c5e54fb2 otel_span_id=b64392c977a71810 request_id= business_trace_id= tenant_id= document_id= ingestion_job_id= - grpc.call.close grpc.reflection.v1alpha.ServerReflection/ServerReflectionInfo status=Status{code=OK, description=null, cause=null}
2026-05-29 15:34:44.176 [grpc-default-executor-0] INFO  b.i.g.i.GrpcLoggingInterceptor$2 otel_trace_id= otel_span_id= request_id= business_trace_id= tenant_id= document_id= ingestion_job_id= - grpc.call.complete grpc.reflection.v1alpha.ServerReflection/ServerReflectionInfo
2026-05-29 15:34:44.179 [grpc-default-executor-0] INFO  b.i.g.i.GrpcLoggingInterceptor otel_trace_id= otel_span_id= request_id= business_trace_id= tenant_id= document_id= ingestion_job_id= - grpc.call.start grpc.reflection.v1alpha.ServerReflection/ServerReflectionInfo
2026-05-29 15:34:44.179 [grpc-default-executor-1] INFO  b.i.g.i.GrpcLoggingInterceptor otel_trace_id= otel_span_id= request_id= business_trace_id= tenant_id= document_id= ingestion_job_id= - grpc.call.start grpc.reflection.v1alpha.ServerReflection/ServerReflectionInfo
2026-05-29 15:34:44.179 [grpc-default-executor-0] INFO  b.i.g.i.GrpcTracingInterceptor otel_trace_id=30c23cbec60b875517c67b808572a6d5 otel_span_id=30dd877b3498b03e request_id= business_trace_id= tenant_id= document_id= ingestion_job_id= - trace.start: 30c23cbec60b875517c67b808572a6d5
2026-05-29 15:34:44.180 [grpc-default-executor-1] INFO  b.i.g.i.GrpcTracingInterceptor otel_trace_id=2c2a620bfe140fc0d892959adb931b9b otel_span_id=26c9c6731f7096ec request_id= business_trace_id= tenant_id= document_id= ingestion_job_id= - trace.start: 2c2a620bfe140fc0d892959adb931b9b
2026-05-29 15:34:44.180 [grpc-default-executor-0] INFO  b.i.g.i.GrpcLoggingInterceptor$2 otel_trace_id= otel_span_id= request_id= business_trace_id= tenant_id= document_id= ingestion_job_id= - grpc.request.message grpc.reflection.v1alpha.ServerReflection/ServerReflectionInfo
2026-05-29 15:34:44.180 [grpc-default-executor-1] INFO  b.i.g.i.GrpcLoggingInterceptor$2 otel_trace_id= otel_span_id= request_id= business_trace_id= tenant_id= document_id= ingestion_job_id= - grpc.request.message grpc.reflection.v1alpha.ServerReflection/ServerReflectionInfo
2026-05-29 15:34:44.185 [grpc-default-executor-1] INFO  b.i.g.i.GrpcLoggingInterceptor$1 otel_trace_id=2c2a620bfe140fc0d892959adb931b9b otel_span_id=26c9c6731f7096ec request_id= business_trace_id= tenant_id= document_id= ingestion_job_id= - grpc.response.send grpc.reflection.v1alpha.ServerReflection/ServerReflectionInfo
2026-05-29 15:34:44.186 [grpc-default-executor-0] INFO  b.i.g.i.GrpcLoggingInterceptor$1 otel_trace_id=30c23cbec60b875517c67b808572a6d5 otel_span_id=30dd877b3498b03e request_id= business_trace_id= tenant_id= document_id= ingestion_job_id= - grpc.response.send grpc.reflection.v1alpha.ServerReflection/ServerReflectionInfo
2026-05-29 15:34:44.186 [grpc-default-executor-1] INFO  b.i.g.i.GrpcLoggingInterceptor$2 otel_trace_id= otel_span_id= request_id= business_trace_id= tenant_id= document_id= ingestion_job_id= - grpc.request.complete grpc.reflection.v1alpha.ServerReflection/ServerReflectionInfo
2026-05-29 15:34:44.186 [grpc-default-executor-1] INFO  i.o.e.logging.LoggingSpanExporter otel_trace_id=2c2a620bfe140fc0d892959adb931b9b otel_span_id=26c9c6731f7096ec request_id= business_trace_id= tenant_id= document_id= ingestion_job_id= - 'grpc.reflection.v1alpha.ServerReflection/ServerReflectionInfo' : 2c2a620bfe140fc0d892959adb931b9b 26c9c6731f7096ec SERVER [tracer: sparrowx-document-service:] AttributesMap{data={rpc.method=grpc.reflection.v1alpha.ServerReflection/ServerReflectionInfo, rpc.system=grpc, rpc.grpc.status_code=OK}, capacity=128, totalAddedValues=3}
2026-05-29 15:34:44.186 [grpc-default-executor-0] INFO  b.i.g.i.GrpcLoggingInterceptor$2 otel_trace_id= otel_span_id= request_id= business_trace_id= tenant_id= document_id= ingestion_job_id= - grpc.request.complete grpc.reflection.v1alpha.ServerReflection/ServerReflectionInfo
2026-05-29 15:34:44.186 [grpc-default-executor-1] INFO  b.i.g.i.GrpcLoggingInterceptor$1 otel_trace_id=2c2a620bfe140fc0d892959adb931b9b otel_span_id=26c9c6731f7096ec request_id= business_trace_id= tenant_id= document_id= ingestion_job_id= - grpc.call.close grpc.reflection.v1alpha.ServerReflection/ServerReflectionInfo status=Status{code=OK, description=null, cause=null}
2026-05-29 15:34:44.187 [grpc-default-executor-0] INFO  i.o.e.logging.LoggingSpanExporter otel_trace_id=30c23cbec60b875517c67b808572a6d5 otel_span_id=30dd877b3498b03e request_id= business_trace_id= tenant_id= document_id= ingestion_job_id= - 'grpc.reflection.v1alpha.ServerReflection/ServerReflectionInfo' : 30c23cbec60b875517c67b808572a6d5 30dd877b3498b03e SERVER [tracer: sparrowx-document-service:] AttributesMap{data={rpc.method=grpc.reflection.v1alpha.ServerReflection/ServerReflectionInfo, rpc.system=grpc, rpc.grpc.status_code=OK}, capacity=128, totalAddedValues=3}
2026-05-29 15:34:44.187 [grpc-default-executor-0] INFO  b.i.g.i.GrpcLoggingInterceptor$1 otel_trace_id=30c23cbec60b875517c67b808572a6d5 otel_span_id=30dd877b3498b03e request_id= business_trace_id= tenant_id= document_id= ingestion_job_id= - grpc.call.close grpc.reflection.v1alpha.ServerReflection/ServerReflectionInfo status=Status{code=OK, description=null, cause=null}
2026-05-29 15:34:44.187 [grpc-default-executor-1] INFO  b.i.g.i.GrpcLoggingInterceptor$2 otel_trace_id= otel_span_id= request_id= business_trace_id= tenant_id= document_id= ingestion_job_id= - grpc.call.complete grpc.reflection.v1alpha.ServerReflection/ServerReflectionInfo
2026-05-29 15:34:44.187 [grpc-default-executor-1] INFO  b.i.g.i.GrpcLoggingInterceptor$2 otel_trace_id= otel_span_id= request_id= business_trace_id= tenant_id= document_id= ingestion_job_id= - grpc.call.complete grpc.reflection.v1alpha.ServerReflection/ServerReflectionInfo
2026-05-29 15:34:48.079 [grpc-default-executor-1] INFO  b.i.g.i.GrpcLoggingInterceptor otel_trace_id= otel_span_id= request_id= business_trace_id= tenant_id= document_id= ingestion_job_id= - grpc.call.start document.DocumentService/BuildDocumentEvidence
2026-05-29 15:34:48.080 [grpc-default-executor-1] INFO  b.i.g.i.GrpcTracingInterceptor otel_trace_id=d6437c3b1d9d537ef0b6d864c469e5ba otel_span_id=8d148f2e41447e5d request_id= business_trace_id= tenant_id= document_id= ingestion_job_id= - trace.start: d6437c3b1d9d537ef0b6d864c469e5ba
2026-05-29 15:34:48.098 [grpc-default-executor-1] INFO  b.i.g.i.GrpcLoggingInterceptor$2 otel_trace_id= otel_span_id= request_id= business_trace_id= tenant_id= document_id= ingestion_job_id= - grpc.request.message document.DocumentService/BuildDocumentEvidence
2026-05-29 15:34:48.098 [grpc-default-executor-1] INFO  b.i.g.i.GrpcLoggingInterceptor$2 otel_trace_id= otel_span_id= request_id= business_trace_id= tenant_id= document_id= ingestion_job_id= - grpc.request.complete document.DocumentService/BuildDocumentEvidence
2026-05-29 15:34:48.115 [grpc-default-executor-1] INFO  b.c.c.i.CommandObservabilityInterceptor otel_trace_id=d6437c3b1d9d537ef0b6d864c469e5ba otel_span_id=8d148f2e41447e5d request_id=req-build-evidence-001 business_trace_id=trace-build-evidence-001 tenant_id=tenant-001 document_id= ingestion_job_id= - command.start BuildDocumentEvidenceCommand
2026-05-29 15:34:48.116 [grpc-default-executor-1] INFO  c.s.d.o.EvidenceBuildLogger otel_trace_id=d6437c3b1d9d537ef0b6d864c469e5ba otel_span_id=8d148f2e41447e5d request_id=req-build-evidence-001 business_trace_id=trace-build-evidence-001 tenant_id=tenant-001 document_id= ingestion_job_id= - Document evidence build requested tenantId=tenant-001 userId=user-001 projectId=project-001 teamId=team-001 goal=EXTRACTION scopedDocumentCount=1 limit=8 allowClaimCache=false requireVerification=true
2026-05-29 15:34:51.526 [grpc-default-executor-1] INFO  c.s.d.o.EvidenceBuildLogger otel_trace_id=d6437c3b1d9d537ef0b6d864c469e5ba otel_span_id=8d148f2e41447e5d request_id=req-build-evidence-001 business_trace_id=trace-build-evidence-001 tenant_id=tenant-001 document_id= ingestion_job_id= - Document evidence build completed tenantId=tenant-001 userId=user-001 graphId=54ecd597-1840-46e4-b588-3ae2b168cf4f nodeCount=8 edgeCount=7 usedChunkRetrieval=true usedClaimCache=false coverageScore=1.0
2026-05-29 15:34:51.529 [grpc-default-executor-1] INFO  b.c.c.i.CommandObservabilityInterceptor otel_trace_id=d6437c3b1d9d537ef0b6d864c469e5ba otel_span_id=8d148f2e41447e5d request_id=req-build-evidence-001 business_trace_id=trace-build-evidence-001 tenant_id=tenant-001 document_id= ingestion_job_id= - command.complete BuildDocumentEvidenceCommand in 3414 ms
2026-05-29 15:34:51.529 [grpc-default-executor-1] INFO  i.o.e.logging.LoggingSpanExporter otel_trace_id=d6437c3b1d9d537ef0b6d864c469e5ba otel_span_id=8d148f2e41447e5d request_id=req-build-evidence-001 business_trace_id=trace-build-evidence-001 tenant_id=tenant-001 document_id= ingestion_job_id= - 'command.BuildDocumentEvidenceCommand' : d6437c3b1d9d537ef0b6d864c469e5ba 79f290a3490ebb31 INTERNAL [tracer: sparrowx-document-service:] {}
2026-05-29 15:34:51.555 [grpc-default-executor-1] INFO  b.i.g.i.GrpcLoggingInterceptor$1 otel_trace_id=d6437c3b1d9d537ef0b6d864c469e5ba otel_span_id=8d148f2e41447e5d request_id=req-build-evidence-001 business_trace_id=trace-build-evidence-001 tenant_id=tenant-001 document_id= ingestion_job_id= - grpc.response.send document.DocumentService/BuildDocumentEvidence
2026-05-29 15:34:51.561 [grpc-default-executor-1] INFO  i.o.e.logging.LoggingSpanExporter otel_trace_id=d6437c3b1d9d537ef0b6d864c469e5ba otel_span_id=8d148f2e41447e5d request_id=req-build-evidence-001 business_trace_id=trace-build-evidence-001 tenant_id=tenant-001 document_id= ingestion_job_id= - 'document.DocumentService/BuildDocumentEvidence' : d6437c3b1d9d537ef0b6d864c469e5ba 8d148f2e41447e5d SERVER [tracer: sparrowx-document-service:] AttributesMap{data={rpc.method=document.DocumentService/BuildDocumentEvidence, rpc.system=grpc, rpc.grpc.status_code=OK}, capacity=128, totalAddedValues=3}
2026-05-29 15:34:51.561 [grpc-default-executor-1] INFO  b.i.g.i.GrpcLoggingInterceptor$1 otel_trace_id=d6437c3b1d9d537ef0b6d864c469e5ba otel_span_id=8d148f2e41447e5d request_id=req-build-evidence-001 business_trace_id=trace-build-evidence-001 tenant_id=tenant-001 document_id= ingestion_job_id= - grpc.call.close document.DocumentService/BuildDocumentEvidence status=Status{code=OK, description=null, cause=null}
2026-05-29 15:34:51.566 [grpc-default-executor-1] INFO  b.i.g.i.GrpcLoggingInterceptor$2 otel_trace_id= otel_span_id= request_id= business_trace_id= tenant_id= document_id= ingestion_job_id= - grpc.call.complete document.DocumentService/BuildDocumentEvidence
2026-05-29 15:35:13.073 [SpringApplicationShutdownHook] INFO  n.d.b.g.s.s.GrpcServerLifecycle otel_trace_id= otel_span_id= request_id= business_trace_id= tenant_id= document_id= ingestion_job_id= - Completed gRPC server shutdown
2026-05-29 15:35:13.074 [SpringApplicationShutdownHook] INFO  o.s.boot.tomcat.GracefulShutdown otel_trace_id= otel_span_id= request_id= business_trace_id= tenant_id= document_id= ingestion_job_id= - Commencing graceful shutdown. Waiting for active requests to complete
2026-05-29 15:35:13.078 [tomcat-shutdown] INFO  o.s.boot.tomcat.GracefulShutdown otel_trace_id= otel_span_id= request_id= business_trace_id= tenant_id= document_id= ingestion_job_id= - Graceful shutdown complete
2026-05-29 15:35:13.093 [SpringApplicationShutdownHook] INFO  b.i.grpc.health.GrpcHealthAdapter otel_trace_id= otel_span_id= request_id= business_trace_id= tenant_id= document_id= ingestion_job_id= - Shutting down — setting gRPC global health to NOT_SERVING
2026-05-29 15:35:13.104 [SpringApplicationShutdownHook] INFO  o.s.o.j.LocalContainerEntityManagerFactoryBean otel_trace_id= otel_span_id= request_id= business_trace_id= tenant_id= document_id= ingestion_job_id= - Closing JPA EntityManagerFactory for persistence unit 'default'
2026-05-29 15:35:13.107 [SpringApplicationShutdownHook] INFO  com.zaxxer.hikari.HikariDataSource otel_trace_id= otel_span_id= request_id= business_trace_id= tenant_id= document_id= ingestion_job_id= - HikariPool-1 - Shutdown initiated...
2026-05-29 15:35:13.112 [SpringApplicationShutdownHook] INFO  com.zaxxer.hikari.HikariDataSource otel_trace_id= otel_span_id= request_id= business_trace_id= tenant_id= document_id= ingestion_job_id= - HikariPool-1 - Shutdown completed.
2026-05-29 15:35:49.249 [main] INFO  c.s.document.DocumentApplication otel_trace_id= otel_span_id= request_id= business_trace_id= tenant_id= document_id= ingestion_job_id= - Starting DocumentApplication using Java 25.0.2 with PID 588 (D:\Projects\Sparrow-x\document-service\target\classes started by aggre in D:\Projects\Sparrow-x\document-service)
2026-05-29 15:35:49.250 [main] INFO  c.s.document.DocumentApplication otel_trace_id= otel_span_id= request_id= business_trace_id= tenant_id= document_id= ingestion_job_id= - The following 1 profile is active: "dev"
2026-05-29 15:35:50.577 [main] INFO  o.s.d.r.c.RepositoryConfigurationDelegate otel_trace_id= otel_span_id= request_id= business_trace_id= tenant_id= document_id= ingestion_job_id= - Multiple Spring Data modules found, entering strict repository configuration mode
2026-05-29 15:35:50.577 [main] INFO  o.s.d.r.c.RepositoryConfigurationDelegate otel_trace_id= otel_span_id= request_id= business_trace_id= tenant_id= document_id= ingestion_job_id= - Bootstrapping Spring Data JPA repositories in DEFAULT mode.
2026-05-29 15:35:50.720 [main] INFO  o.s.d.r.c.RepositoryConfigurationDelegate otel_trace_id= otel_span_id= request_id= business_trace_id= tenant_id= document_id= ingestion_job_id= - Finished Spring Data repository scanning in 124 ms. Found 5 JPA repository interfaces.
2026-05-29 15:35:51.614 [main] INFO  o.s.d.r.c.RepositoryConfigurationDelegate otel_trace_id= otel_span_id= request_id= business_trace_id= tenant_id= document_id= ingestion_job_id= - Multiple Spring Data modules found, entering strict repository configuration mode
2026-05-29 15:35:51.615 [main] INFO  o.s.d.r.c.RepositoryConfigurationDelegate otel_trace_id= otel_span_id= request_id= business_trace_id= tenant_id= document_id= ingestion_job_id= - Bootstrapping Spring Data Redis repositories in DEFAULT mode.
2026-05-29 15:35:51.645 [main] INFO  o.s.d.r.c.RepositoryConfigurationExtensionSupport otel_trace_id= otel_span_id= request_id= business_trace_id= tenant_id= document_id= ingestion_job_id= - Spring Data Redis - Could not safely identify store assignment for repository candidate interface com.sparrowx.document.data.postgres.repositories.DocumentChunkRepository; If you want this repository to be a Redis repository, consider annotating your entities with one of these annotations: org.springframework.data.redis.core.RedisHash (preferred), or consider extending one of the following types with your repository: org.springframework.data.keyvalue.repository.KeyValueRepository
2026-05-29 15:35:51.646 [main] INFO  o.s.d.r.c.RepositoryConfigurationExtensionSupport otel_trace_id= otel_span_id= request_id= business_trace_id= tenant_id= document_id= ingestion_job_id= - Spring Data Redis - Could not safely identify store assignment for repository candidate interface com.sparrowx.document.data.postgres.repositories.DocumentRepository; If you want this repository to be a Redis repository, consider annotating your entities with one of these annotations: org.springframework.data.redis.core.RedisHash (preferred), or consider extending one of the following types with your repository: org.springframework.data.keyvalue.repository.KeyValueRepository
2026-05-29 15:35:51.647 [main] INFO  o.s.d.r.c.RepositoryConfigurationExtensionSupport otel_trace_id= otel_span_id= request_id= business_trace_id= tenant_id= document_id= ingestion_job_id= - Spring Data Redis - Could not safely identify store assignment for repository candidate interface com.sparrowx.document.data.postgres.repositories.IngestionJobRepository; If you want this repository to be a Redis repository, consider annotating your entities with one of these annotations: org.springframework.data.redis.core.RedisHash (preferred), or consider extending one of the following types with your repository: org.springframework.data.keyvalue.repository.KeyValueRepository
2026-05-29 15:35:51.647 [main] INFO  o.s.d.r.c.RepositoryConfigurationDelegate otel_trace_id= otel_span_id= request_id= business_trace_id= tenant_id= document_id= ingestion_job_id= - Finished Spring Data repository scanning in 24 ms. Found 0 Redis repository interfaces.
2026-05-29 15:35:52.525 [main] INFO  o.s.boot.tomcat.TomcatWebServer otel_trace_id= otel_span_id= request_id= business_trace_id= tenant_id= document_id= ingestion_job_id= - Tomcat initialized with port 8081 (http)
2026-05-29 15:35:52.534 [main] INFO  o.a.catalina.core.StandardService otel_trace_id= otel_span_id= request_id= business_trace_id= tenant_id= document_id= ingestion_job_id= - Starting service [Tomcat]
2026-05-29 15:35:52.535 [main] INFO  o.a.catalina.core.StandardEngine otel_trace_id= otel_span_id= request_id= business_trace_id= tenant_id= document_id= ingestion_job_id= - Starting Servlet engine: [Apache Tomcat/11.0.21]
2026-05-29 15:35:52.603 [main] INFO  o.s.b.w.c.s.WebApplicationContextInitializer otel_trace_id= otel_span_id= request_id= business_trace_id= tenant_id= document_id= ingestion_job_id= - Root WebApplicationContext: initialization completed in 3324 ms
2026-05-29 15:35:52.786 [main] INFO  org.hibernate.orm.jpa otel_trace_id= otel_span_id= request_id= business_trace_id= tenant_id= document_id= ingestion_job_id= - HHH008540: Processing PersistenceUnitInfo [name: default]
2026-05-29 15:35:52.826 [main] INFO  org.hibernate.orm.core otel_trace_id= otel_span_id= request_id= business_trace_id= tenant_id= document_id= ingestion_job_id= - HHH000001: Hibernate ORM core version 7.2.12.Final
2026-05-29 15:35:53.151 [main] INFO  o.s.o.j.p.SpringPersistenceUnitInfo otel_trace_id= otel_span_id= request_id= business_trace_id= tenant_id= document_id= ingestion_job_id= - No LoadTimeWeaver setup: ignoring JPA class transformer
2026-05-29 15:35:53.179 [main] INFO  com.zaxxer.hikari.HikariDataSource otel_trace_id= otel_span_id= request_id= business_trace_id= tenant_id= document_id= ingestion_job_id= - HikariPool-1 - Starting...
2026-05-29 15:35:53.323 [main] INFO  com.zaxxer.hikari.pool.HikariPool otel_trace_id= otel_span_id= request_id= business_trace_id= tenant_id= document_id= ingestion_job_id= - HikariPool-1 - Added connection org.postgresql.jdbc.PgConnection@44b99f09
2026-05-29 15:35:53.325 [main] INFO  com.zaxxer.hikari.HikariDataSource otel_trace_id= otel_span_id= request_id= business_trace_id= tenant_id= document_id= ingestion_job_id= - HikariPool-1 - Start completed.
2026-05-29 15:35:53.385 [main] INFO  o.hibernate.orm.connections.pooling otel_trace_id= otel_span_id= request_id= business_trace_id= tenant_id= document_id= ingestion_job_id= - HHH10001005: Database info:
	Database JDBC URL [jdbc:postgresql://localhost:5432/postgres]
	Database driver: PostgreSQL JDBC Driver
	Database dialect: PostgreSQLDialect
	Database version: 16.13
	Default catalog/schema: postgres/public
	Autocommit mode: undefined/unknown
	Isolation level: READ_COMMITTED [default READ_COMMITTED]
	JDBC fetch size: none
	Pool: DataSourceConnectionProvider
	Minimum pool size: undefined/unknown
	Maximum pool size: undefined/unknown
2026-05-29 15:35:54.318 [main] INFO  org.hibernate.orm.core otel_trace_id= otel_span_id= request_id= business_trace_id= tenant_id= document_id= ingestion_job_id= - HHH000489: No JTA platform available (set 'hibernate.transaction.jta.platform' to enable JTA platform integration)
2026-05-29 15:35:54.377 [main] INFO  o.s.o.j.LocalContainerEntityManagerFactoryBean otel_trace_id= otel_span_id= request_id= business_trace_id= tenant_id= document_id= ingestion_job_id= - Initialized JPA EntityManagerFactory for persistence unit 'default'
2026-05-29 15:35:54.828 [main] INFO  o.s.d.j.r.q.QueryEnhancerFactories otel_trace_id= otel_span_id= request_id= business_trace_id= tenant_id= document_id= ingestion_job_id= - Hibernate is in classpath; If applicable, HQL parser will be used.
2026-05-29 15:35:56.709 [main] INFO  n.d.b.g.s.a.GrpcServerFactoryAutoConfiguration otel_trace_id= otel_span_id= request_id= business_trace_id= tenant_id= document_id= ingestion_job_id= - Detected grpc-netty-shaded: Creating ShadedNettyGrpcServerFactory
2026-05-29 15:35:57.312 [main] INFO  o.s.b.a.e.web.EndpointLinksResolver otel_trace_id= otel_span_id= request_id= business_trace_id= tenant_id= document_id= ingestion_job_id= - Exposing 3 endpoints beneath base path '/actuator'
2026-05-29 15:35:57.349 [main] WARN  o.s.a.m.a.p.s.SyncMcpSamplingProvider otel_trace_id= otel_span_id= request_id= business_trace_id= tenant_id= document_id= ingestion_job_id= - No sampling methods found
2026-05-29 15:35:57.351 [main] WARN  o.s.a.m.a.p.e.SyncMcpElicitationProvider otel_trace_id= otel_span_id= request_id= business_trace_id= tenant_id= document_id= ingestion_job_id= - No elicitation methods found
2026-05-29 15:35:57.456 [main] INFO  o.s.boot.tomcat.TomcatWebServer otel_trace_id= otel_span_id= request_id= business_trace_id= tenant_id= document_id= ingestion_job_id= - Tomcat started on port 8081 (http) with context path '/'
2026-05-29 15:35:57.570 [main] INFO  n.d.b.g.s.s.AbstractGrpcServerFactory otel_trace_id= otel_span_id= request_id= business_trace_id= tenant_id= document_id= ingestion_job_id= - Registered gRPC service: document.DocumentService, bean: documentServiceGrpcImpl, class: com.sparrowx.document.grpc.DocumentServiceGrpcImpl
2026-05-29 15:35:57.572 [main] INFO  n.d.b.g.s.s.AbstractGrpcServerFactory otel_trace_id= otel_span_id= request_id= business_trace_id= tenant_id= document_id= ingestion_job_id= - Registered gRPC service: grpc.health.v1.Health, bean: grpcHealthService, class: io.grpc.protobuf.services.HealthServiceImpl
2026-05-29 15:35:57.572 [main] INFO  n.d.b.g.s.s.AbstractGrpcServerFactory otel_trace_id= otel_span_id= request_id= business_trace_id= tenant_id= document_id= ingestion_job_id= - Registered gRPC service: grpc.reflection.v1alpha.ServerReflection, bean: protoReflectionService, class: io.grpc.protobuf.services.ProtoReflectionService
2026-05-29 15:35:57.731 [main] INFO  n.d.b.g.s.s.GrpcServerLifecycle otel_trace_id= otel_span_id= request_id= business_trace_id= tenant_id= document_id= ingestion_job_id= - gRPC Server started, listening on address: *, port: 50054
2026-05-29 15:35:57.752 [main] INFO  c.s.document.DocumentApplication otel_trace_id= otel_span_id= request_id= business_trace_id= tenant_id= document_id= ingestion_job_id= - Started DocumentApplication in 8.939 seconds (process running for 9.407)
2026-05-29 15:35:57.947 [main] INFO  c.s.d.d.q.QdrantCollectionInitializer otel_trace_id= otel_span_id= request_id= business_trace_id= tenant_id= document_id= ingestion_job_id= - Qdrant collection already exists: sparrowx_document_chunks
2026-05-29 15:35:57.947 [main] WARN  o.s.c.events.SpringDocAppInitializer otel_trace_id= otel_span_id= request_id= business_trace_id= tenant_id= document_id= ingestion_job_id= - SpringDoc /v3/api-docs endpoint is enabled by default. To disable it in production, set the property 'springdoc.api-docs.enabled=false'
2026-05-29 15:35:57.949 [main] WARN  o.s.c.events.SpringDocAppInitializer otel_trace_id= otel_span_id= request_id= business_trace_id= tenant_id= document_id= ingestion_job_id= - SpringDoc /swagger-ui.html endpoint is enabled by default. To disable it in production, set the property 'springdoc.swagger-ui.enabled=false'
2026-05-29 15:35:58.206 [main] INFO  c.s.d.g.h.DocumentServiceStartupCheck otel_trace_id= otel_span_id= request_id= business_trace_id= tenant_id= document_id= ingestion_job_id= - Document service startup check complete documentCount=27 storageProvider=MinioDocumentStorage
2026-05-29 15:35:58.224 [main] INFO  b.i.grpc.health.GrpcHealthAdapter otel_trace_id= otel_span_id= request_id= business_trace_id= tenant_id= document_id= ingestion_job_id= - Application ready — setting gRPC global health to SERVING
2026-05-29 15:36:00.351 [http-nio-8081-exec-1] INFO  o.a.c.c.C.[Tomcat].[localhost].[/] otel_trace_id= otel_span_id= request_id= business_trace_id= tenant_id= document_id= ingestion_job_id= - Initializing Spring DispatcherServlet 'dispatcherServlet'
2026-05-29 15:36:00.351 [http-nio-8081-exec-1] INFO  o.s.web.servlet.DispatcherServlet otel_trace_id= otel_span_id= request_id= business_trace_id= tenant_id= document_id= ingestion_job_id= - Initializing Servlet 'dispatcherServlet'
2026-05-29 15:36:00.358 [http-nio-8081-exec-1] INFO  o.s.web.servlet.DispatcherServlet otel_trace_id= otel_span_id= request_id= business_trace_id= tenant_id= document_id= ingestion_job_id= - Completed initialization in 5 ms
2026-05-29 15:37:37.574 [grpc-default-executor-0] INFO  b.i.g.i.GrpcLoggingInterceptor otel_trace_id= otel_span_id= request_id= business_trace_id= tenant_id= document_id= ingestion_job_id= - grpc.call.start document.DocumentService/BuildDocumentEvidence
2026-05-29 15:37:37.604 [grpc-default-executor-0] INFO  b.i.g.i.GrpcTracingInterceptor otel_trace_id=91b2e01127f03f2c37fe8696c56f03f2 otel_span_id=e6b3bf4fece49192 request_id= business_trace_id= tenant_id= document_id= ingestion_job_id= - trace.start: 91b2e01127f03f2c37fe8696c56f03f2
2026-05-29 15:37:37.759 [grpc-default-executor-0] INFO  b.i.g.i.GrpcLoggingInterceptor$2 otel_trace_id= otel_span_id= request_id= business_trace_id= tenant_id= document_id= ingestion_job_id= - grpc.request.message document.DocumentService/BuildDocumentEvidence
2026-05-29 15:37:37.764 [grpc-default-executor-0] INFO  b.i.g.i.GrpcLoggingInterceptor$2 otel_trace_id= otel_span_id= request_id= business_trace_id= tenant_id= document_id= ingestion_job_id= - grpc.request.complete document.DocumentService/BuildDocumentEvidence
2026-05-29 15:37:37.778 [grpc-default-executor-0] INFO  b.c.c.i.CommandObservabilityInterceptor otel_trace_id=91b2e01127f03f2c37fe8696c56f03f2 otel_span_id=e6b3bf4fece49192 request_id=req-build-evidence-001 business_trace_id=trace-build-evidence-001 tenant_id=tenant-001 document_id= ingestion_job_id= - command.start BuildDocumentEvidenceCommand
2026-05-29 15:37:37.779 [grpc-default-executor-0] INFO  c.s.d.o.EvidenceBuildLogger otel_trace_id=91b2e01127f03f2c37fe8696c56f03f2 otel_span_id=e6b3bf4fece49192 request_id=req-build-evidence-001 business_trace_id=trace-build-evidence-001 tenant_id=tenant-001 document_id= ingestion_job_id= - Document evidence build requested tenantId=tenant-001 userId=user-001 projectId=project-001 teamId=team-001 goal=EXTRACTION scopedDocumentCount=1 limit=8 allowClaimCache=false requireVerification=true
2026-05-29 15:37:41.184 [grpc-default-executor-0] INFO  c.s.d.o.EvidenceBuildLogger otel_trace_id=91b2e01127f03f2c37fe8696c56f03f2 otel_span_id=e6b3bf4fece49192 request_id=req-build-evidence-001 business_trace_id=trace-build-evidence-001 tenant_id=tenant-001 document_id= ingestion_job_id= - Document evidence build completed tenantId=tenant-001 userId=user-001 graphId=e13f95a2-1ba7-4145-accd-74b5b26946f1 nodeCount=8 edgeCount=7 usedChunkRetrieval=true usedClaimCache=false coverageScore=1.0
2026-05-29 15:37:41.184 [grpc-default-executor-0] INFO  b.c.c.i.CommandObservabilityInterceptor otel_trace_id=91b2e01127f03f2c37fe8696c56f03f2 otel_span_id=e6b3bf4fece49192 request_id=req-build-evidence-001 business_trace_id=trace-build-evidence-001 tenant_id=tenant-001 document_id= ingestion_job_id= - command.complete BuildDocumentEvidenceCommand in 3406 ms
2026-05-29 15:37:41.187 [grpc-default-executor-0] INFO  i.o.e.logging.LoggingSpanExporter otel_trace_id=91b2e01127f03f2c37fe8696c56f03f2 otel_span_id=e6b3bf4fece49192 request_id=req-build-evidence-001 business_trace_id=trace-build-evidence-001 tenant_id=tenant-001 document_id= ingestion_job_id= - 'command.BuildDocumentEvidenceCommand' : 91b2e01127f03f2c37fe8696c56f03f2 4a6aa1272c719e6f INTERNAL [tracer: sparrowx-document-service:] {}
2026-05-29 15:37:41.230 [grpc-default-executor-0] INFO  b.i.g.i.GrpcLoggingInterceptor$1 otel_trace_id=91b2e01127f03f2c37fe8696c56f03f2 otel_span_id=e6b3bf4fece49192 request_id=req-build-evidence-001 business_trace_id=trace-build-evidence-001 tenant_id=tenant-001 document_id= ingestion_job_id= - grpc.response.send document.DocumentService/BuildDocumentEvidence
2026-05-29 15:37:41.253 [grpc-default-executor-0] INFO  i.o.e.logging.LoggingSpanExporter otel_trace_id=91b2e01127f03f2c37fe8696c56f03f2 otel_span_id=e6b3bf4fece49192 request_id=req-build-evidence-001 business_trace_id=trace-build-evidence-001 tenant_id=tenant-001 document_id= ingestion_job_id= - 'document.DocumentService/BuildDocumentEvidence' : 91b2e01127f03f2c37fe8696c56f03f2 e6b3bf4fece49192 SERVER [tracer: sparrowx-document-service:] AttributesMap{data={rpc.method=document.DocumentService/BuildDocumentEvidence, rpc.system=grpc, rpc.grpc.status_code=OK}, capacity=128, totalAddedValues=3}
2026-05-29 15:37:41.257 [grpc-default-executor-0] INFO  b.i.g.i.GrpcLoggingInterceptor$1 otel_trace_id=91b2e01127f03f2c37fe8696c56f03f2 otel_span_id=e6b3bf4fece49192 request_id=req-build-evidence-001 business_trace_id=trace-build-evidence-001 tenant_id=tenant-001 document_id= ingestion_job_id= - grpc.call.close document.DocumentService/BuildDocumentEvidence status=Status{code=OK, description=null, cause=null}
2026-05-29 15:37:41.279 [grpc-default-executor-0] INFO  b.i.g.i.GrpcLoggingInterceptor$2 otel_trace_id= otel_span_id= request_id= business_trace_id= tenant_id= document_id= ingestion_job_id= - grpc.call.complete document.DocumentService/BuildDocumentEvidence
2026-05-29 15:38:38.151 [SpringApplicationShutdownHook] INFO  n.d.b.g.s.s.GrpcServerLifecycle otel_trace_id= otel_span_id= request_id= business_trace_id= tenant_id= document_id= ingestion_job_id= - Completed gRPC server shutdown
2026-05-29 15:38:38.152 [SpringApplicationShutdownHook] INFO  o.s.boot.tomcat.GracefulShutdown otel_trace_id= otel_span_id= request_id= business_trace_id= tenant_id= document_id= ingestion_job_id= - Commencing graceful shutdown. Waiting for active requests to complete
2026-05-29 15:38:38.156 [tomcat-shutdown] INFO  o.s.boot.tomcat.GracefulShutdown otel_trace_id= otel_span_id= request_id= business_trace_id= tenant_id= document_id= ingestion_job_id= - Graceful shutdown complete
2026-05-29 15:38:38.172 [SpringApplicationShutdownHook] INFO  b.i.grpc.health.GrpcHealthAdapter otel_trace_id= otel_span_id= request_id= business_trace_id= tenant_id= document_id= ingestion_job_id= - Shutting down — setting gRPC global health to NOT_SERVING
2026-05-29 15:38:38.183 [SpringApplicationShutdownHook] INFO  o.s.o.j.LocalContainerEntityManagerFactoryBean otel_trace_id= otel_span_id= request_id= business_trace_id= tenant_id= document_id= ingestion_job_id= - Closing JPA EntityManagerFactory for persistence unit 'default'
2026-05-29 15:38:38.186 [SpringApplicationShutdownHook] INFO  com.zaxxer.hikari.HikariDataSource otel_trace_id= otel_span_id= request_id= business_trace_id= tenant_id= document_id= ingestion_job_id= - HikariPool-1 - Shutdown initiated...
2026-05-29 15:38:38.188 [SpringApplicationShutdownHook] INFO  com.zaxxer.hikari.HikariDataSource otel_trace_id= otel_span_id= request_id= business_trace_id= tenant_id= document_id= ingestion_job_id= - HikariPool-1 - Shutdown completed.
2026-05-29 15:42:05.425 [main] INFO  c.s.document.DocumentApplication otel_trace_id= otel_span_id= request_id= business_trace_id= tenant_id= document_id= ingestion_job_id= - Starting DocumentApplication using Java 25.0.2 with PID 21228 (D:\Projects\Sparrow-x\document-service\target\classes started by aggre in D:\Projects\Sparrow-x\document-service)
2026-05-29 15:42:05.427 [main] INFO  c.s.document.DocumentApplication otel_trace_id= otel_span_id= request_id= business_trace_id= tenant_id= document_id= ingestion_job_id= - The following 1 profile is active: "dev"
2026-05-29 15:42:06.192 [main] INFO  o.s.d.r.c.RepositoryConfigurationDelegate otel_trace_id= otel_span_id= request_id= business_trace_id= tenant_id= document_id= ingestion_job_id= - Multiple Spring Data modules found, entering strict repository configuration mode
2026-05-29 15:42:06.192 [main] INFO  o.s.d.r.c.RepositoryConfigurationDelegate otel_trace_id= otel_span_id= request_id= business_trace_id= tenant_id= document_id= ingestion_job_id= - Bootstrapping Spring Data JPA repositories in DEFAULT mode.
2026-05-29 15:42:06.287 [main] INFO  o.s.d.r.c.RepositoryConfigurationDelegate otel_trace_id= otel_span_id= request_id= business_trace_id= tenant_id= document_id= ingestion_job_id= - Finished Spring Data repository scanning in 85 ms. Found 5 JPA repository interfaces.
2026-05-29 15:42:06.994 [main] INFO  o.s.d.r.c.RepositoryConfigurationDelegate otel_trace_id= otel_span_id= request_id= business_trace_id= tenant_id= document_id= ingestion_job_id= - Multiple Spring Data modules found, entering strict repository configuration mode
2026-05-29 15:42:06.995 [main] INFO  o.s.d.r.c.RepositoryConfigurationDelegate otel_trace_id= otel_span_id= request_id= business_trace_id= tenant_id= document_id= ingestion_job_id= - Bootstrapping Spring Data Redis repositories in DEFAULT mode.
2026-05-29 15:42:07.028 [main] INFO  o.s.d.r.c.RepositoryConfigurationExtensionSupport otel_trace_id= otel_span_id= request_id= business_trace_id= tenant_id= document_id= ingestion_job_id= - Spring Data Redis - Could not safely identify store assignment for repository candidate interface com.sparrowx.document.data.postgres.repositories.DocumentChunkRepository; If you want this repository to be a Redis repository, consider annotating your entities with one of these annotations: org.springframework.data.redis.core.RedisHash (preferred), or consider extending one of the following types with your repository: org.springframework.data.keyvalue.repository.KeyValueRepository
2026-05-29 15:42:07.029 [main] INFO  o.s.d.r.c.RepositoryConfigurationExtensionSupport otel_trace_id= otel_span_id= request_id= business_trace_id= tenant_id= document_id= ingestion_job_id= - Spring Data Redis - Could not safely identify store assignment for repository candidate interface com.sparrowx.document.data.postgres.repositories.DocumentRepository; If you want this repository to be a Redis repository, consider annotating your entities with one of these annotations: org.springframework.data.redis.core.RedisHash (preferred), or consider extending one of the following types with your repository: org.springframework.data.keyvalue.repository.KeyValueRepository
2026-05-29 15:42:07.029 [main] INFO  o.s.d.r.c.RepositoryConfigurationExtensionSupport otel_trace_id= otel_span_id= request_id= business_trace_id= tenant_id= document_id= ingestion_job_id= - Spring Data Redis - Could not safely identify store assignment for repository candidate interface com.sparrowx.document.data.postgres.repositories.IngestionJobRepository; If you want this repository to be a Redis repository, consider annotating your entities with one of these annotations: org.springframework.data.redis.core.RedisHash (preferred), or consider extending one of the following types with your repository: org.springframework.data.keyvalue.repository.KeyValueRepository
2026-05-29 15:42:07.030 [main] INFO  o.s.d.r.c.RepositoryConfigurationDelegate otel_trace_id= otel_span_id= request_id= business_trace_id= tenant_id= document_id= ingestion_job_id= - Finished Spring Data repository scanning in 27 ms. Found 0 Redis repository interfaces.
2026-05-29 15:42:08.096 [main] INFO  o.s.boot.tomcat.TomcatWebServer otel_trace_id= otel_span_id= request_id= business_trace_id= tenant_id= document_id= ingestion_job_id= - Tomcat initialized with port 8081 (http)
2026-05-29 15:42:08.105 [main] INFO  o.a.catalina.core.StandardService otel_trace_id= otel_span_id= request_id= business_trace_id= tenant_id= document_id= ingestion_job_id= - Starting service [Tomcat]
2026-05-29 15:42:08.106 [main] INFO  o.a.catalina.core.StandardEngine otel_trace_id= otel_span_id= request_id= business_trace_id= tenant_id= document_id= ingestion_job_id= - Starting Servlet engine: [Apache Tomcat/11.0.21]
2026-05-29 15:42:08.168 [main] INFO  o.s.b.w.c.s.WebApplicationContextInitializer otel_trace_id= otel_span_id= request_id= business_trace_id= tenant_id= document_id= ingestion_job_id= - Root WebApplicationContext: initialization completed in 2710 ms
2026-05-29 15:42:08.356 [main] INFO  org.hibernate.orm.jpa otel_trace_id= otel_span_id= request_id= business_trace_id= tenant_id= document_id= ingestion_job_id= - HHH008540: Processing PersistenceUnitInfo [name: default]
2026-05-29 15:42:08.401 [main] INFO  org.hibernate.orm.core otel_trace_id= otel_span_id= request_id= business_trace_id= tenant_id= document_id= ingestion_job_id= - HHH000001: Hibernate ORM core version 7.2.12.Final
2026-05-29 15:42:08.700 [main] INFO  o.s.o.j.p.SpringPersistenceUnitInfo otel_trace_id= otel_span_id= request_id= business_trace_id= tenant_id= document_id= ingestion_job_id= - No LoadTimeWeaver setup: ignoring JPA class transformer
2026-05-29 15:42:08.726 [main] INFO  com.zaxxer.hikari.HikariDataSource otel_trace_id= otel_span_id= request_id= business_trace_id= tenant_id= document_id= ingestion_job_id= - HikariPool-1 - Starting...
2026-05-29 15:42:08.855 [main] INFO  com.zaxxer.hikari.pool.HikariPool otel_trace_id= otel_span_id= request_id= business_trace_id= tenant_id= document_id= ingestion_job_id= - HikariPool-1 - Added connection org.postgresql.jdbc.PgConnection@44b99f09
2026-05-29 15:42:08.856 [main] INFO  com.zaxxer.hikari.HikariDataSource otel_trace_id= otel_span_id= request_id= business_trace_id= tenant_id= document_id= ingestion_job_id= - HikariPool-1 - Start completed.
2026-05-29 15:42:08.910 [main] INFO  o.hibernate.orm.connections.pooling otel_trace_id= otel_span_id= request_id= business_trace_id= tenant_id= document_id= ingestion_job_id= - HHH10001005: Database info:
	Database JDBC URL [jdbc:postgresql://localhost:5432/postgres]
	Database driver: PostgreSQL JDBC Driver
	Database dialect: PostgreSQLDialect
	Database version: 16.13
	Default catalog/schema: postgres/public
	Autocommit mode: undefined/unknown
	Isolation level: READ_COMMITTED [default READ_COMMITTED]
	JDBC fetch size: none
	Pool: DataSourceConnectionProvider
	Minimum pool size: undefined/unknown
	Maximum pool size: undefined/unknown
2026-05-29 15:42:09.634 [main] INFO  org.hibernate.orm.core otel_trace_id= otel_span_id= request_id= business_trace_id= tenant_id= document_id= ingestion_job_id= - HHH000489: No JTA platform available (set 'hibernate.transaction.jta.platform' to enable JTA platform integration)
2026-05-29 15:42:09.683 [main] INFO  o.s.o.j.LocalContainerEntityManagerFactoryBean otel_trace_id= otel_span_id= request_id= business_trace_id= tenant_id= document_id= ingestion_job_id= - Initialized JPA EntityManagerFactory for persistence unit 'default'
2026-05-29 15:42:10.092 [main] INFO  o.s.d.j.r.q.QueryEnhancerFactories otel_trace_id= otel_span_id= request_id= business_trace_id= tenant_id= document_id= ingestion_job_id= - Hibernate is in classpath; If applicable, HQL parser will be used.
2026-05-29 15:42:11.966 [main] INFO  n.d.b.g.s.a.GrpcServerFactoryAutoConfiguration otel_trace_id= otel_span_id= request_id= business_trace_id= tenant_id= document_id= ingestion_job_id= - Detected grpc-netty-shaded: Creating ShadedNettyGrpcServerFactory
2026-05-29 15:42:12.693 [main] INFO  o.s.b.a.e.web.EndpointLinksResolver otel_trace_id= otel_span_id= request_id= business_trace_id= tenant_id= document_id= ingestion_job_id= - Exposing 3 endpoints beneath base path '/actuator'
2026-05-29 15:42:12.719 [main] WARN  o.s.a.m.a.p.s.SyncMcpSamplingProvider otel_trace_id= otel_span_id= request_id= business_trace_id= tenant_id= document_id= ingestion_job_id= - No sampling methods found
2026-05-29 15:42:12.720 [main] WARN  o.s.a.m.a.p.e.SyncMcpElicitationProvider otel_trace_id= otel_span_id= request_id= business_trace_id= tenant_id= document_id= ingestion_job_id= - No elicitation methods found
2026-05-29 15:42:12.788 [main] INFO  o.s.boot.tomcat.TomcatWebServer otel_trace_id= otel_span_id= request_id= business_trace_id= tenant_id= document_id= ingestion_job_id= - Tomcat started on port 8081 (http) with context path '/'
2026-05-29 15:42:12.872 [main] INFO  n.d.b.g.s.s.AbstractGrpcServerFactory otel_trace_id= otel_span_id= request_id= business_trace_id= tenant_id= document_id= ingestion_job_id= - Registered gRPC service: document.DocumentService, bean: documentServiceGrpcImpl, class: com.sparrowx.document.grpc.DocumentServiceGrpcImpl
2026-05-29 15:42:12.873 [main] INFO  n.d.b.g.s.s.AbstractGrpcServerFactory otel_trace_id= otel_span_id= request_id= business_trace_id= tenant_id= document_id= ingestion_job_id= - Registered gRPC service: grpc.health.v1.Health, bean: grpcHealthService, class: io.grpc.protobuf.services.HealthServiceImpl
2026-05-29 15:42:12.873 [main] INFO  n.d.b.g.s.s.AbstractGrpcServerFactory otel_trace_id= otel_span_id= request_id= business_trace_id= tenant_id= document_id= ingestion_job_id= - Registered gRPC service: grpc.reflection.v1alpha.ServerReflection, bean: protoReflectionService, class: io.grpc.protobuf.services.ProtoReflectionService
2026-05-29 15:42:13.048 [main] INFO  n.d.b.g.s.s.GrpcServerLifecycle otel_trace_id= otel_span_id= request_id= business_trace_id= tenant_id= document_id= ingestion_job_id= - gRPC Server started, listening on address: *, port: 50054
2026-05-29 15:42:13.067 [main] INFO  c.s.document.DocumentApplication otel_trace_id= otel_span_id= request_id= business_trace_id= tenant_id= document_id= ingestion_job_id= - Started DocumentApplication in 8.191 seconds (process running for 8.904)
2026-05-29 15:42:13.265 [main] INFO  c.s.d.d.q.QdrantCollectionInitializer otel_trace_id= otel_span_id= request_id= business_trace_id= tenant_id= document_id= ingestion_job_id= - Qdrant collection already exists: sparrowx_document_chunks
2026-05-29 15:42:13.267 [main] WARN  o.s.c.events.SpringDocAppInitializer otel_trace_id= otel_span_id= request_id= business_trace_id= tenant_id= document_id= ingestion_job_id= - SpringDoc /v3/api-docs endpoint is enabled by default. To disable it in production, set the property 'springdoc.api-docs.enabled=false'
2026-05-29 15:42:13.267 [main] WARN  o.s.c.events.SpringDocAppInitializer otel_trace_id= otel_span_id= request_id= business_trace_id= tenant_id= document_id= ingestion_job_id= - SpringDoc /swagger-ui.html endpoint is enabled by default. To disable it in production, set the property 'springdoc.swagger-ui.enabled=false'
2026-05-29 15:42:13.618 [main] INFO  c.s.d.g.h.DocumentServiceStartupCheck otel_trace_id= otel_span_id= request_id= business_trace_id= tenant_id= document_id= ingestion_job_id= - Document service startup check complete documentCount=27 storageProvider=MinioDocumentStorage
2026-05-29 15:42:13.644 [main] INFO  b.i.grpc.health.GrpcHealthAdapter otel_trace_id= otel_span_id= request_id= business_trace_id= tenant_id= document_id= ingestion_job_id= - Application ready — setting gRPC global health to SERVING
2026-05-29 15:42:20.330 [http-nio-8081-exec-1] INFO  o.a.c.c.C.[Tomcat].[localhost].[/] otel_trace_id= otel_span_id= request_id= business_trace_id= tenant_id= document_id= ingestion_job_id= - Initializing Spring DispatcherServlet 'dispatcherServlet'
2026-05-29 15:42:20.330 [http-nio-8081-exec-1] INFO  o.s.web.servlet.DispatcherServlet otel_trace_id= otel_span_id= request_id= business_trace_id= tenant_id= document_id= ingestion_job_id= - Initializing Servlet 'dispatcherServlet'
2026-05-29 15:42:20.335 [http-nio-8081-exec-1] INFO  o.s.web.servlet.DispatcherServlet otel_trace_id= otel_span_id= request_id= business_trace_id= tenant_id= document_id= ingestion_job_id= - Completed initialization in 5 ms
2026-05-29 15:43:12.726 [grpc-default-executor-0] INFO  b.i.g.i.GrpcLoggingInterceptor otel_trace_id= otel_span_id= request_id= business_trace_id= tenant_id= document_id= ingestion_job_id= - grpc.call.start document.DocumentService/BuildDocumentEvidence
2026-05-29 15:43:12.764 [grpc-default-executor-0] INFO  b.i.g.i.GrpcTracingInterceptor otel_trace_id=60c5b99a164dca7399d7043eebb9a011 otel_span_id=e66692a311dfcf79 request_id= business_trace_id= tenant_id= document_id= ingestion_job_id= - trace.start: 60c5b99a164dca7399d7043eebb9a011
2026-05-29 15:43:12.927 [grpc-default-executor-0] INFO  b.i.g.i.GrpcLoggingInterceptor$2 otel_trace_id= otel_span_id= request_id= business_trace_id= tenant_id= document_id= ingestion_job_id= - grpc.request.message document.DocumentService/BuildDocumentEvidence
2026-05-29 15:43:12.935 [grpc-default-executor-0] INFO  b.i.g.i.GrpcLoggingInterceptor$2 otel_trace_id= otel_span_id= request_id= business_trace_id= tenant_id= document_id= ingestion_job_id= - grpc.request.complete document.DocumentService/BuildDocumentEvidence
2026-05-29 15:43:12.949 [grpc-default-executor-0] INFO  b.c.c.i.CommandObservabilityInterceptor otel_trace_id=60c5b99a164dca7399d7043eebb9a011 otel_span_id=e66692a311dfcf79 request_id=req-build-evidence-001 business_trace_id=trace-build-evidence-001 tenant_id=tenant-001 document_id= ingestion_job_id= - command.start BuildDocumentEvidenceCommand
2026-05-29 15:43:12.949 [grpc-default-executor-0] INFO  c.s.d.o.EvidenceBuildLogger otel_trace_id=60c5b99a164dca7399d7043eebb9a011 otel_span_id=e66692a311dfcf79 request_id=req-build-evidence-001 business_trace_id=trace-build-evidence-001 tenant_id=tenant-001 document_id= ingestion_job_id= - Document evidence build requested tenantId=tenant-001 userId=user-001 projectId=project-001 teamId=team-001 goal=EXTRACTION scopedDocumentCount=1 limit=8 allowClaimCache=false requireVerification=true
2026-05-29 15:43:47.504 [grpc-default-executor-0] INFO  c.s.d.o.EvidenceBuildLogger otel_trace_id=60c5b99a164dca7399d7043eebb9a011 otel_span_id=e66692a311dfcf79 request_id=req-build-evidence-001 business_trace_id=trace-build-evidence-001 tenant_id=tenant-001 document_id= ingestion_job_id= - Document evidence build completed tenantId=tenant-001 userId=user-001 graphId=a3988073-22d4-4e52-9251-8589f773cae0 nodeCount=12 edgeCount=11 usedChunkRetrieval=true usedClaimCache=false coverageScore=1.0
2026-05-29 15:43:47.504 [grpc-default-executor-0] INFO  b.c.c.i.CommandObservabilityInterceptor otel_trace_id=60c5b99a164dca7399d7043eebb9a011 otel_span_id=e66692a311dfcf79 request_id=req-build-evidence-001 business_trace_id=trace-build-evidence-001 tenant_id=tenant-001 document_id= ingestion_job_id= - command.complete BuildDocumentEvidenceCommand in 34555 ms
2026-05-29 15:43:47.505 [grpc-default-executor-0] INFO  i.o.e.logging.LoggingSpanExporter otel_trace_id=60c5b99a164dca7399d7043eebb9a011 otel_span_id=e66692a311dfcf79 request_id=req-build-evidence-001 business_trace_id=trace-build-evidence-001 tenant_id=tenant-001 document_id= ingestion_job_id= - 'command.BuildDocumentEvidenceCommand' : 60c5b99a164dca7399d7043eebb9a011 eb132b8a958c928d INTERNAL [tracer: sparrowx-document-service:] {}
2026-05-29 15:43:47.525 [grpc-default-executor-0] INFO  b.i.g.i.GrpcLoggingInterceptor$1 otel_trace_id=60c5b99a164dca7399d7043eebb9a011 otel_span_id=e66692a311dfcf79 request_id=req-build-evidence-001 business_trace_id=trace-build-evidence-001 tenant_id=tenant-001 document_id= ingestion_job_id= - grpc.response.send document.DocumentService/BuildDocumentEvidence
2026-05-29 15:43:47.536 [grpc-default-executor-0] INFO  i.o.e.logging.LoggingSpanExporter otel_trace_id=60c5b99a164dca7399d7043eebb9a011 otel_span_id=e66692a311dfcf79 request_id=req-build-evidence-001 business_trace_id=trace-build-evidence-001 tenant_id=tenant-001 document_id= ingestion_job_id= - 'document.DocumentService/BuildDocumentEvidence' : 60c5b99a164dca7399d7043eebb9a011 e66692a311dfcf79 SERVER [tracer: sparrowx-document-service:] AttributesMap{data={rpc.method=document.DocumentService/BuildDocumentEvidence, rpc.system=grpc, rpc.grpc.status_code=OK}, capacity=128, totalAddedValues=3}
2026-05-29 15:43:47.538 [grpc-default-executor-0] INFO  b.i.g.i.GrpcLoggingInterceptor$1 otel_trace_id=60c5b99a164dca7399d7043eebb9a011 otel_span_id=e66692a311dfcf79 request_id=req-build-evidence-001 business_trace_id=trace-build-evidence-001 tenant_id=tenant-001 document_id= ingestion_job_id= - grpc.call.close document.DocumentService/BuildDocumentEvidence status=Status{code=OK, description=null, cause=null}
2026-05-29 15:43:47.549 [grpc-default-executor-0] INFO  b.i.g.i.GrpcLoggingInterceptor$2 otel_trace_id= otel_span_id= request_id= business_trace_id= tenant_id= document_id= ingestion_job_id= - grpc.call.complete document.DocumentService/BuildDocumentEvidence
2026-05-29 16:03:03.504 [SpringApplicationShutdownHook] INFO  n.d.b.g.s.s.GrpcServerLifecycle otel_trace_id= otel_span_id= request_id= business_trace_id= tenant_id= document_id= ingestion_job_id= - Completed gRPC server shutdown
2026-05-29 16:03:03.504 [SpringApplicationShutdownHook] INFO  o.s.boot.tomcat.GracefulShutdown otel_trace_id= otel_span_id= request_id= business_trace_id= tenant_id= document_id= ingestion_job_id= - Commencing graceful shutdown. Waiting for active requests to complete
2026-05-29 16:03:03.508 [tomcat-shutdown] INFO  o.s.boot.tomcat.GracefulShutdown otel_trace_id= otel_span_id= request_id= business_trace_id= tenant_id= document_id= ingestion_job_id= - Graceful shutdown complete
2026-05-29 16:03:03.523 [SpringApplicationShutdownHook] INFO  b.i.grpc.health.GrpcHealthAdapter otel_trace_id= otel_span_id= request_id= business_trace_id= tenant_id= document_id= ingestion_job_id= - Shutting down — setting gRPC global health to NOT_SERVING
2026-05-29 16:03:03.532 [SpringApplicationShutdownHook] INFO  o.s.o.j.LocalContainerEntityManagerFactoryBean otel_trace_id= otel_span_id= request_id= business_trace_id= tenant_id= document_id= ingestion_job_id= - Closing JPA EntityManagerFactory for persistence unit 'default'
2026-05-29 16:03:03.535 [SpringApplicationShutdownHook] INFO  com.zaxxer.hikari.HikariDataSource otel_trace_id= otel_span_id= request_id= business_trace_id= tenant_id= document_id= ingestion_job_id= - HikariPool-1 - Shutdown initiated...
2026-05-29 16:03:03.539 [SpringApplicationShutdownHook] INFO  com.zaxxer.hikari.HikariDataSource otel_trace_id= otel_span_id= request_id= business_trace_id= tenant_id= document_id= ingestion_job_id= - HikariPool-1 - Shutdown completed.
2026-05-29 16:05:55.432 [main] INFO  c.s.document.DocumentApplication otel_trace_id= otel_span_id= request_id= business_trace_id= tenant_id= document_id= ingestion_job_id= - Starting DocumentApplication using Java 25.0.2 with PID 37020 (D:\Projects\Sparrow-x\document-service\target\classes started by aggre in D:\Projects\Sparrow-x\document-service)
2026-05-29 16:05:55.433 [main] INFO  c.s.document.DocumentApplication otel_trace_id= otel_span_id= request_id= business_trace_id= tenant_id= document_id= ingestion_job_id= - The following 1 profile is active: "dev"
2026-05-29 16:05:56.139 [main] INFO  o.s.d.r.c.RepositoryConfigurationDelegate otel_trace_id= otel_span_id= request_id= business_trace_id= tenant_id= document_id= ingestion_job_id= - Multiple Spring Data modules found, entering strict repository configuration mode
2026-05-29 16:05:56.140 [main] INFO  o.s.d.r.c.RepositoryConfigurationDelegate otel_trace_id= otel_span_id= request_id= business_trace_id= tenant_id= document_id= ingestion_job_id= - Bootstrapping Spring Data JPA repositories in DEFAULT mode.
2026-05-29 16:05:56.232 [main] INFO  o.s.d.r.c.RepositoryConfigurationDelegate otel_trace_id= otel_span_id= request_id= business_trace_id= tenant_id= document_id= ingestion_job_id= - Finished Spring Data repository scanning in 85 ms. Found 5 JPA repository interfaces.
2026-05-29 16:05:56.901 [main] INFO  o.s.d.r.c.RepositoryConfigurationDelegate otel_trace_id= otel_span_id= request_id= business_trace_id= tenant_id= document_id= ingestion_job_id= - Multiple Spring Data modules found, entering strict repository configuration mode
2026-05-29 16:05:56.902 [main] INFO  o.s.d.r.c.RepositoryConfigurationDelegate otel_trace_id= otel_span_id= request_id= business_trace_id= tenant_id= document_id= ingestion_job_id= - Bootstrapping Spring Data Redis repositories in DEFAULT mode.
2026-05-29 16:05:56.939 [main] INFO  o.s.d.r.c.RepositoryConfigurationExtensionSupport otel_trace_id= otel_span_id= request_id= business_trace_id= tenant_id= document_id= ingestion_job_id= - Spring Data Redis - Could not safely identify store assignment for repository candidate interface com.sparrowx.document.data.postgres.repositories.DocumentChunkRepository; If you want this repository to be a Redis repository, consider annotating your entities with one of these annotations: org.springframework.data.redis.core.RedisHash (preferred), or consider extending one of the following types with your repository: org.springframework.data.keyvalue.repository.KeyValueRepository
2026-05-29 16:05:56.941 [main] INFO  o.s.d.r.c.RepositoryConfigurationExtensionSupport otel_trace_id= otel_span_id= request_id= business_trace_id= tenant_id= document_id= ingestion_job_id= - Spring Data Redis - Could not safely identify store assignment for repository candidate interface com.sparrowx.document.data.postgres.repositories.DocumentRepository; If you want this repository to be a Redis repository, consider annotating your entities with one of these annotations: org.springframework.data.redis.core.RedisHash (preferred), or consider extending one of the following types with your repository: org.springframework.data.keyvalue.repository.KeyValueRepository
2026-05-29 16:05:56.941 [main] INFO  o.s.d.r.c.RepositoryConfigurationExtensionSupport otel_trace_id= otel_span_id= request_id= business_trace_id= tenant_id= document_id= ingestion_job_id= - Spring Data Redis - Could not safely identify store assignment for repository candidate interface com.sparrowx.document.data.postgres.repositories.IngestionJobRepository; If you want this repository to be a Redis repository, consider annotating your entities with one of these annotations: org.springframework.data.redis.core.RedisHash (preferred), or consider extending one of the following types with your repository: org.springframework.data.keyvalue.repository.KeyValueRepository
2026-05-29 16:05:56.941 [main] INFO  o.s.d.r.c.RepositoryConfigurationDelegate otel_trace_id= otel_span_id= request_id= business_trace_id= tenant_id= document_id= ingestion_job_id= - Finished Spring Data repository scanning in 31 ms. Found 0 Redis repository interfaces.
2026-05-29 16:05:58.370 [main] INFO  o.s.boot.tomcat.TomcatWebServer otel_trace_id= otel_span_id= request_id= business_trace_id= tenant_id= document_id= ingestion_job_id= - Tomcat initialized with port 8081 (http)
2026-05-29 16:05:58.384 [main] INFO  o.a.catalina.core.StandardService otel_trace_id= otel_span_id= request_id= business_trace_id= tenant_id= document_id= ingestion_job_id= - Starting service [Tomcat]
2026-05-29 16:05:58.384 [main] INFO  o.a.catalina.core.StandardEngine otel_trace_id= otel_span_id= request_id= business_trace_id= tenant_id= document_id= ingestion_job_id= - Starting Servlet engine: [Apache Tomcat/11.0.21]
2026-05-29 16:05:58.506 [main] INFO  o.s.b.w.c.s.WebApplicationContextInitializer otel_trace_id= otel_span_id= request_id= business_trace_id= tenant_id= document_id= ingestion_job_id= - Root WebApplicationContext: initialization completed in 3041 ms
2026-05-29 16:05:58.861 [main] INFO  org.hibernate.orm.jpa otel_trace_id= otel_span_id= request_id= business_trace_id= tenant_id= document_id= ingestion_job_id= - HHH008540: Processing PersistenceUnitInfo [name: default]
2026-05-29 16:05:58.935 [main] INFO  org.hibernate.orm.core otel_trace_id= otel_span_id= request_id= business_trace_id= tenant_id= document_id= ingestion_job_id= - HHH000001: Hibernate ORM core version 7.2.12.Final
2026-05-29 16:05:59.544 [main] INFO  o.s.o.j.p.SpringPersistenceUnitInfo otel_trace_id= otel_span_id= request_id= business_trace_id= tenant_id= document_id= ingestion_job_id= - No LoadTimeWeaver setup: ignoring JPA class transformer
2026-05-29 16:05:59.587 [main] INFO  com.zaxxer.hikari.HikariDataSource otel_trace_id= otel_span_id= request_id= business_trace_id= tenant_id= document_id= ingestion_job_id= - HikariPool-1 - Starting...
2026-05-29 16:05:59.802 [main] INFO  com.zaxxer.hikari.pool.HikariPool otel_trace_id= otel_span_id= request_id= business_trace_id= tenant_id= document_id= ingestion_job_id= - HikariPool-1 - Added connection org.postgresql.jdbc.PgConnection@5ce34685
2026-05-29 16:05:59.803 [main] INFO  com.zaxxer.hikari.HikariDataSource otel_trace_id= otel_span_id= request_id= business_trace_id= tenant_id= document_id= ingestion_job_id= - HikariPool-1 - Start completed.
2026-05-29 16:05:59.890 [main] INFO  o.hibernate.orm.connections.pooling otel_trace_id= otel_span_id= request_id= business_trace_id= tenant_id= document_id= ingestion_job_id= - HHH10001005: Database info:
	Database JDBC URL [jdbc:postgresql://localhost:5432/postgres]
	Database driver: PostgreSQL JDBC Driver
	Database dialect: PostgreSQLDialect
	Database version: 16.13
	Default catalog/schema: postgres/public
	Autocommit mode: undefined/unknown
	Isolation level: READ_COMMITTED [default READ_COMMITTED]
	JDBC fetch size: none
	Pool: DataSourceConnectionProvider
	Minimum pool size: undefined/unknown
	Maximum pool size: undefined/unknown
2026-05-29 16:06:01.263 [main] INFO  org.hibernate.orm.core otel_trace_id= otel_span_id= request_id= business_trace_id= tenant_id= document_id= ingestion_job_id= - HHH000489: No JTA platform available (set 'hibernate.transaction.jta.platform' to enable JTA platform integration)
2026-05-29 16:06:01.346 [main] INFO  o.s.o.j.LocalContainerEntityManagerFactoryBean otel_trace_id= otel_span_id= request_id= business_trace_id= tenant_id= document_id= ingestion_job_id= - Initialized JPA EntityManagerFactory for persistence unit 'default'
2026-05-29 16:06:02.117 [main] INFO  o.s.d.j.r.q.QueryEnhancerFactories otel_trace_id= otel_span_id= request_id= business_trace_id= tenant_id= document_id= ingestion_job_id= - Hibernate is in classpath; If applicable, HQL parser will be used.
2026-05-29 16:06:04.295 [main] INFO  n.d.b.g.s.a.GrpcServerFactoryAutoConfiguration otel_trace_id= otel_span_id= request_id= business_trace_id= tenant_id= document_id= ingestion_job_id= - Detected grpc-netty-shaded: Creating ShadedNettyGrpcServerFactory
2026-05-29 16:06:04.993 [main] INFO  o.s.b.a.e.web.EndpointLinksResolver otel_trace_id= otel_span_id= request_id= business_trace_id= tenant_id= document_id= ingestion_job_id= - Exposing 3 endpoints beneath base path '/actuator'
2026-05-29 16:06:05.029 [main] WARN  o.s.a.m.a.p.s.SyncMcpSamplingProvider otel_trace_id= otel_span_id= request_id= business_trace_id= tenant_id= document_id= ingestion_job_id= - No sampling methods found
2026-05-29 16:06:05.030 [main] WARN  o.s.a.m.a.p.e.SyncMcpElicitationProvider otel_trace_id= otel_span_id= request_id= business_trace_id= tenant_id= document_id= ingestion_job_id= - No elicitation methods found
2026-05-29 16:06:05.106 [main] INFO  o.s.boot.tomcat.TomcatWebServer otel_trace_id= otel_span_id= request_id= business_trace_id= tenant_id= document_id= ingestion_job_id= - Tomcat started on port 8081 (http) with context path '/'
2026-05-29 16:06:05.211 [main] INFO  n.d.b.g.s.s.AbstractGrpcServerFactory otel_trace_id= otel_span_id= request_id= business_trace_id= tenant_id= document_id= ingestion_job_id= - Registered gRPC service: document.DocumentService, bean: documentServiceGrpcImpl, class: com.sparrowx.document.grpc.DocumentServiceGrpcImpl
2026-05-29 16:06:05.212 [main] INFO  n.d.b.g.s.s.AbstractGrpcServerFactory otel_trace_id= otel_span_id= request_id= business_trace_id= tenant_id= document_id= ingestion_job_id= - Registered gRPC service: grpc.health.v1.Health, bean: grpcHealthService, class: io.grpc.protobuf.services.HealthServiceImpl
2026-05-29 16:06:05.212 [main] INFO  n.d.b.g.s.s.AbstractGrpcServerFactory otel_trace_id= otel_span_id= request_id= business_trace_id= tenant_id= document_id= ingestion_job_id= - Registered gRPC service: grpc.reflection.v1alpha.ServerReflection, bean: protoReflectionService, class: io.grpc.protobuf.services.ProtoReflectionService
2026-05-29 16:06:05.378 [main] INFO  n.d.b.g.s.s.GrpcServerLifecycle otel_trace_id= otel_span_id= request_id= business_trace_id= tenant_id= document_id= ingestion_job_id= - gRPC Server started, listening on address: *, port: 50054
2026-05-29 16:06:05.394 [main] INFO  c.s.document.DocumentApplication otel_trace_id= otel_span_id= request_id= business_trace_id= tenant_id= document_id= ingestion_job_id= - Started DocumentApplication in 10.4 seconds (process running for 10.859)
2026-05-29 16:06:05.565 [main] INFO  c.s.d.d.q.QdrantCollectionInitializer otel_trace_id= otel_span_id= request_id= business_trace_id= tenant_id= document_id= ingestion_job_id= - Qdrant collection already exists: sparrowx_document_chunks
2026-05-29 16:06:05.567 [main] WARN  o.s.c.events.SpringDocAppInitializer otel_trace_id= otel_span_id= request_id= business_trace_id= tenant_id= document_id= ingestion_job_id= - SpringDoc /v3/api-docs endpoint is enabled by default. To disable it in production, set the property 'springdoc.api-docs.enabled=false'
2026-05-29 16:06:05.567 [main] WARN  o.s.c.events.SpringDocAppInitializer otel_trace_id= otel_span_id= request_id= business_trace_id= tenant_id= document_id= ingestion_job_id= - SpringDoc /swagger-ui.html endpoint is enabled by default. To disable it in production, set the property 'springdoc.swagger-ui.enabled=false'
2026-05-29 16:06:05.860 [main] INFO  c.s.d.g.h.DocumentServiceStartupCheck otel_trace_id= otel_span_id= request_id= business_trace_id= tenant_id= document_id= ingestion_job_id= - Document service startup check complete documentCount=27 storageProvider=MinioDocumentStorage
2026-05-29 16:06:05.879 [main] INFO  b.i.grpc.health.GrpcHealthAdapter otel_trace_id= otel_span_id= request_id= business_trace_id= tenant_id= document_id= ingestion_job_id= - Application ready — setting gRPC global health to SERVING
2026-05-29 16:06:10.263 [http-nio-8081-exec-1] INFO  o.a.c.c.C.[Tomcat].[localhost].[/] otel_trace_id= otel_span_id= request_id= business_trace_id= tenant_id= document_id= ingestion_job_id= - Initializing Spring DispatcherServlet 'dispatcherServlet'
2026-05-29 16:06:10.267 [http-nio-8081-exec-1] INFO  o.s.web.servlet.DispatcherServlet otel_trace_id= otel_span_id= request_id= business_trace_id= tenant_id= document_id= ingestion_job_id= - Initializing Servlet 'dispatcherServlet'
2026-05-29 16:06:10.268 [http-nio-8081-exec-1] INFO  o.s.web.servlet.DispatcherServlet otel_trace_id= otel_span_id= request_id= business_trace_id= tenant_id= document_id= ingestion_job_id= - Completed initialization in 1 ms
2026-05-29 16:07:18.981 [grpc-default-executor-0] INFO  b.i.g.i.GrpcLoggingInterceptor otel_trace_id= otel_span_id= request_id= business_trace_id= tenant_id= document_id= ingestion_job_id= - grpc.call.start document.DocumentService/BuildDocumentEvidence
2026-05-29 16:07:19.008 [grpc-default-executor-0] INFO  b.i.g.i.GrpcTracingInterceptor otel_trace_id=ed4a7e65abfbfd7bb6fb65e8972adb10 otel_span_id=ea5963d4bf8456b8 request_id= business_trace_id= tenant_id= document_id= ingestion_job_id= - trace.start: ed4a7e65abfbfd7bb6fb65e8972adb10
2026-05-29 16:07:19.189 [grpc-default-executor-0] INFO  b.i.g.i.GrpcLoggingInterceptor$2 otel_trace_id= otel_span_id= request_id= business_trace_id= tenant_id= document_id= ingestion_job_id= - grpc.request.message document.DocumentService/BuildDocumentEvidence
2026-05-29 16:07:19.192 [grpc-default-executor-0] INFO  b.i.g.i.GrpcLoggingInterceptor$2 otel_trace_id= otel_span_id= request_id= business_trace_id= tenant_id= document_id= ingestion_job_id= - grpc.request.complete document.DocumentService/BuildDocumentEvidence
2026-05-29 16:07:19.210 [grpc-default-executor-0] INFO  b.c.c.i.CommandObservabilityInterceptor otel_trace_id=ed4a7e65abfbfd7bb6fb65e8972adb10 otel_span_id=ea5963d4bf8456b8 request_id=req-build-evidence-001 business_trace_id=trace-build-evidence-001 tenant_id=tenant-001 document_id= ingestion_job_id= - command.start BuildDocumentEvidenceCommand
2026-05-29 16:07:19.211 [grpc-default-executor-0] INFO  c.s.d.o.EvidenceBuildLogger otel_trace_id=ed4a7e65abfbfd7bb6fb65e8972adb10 otel_span_id=ea5963d4bf8456b8 request_id=req-build-evidence-001 business_trace_id=trace-build-evidence-001 tenant_id=tenant-001 document_id= ingestion_job_id= - Document evidence build requested tenantId=tenant-001 userId=user-001 projectId=project-001 teamId=team-001 goal=EXTRACTION scopedDocumentCount=1 limit=8 allowClaimCache=false requireVerification=true
2026-05-29 16:09:07.355 [grpc-default-executor-0] INFO  c.s.d.o.EvidenceBuildLogger otel_trace_id=ed4a7e65abfbfd7bb6fb65e8972adb10 otel_span_id=ea5963d4bf8456b8 request_id=req-build-evidence-001 business_trace_id=trace-build-evidence-001 tenant_id=tenant-001 document_id= ingestion_job_id= - Document evidence build completed tenantId=tenant-001 userId=user-001 graphId=3be855a8-d137-420e-9f85-751a14cbc1b4 nodeCount=8 edgeCount=4 usedChunkRetrieval=true usedClaimCache=false coverageScore=1.0
2026-05-29 16:09:07.355 [grpc-default-executor-0] INFO  b.c.c.i.CommandObservabilityInterceptor otel_trace_id=ed4a7e65abfbfd7bb6fb65e8972adb10 otel_span_id=ea5963d4bf8456b8 request_id=req-build-evidence-001 business_trace_id=trace-build-evidence-001 tenant_id=tenant-001 document_id= ingestion_job_id= - command.complete BuildDocumentEvidenceCommand in 108150 ms
2026-05-29 16:09:07.363 [grpc-default-executor-0] INFO  i.o.e.logging.LoggingSpanExporter otel_trace_id=ed4a7e65abfbfd7bb6fb65e8972adb10 otel_span_id=ea5963d4bf8456b8 request_id=req-build-evidence-001 business_trace_id=trace-build-evidence-001 tenant_id=tenant-001 document_id= ingestion_job_id= - 'command.BuildDocumentEvidenceCommand' : ed4a7e65abfbfd7bb6fb65e8972adb10 d3e945ed66ddf8e2 INTERNAL [tracer: sparrowx-document-service:] {}
2026-05-29 16:09:07.391 [grpc-default-executor-0] INFO  b.i.g.i.GrpcLoggingInterceptor$1 otel_trace_id=ed4a7e65abfbfd7bb6fb65e8972adb10 otel_span_id=ea5963d4bf8456b8 request_id=req-build-evidence-001 business_trace_id=trace-build-evidence-001 tenant_id=tenant-001 document_id= ingestion_job_id= - grpc.response.send document.DocumentService/BuildDocumentEvidence
2026-05-29 16:09:07.403 [grpc-default-executor-0] INFO  i.o.e.logging.LoggingSpanExporter otel_trace_id=ed4a7e65abfbfd7bb6fb65e8972adb10 otel_span_id=ea5963d4bf8456b8 request_id=req-build-evidence-001 business_trace_id=trace-build-evidence-001 tenant_id=tenant-001 document_id= ingestion_job_id= - 'document.DocumentService/BuildDocumentEvidence' : ed4a7e65abfbfd7bb6fb65e8972adb10 ea5963d4bf8456b8 SERVER [tracer: sparrowx-document-service:] AttributesMap{data={rpc.grpc.status_code=OK, rpc.system=grpc, rpc.method=document.DocumentService/BuildDocumentEvidence}, capacity=128, totalAddedValues=3}
2026-05-29 16:09:07.403 [grpc-default-executor-0] INFO  b.i.g.i.GrpcLoggingInterceptor$1 otel_trace_id=ed4a7e65abfbfd7bb6fb65e8972adb10 otel_span_id=ea5963d4bf8456b8 request_id=req-build-evidence-001 business_trace_id=trace-build-evidence-001 tenant_id=tenant-001 document_id= ingestion_job_id= - grpc.call.close document.DocumentService/BuildDocumentEvidence status=Status{code=OK, description=null, cause=null}
2026-05-29 16:09:07.424 [grpc-default-executor-0] INFO  b.i.g.i.GrpcLoggingInterceptor$2 otel_trace_id= otel_span_id= request_id= business_trace_id= tenant_id= document_id= ingestion_job_id= - grpc.call.complete document.DocumentService/BuildDocumentEvidence
2026-05-29 16:13:41.361 [SpringApplicationShutdownHook] INFO  n.d.b.g.s.s.GrpcServerLifecycle otel_trace_id= otel_span_id= request_id= business_trace_id= tenant_id= document_id= ingestion_job_id= - Completed gRPC server shutdown
2026-05-29 16:13:41.363 [SpringApplicationShutdownHook] INFO  o.s.boot.tomcat.GracefulShutdown otel_trace_id= otel_span_id= request_id= business_trace_id= tenant_id= document_id= ingestion_job_id= - Commencing graceful shutdown. Waiting for active requests to complete
2026-05-29 16:13:41.367 [tomcat-shutdown] INFO  o.s.boot.tomcat.GracefulShutdown otel_trace_id= otel_span_id= request_id= business_trace_id= tenant_id= document_id= ingestion_job_id= - Graceful shutdown complete
2026-05-29 16:13:41.382 [SpringApplicationShutdownHook] INFO  b.i.grpc.health.GrpcHealthAdapter otel_trace_id= otel_span_id= request_id= business_trace_id= tenant_id= document_id= ingestion_job_id= - Shutting down — setting gRPC global health to NOT_SERVING
2026-05-29 16:13:41.394 [SpringApplicationShutdownHook] INFO  o.s.o.j.LocalContainerEntityManagerFactoryBean otel_trace_id= otel_span_id= request_id= business_trace_id= tenant_id= document_id= ingestion_job_id= - Closing JPA EntityManagerFactory for persistence unit 'default'
2026-05-29 16:13:41.397 [SpringApplicationShutdownHook] INFO  com.zaxxer.hikari.HikariDataSource otel_trace_id= otel_span_id= request_id= business_trace_id= tenant_id= document_id= ingestion_job_id= - HikariPool-1 - Shutdown initiated...
2026-05-29 16:13:41.401 [SpringApplicationShutdownHook] INFO  com.zaxxer.hikari.HikariDataSource otel_trace_id= otel_span_id= request_id= business_trace_id= tenant_id= document_id= ingestion_job_id= - HikariPool-1 - Shutdown completed.
2026-05-29 16:14:38.961 [main] INFO  c.s.document.DocumentApplication otel_trace_id= otel_span_id= request_id= business_trace_id= tenant_id= document_id= ingestion_job_id= - Starting DocumentApplication using Java 25.0.2 with PID 30052 (D:\Projects\Sparrow-x\document-service\target\classes started by aggre in D:\Projects\Sparrow-x\document-service)
2026-05-29 16:14:38.963 [main] INFO  c.s.document.DocumentApplication otel_trace_id= otel_span_id= request_id= business_trace_id= tenant_id= document_id= ingestion_job_id= - The following 1 profile is active: "dev"
2026-05-29 16:14:39.707 [main] INFO  o.s.d.r.c.RepositoryConfigurationDelegate otel_trace_id= otel_span_id= request_id= business_trace_id= tenant_id= document_id= ingestion_job_id= - Multiple Spring Data modules found, entering strict repository configuration mode
2026-05-29 16:14:39.707 [main] INFO  o.s.d.r.c.RepositoryConfigurationDelegate otel_trace_id= otel_span_id= request_id= business_trace_id= tenant_id= document_id= ingestion_job_id= - Bootstrapping Spring Data JPA repositories in DEFAULT mode.
2026-05-29 16:14:39.808 [main] INFO  o.s.d.r.c.RepositoryConfigurationDelegate otel_trace_id= otel_span_id= request_id= business_trace_id= tenant_id= document_id= ingestion_job_id= - Finished Spring Data repository scanning in 93 ms. Found 5 JPA repository interfaces.
2026-05-29 16:14:40.492 [main] INFO  o.s.d.r.c.RepositoryConfigurationDelegate otel_trace_id= otel_span_id= request_id= business_trace_id= tenant_id= document_id= ingestion_job_id= - Multiple Spring Data modules found, entering strict repository configuration mode
2026-05-29 16:14:40.493 [main] INFO  o.s.d.r.c.RepositoryConfigurationDelegate otel_trace_id= otel_span_id= request_id= business_trace_id= tenant_id= document_id= ingestion_job_id= - Bootstrapping Spring Data Redis repositories in DEFAULT mode.
2026-05-29 16:14:40.530 [main] INFO  o.s.d.r.c.RepositoryConfigurationExtensionSupport otel_trace_id= otel_span_id= request_id= business_trace_id= tenant_id= document_id= ingestion_job_id= - Spring Data Redis - Could not safely identify store assignment for repository candidate interface com.sparrowx.document.data.postgres.repositories.DocumentChunkRepository; If you want this repository to be a Redis repository, consider annotating your entities with one of these annotations: org.springframework.data.redis.core.RedisHash (preferred), or consider extending one of the following types with your repository: org.springframework.data.keyvalue.repository.KeyValueRepository
2026-05-29 16:14:40.530 [main] INFO  o.s.d.r.c.RepositoryConfigurationExtensionSupport otel_trace_id= otel_span_id= request_id= business_trace_id= tenant_id= document_id= ingestion_job_id= - Spring Data Redis - Could not safely identify store assignment for repository candidate interface com.sparrowx.document.data.postgres.repositories.DocumentRepository; If you want this repository to be a Redis repository, consider annotating your entities with one of these annotations: org.springframework.data.redis.core.RedisHash (preferred), or consider extending one of the following types with your repository: org.springframework.data.keyvalue.repository.KeyValueRepository
2026-05-29 16:14:40.530 [main] INFO  o.s.d.r.c.RepositoryConfigurationExtensionSupport otel_trace_id= otel_span_id= request_id= business_trace_id= tenant_id= document_id= ingestion_job_id= - Spring Data Redis - Could not safely identify store assignment for repository candidate interface com.sparrowx.document.data.postgres.repositories.IngestionJobRepository; If you want this repository to be a Redis repository, consider annotating your entities with one of these annotations: org.springframework.data.redis.core.RedisHash (preferred), or consider extending one of the following types with your repository: org.springframework.data.keyvalue.repository.KeyValueRepository
2026-05-29 16:14:40.530 [main] INFO  o.s.d.r.c.RepositoryConfigurationDelegate otel_trace_id= otel_span_id= request_id= business_trace_id= tenant_id= document_id= ingestion_job_id= - Finished Spring Data repository scanning in 28 ms. Found 0 Redis repository interfaces.
2026-05-29 16:14:41.494 [main] INFO  o.s.boot.tomcat.TomcatWebServer otel_trace_id= otel_span_id= request_id= business_trace_id= tenant_id= document_id= ingestion_job_id= - Tomcat initialized with port 8081 (http)
2026-05-29 16:14:41.505 [main] INFO  o.a.catalina.core.StandardService otel_trace_id= otel_span_id= request_id= business_trace_id= tenant_id= document_id= ingestion_job_id= - Starting service [Tomcat]
2026-05-29 16:14:41.506 [main] INFO  o.a.catalina.core.StandardEngine otel_trace_id= otel_span_id= request_id= business_trace_id= tenant_id= document_id= ingestion_job_id= - Starting Servlet engine: [Apache Tomcat/11.0.21]
2026-05-29 16:14:41.591 [main] INFO  o.s.b.w.c.s.WebApplicationContextInitializer otel_trace_id= otel_span_id= request_id= business_trace_id= tenant_id= document_id= ingestion_job_id= - Root WebApplicationContext: initialization completed in 2595 ms
2026-05-29 16:14:41.809 [main] INFO  org.hibernate.orm.jpa otel_trace_id= otel_span_id= request_id= business_trace_id= tenant_id= document_id= ingestion_job_id= - HHH008540: Processing PersistenceUnitInfo [name: default]
2026-05-29 16:14:41.854 [main] INFO  org.hibernate.orm.core otel_trace_id= otel_span_id= request_id= business_trace_id= tenant_id= document_id= ingestion_job_id= - HHH000001: Hibernate ORM core version 7.2.12.Final
2026-05-29 16:14:42.189 [main] INFO  o.s.o.j.p.SpringPersistenceUnitInfo otel_trace_id= otel_span_id= request_id= business_trace_id= tenant_id= document_id= ingestion_job_id= - No LoadTimeWeaver setup: ignoring JPA class transformer
2026-05-29 16:14:42.216 [main] INFO  com.zaxxer.hikari.HikariDataSource otel_trace_id= otel_span_id= request_id= business_trace_id= tenant_id= document_id= ingestion_job_id= - HikariPool-1 - Starting...
2026-05-29 16:14:42.347 [main] INFO  com.zaxxer.hikari.pool.HikariPool otel_trace_id= otel_span_id= request_id= business_trace_id= tenant_id= document_id= ingestion_job_id= - HikariPool-1 - Added connection org.postgresql.jdbc.PgConnection@5ce34685
2026-05-29 16:14:42.348 [main] INFO  com.zaxxer.hikari.HikariDataSource otel_trace_id= otel_span_id= request_id= business_trace_id= tenant_id= document_id= ingestion_job_id= - HikariPool-1 - Start completed.
2026-05-29 16:14:42.408 [main] INFO  o.hibernate.orm.connections.pooling otel_trace_id= otel_span_id= request_id= business_trace_id= tenant_id= document_id= ingestion_job_id= - HHH10001005: Database info:
	Database JDBC URL [jdbc:postgresql://localhost:5432/postgres]
	Database driver: PostgreSQL JDBC Driver
	Database dialect: PostgreSQLDialect
	Database version: 16.13
	Default catalog/schema: postgres/public
	Autocommit mode: undefined/unknown
	Isolation level: READ_COMMITTED [default READ_COMMITTED]
	JDBC fetch size: none
	Pool: DataSourceConnectionProvider
	Minimum pool size: undefined/unknown
	Maximum pool size: undefined/unknown
2026-05-29 16:14:43.366 [main] INFO  org.hibernate.orm.core otel_trace_id= otel_span_id= request_id= business_trace_id= tenant_id= document_id= ingestion_job_id= - HHH000489: No JTA platform available (set 'hibernate.transaction.jta.platform' to enable JTA platform integration)
2026-05-29 16:14:43.410 [main] INFO  o.s.o.j.LocalContainerEntityManagerFactoryBean otel_trace_id= otel_span_id= request_id= business_trace_id= tenant_id= document_id= ingestion_job_id= - Initialized JPA EntityManagerFactory for persistence unit 'default'
2026-05-29 16:14:43.854 [main] INFO  o.s.d.j.r.q.QueryEnhancerFactories otel_trace_id= otel_span_id= request_id= business_trace_id= tenant_id= document_id= ingestion_job_id= - Hibernate is in classpath; If applicable, HQL parser will be used.
2026-05-29 16:14:45.098 [main] INFO  n.d.b.g.s.a.GrpcServerFactoryAutoConfiguration otel_trace_id= otel_span_id= request_id= business_trace_id= tenant_id= document_id= ingestion_job_id= - Detected grpc-netty-shaded: Creating ShadedNettyGrpcServerFactory
2026-05-29 16:14:45.457 [main] INFO  o.s.b.a.e.web.EndpointLinksResolver otel_trace_id= otel_span_id= request_id= business_trace_id= tenant_id= document_id= ingestion_job_id= - Exposing 3 endpoints beneath base path '/actuator'
2026-05-29 16:14:45.476 [main] WARN  o.s.a.m.a.p.s.SyncMcpSamplingProvider otel_trace_id= otel_span_id= request_id= business_trace_id= tenant_id= document_id= ingestion_job_id= - No sampling methods found
2026-05-29 16:14:45.477 [main] WARN  o.s.a.m.a.p.e.SyncMcpElicitationProvider otel_trace_id= otel_span_id= request_id= business_trace_id= tenant_id= document_id= ingestion_job_id= - No elicitation methods found
2026-05-29 16:14:45.520 [main] INFO  o.s.boot.tomcat.TomcatWebServer otel_trace_id= otel_span_id= request_id= business_trace_id= tenant_id= document_id= ingestion_job_id= - Tomcat started on port 8081 (http) with context path '/'
2026-05-29 16:14:45.581 [main] INFO  n.d.b.g.s.s.AbstractGrpcServerFactory otel_trace_id= otel_span_id= request_id= business_trace_id= tenant_id= document_id= ingestion_job_id= - Registered gRPC service: document.DocumentService, bean: documentServiceGrpcImpl, class: com.sparrowx.document.grpc.DocumentServiceGrpcImpl
2026-05-29 16:14:45.581 [main] INFO  n.d.b.g.s.s.AbstractGrpcServerFactory otel_trace_id= otel_span_id= request_id= business_trace_id= tenant_id= document_id= ingestion_job_id= - Registered gRPC service: grpc.health.v1.Health, bean: grpcHealthService, class: io.grpc.protobuf.services.HealthServiceImpl
2026-05-29 16:14:45.581 [main] INFO  n.d.b.g.s.s.AbstractGrpcServerFactory otel_trace_id= otel_span_id= request_id= business_trace_id= tenant_id= document_id= ingestion_job_id= - Registered gRPC service: grpc.reflection.v1alpha.ServerReflection, bean: protoReflectionService, class: io.grpc.protobuf.services.ProtoReflectionService
2026-05-29 16:14:45.682 [main] INFO  n.d.b.g.s.s.GrpcServerLifecycle otel_trace_id= otel_span_id= request_id= business_trace_id= tenant_id= document_id= ingestion_job_id= - gRPC Server started, listening on address: *, port: 50054
2026-05-29 16:14:45.692 [main] INFO  c.s.document.DocumentApplication otel_trace_id= otel_span_id= request_id= business_trace_id= tenant_id= document_id= ingestion_job_id= - Started DocumentApplication in 7.155 seconds (process running for 7.621)
2026-05-29 16:14:45.811 [main] INFO  c.s.d.d.q.QdrantCollectionInitializer otel_trace_id= otel_span_id= request_id= business_trace_id= tenant_id= document_id= ingestion_job_id= - Qdrant collection already exists: sparrowx_document_chunks
2026-05-29 16:14:45.811 [main] WARN  o.s.c.events.SpringDocAppInitializer otel_trace_id= otel_span_id= request_id= business_trace_id= tenant_id= document_id= ingestion_job_id= - SpringDoc /v3/api-docs endpoint is enabled by default. To disable it in production, set the property 'springdoc.api-docs.enabled=false'
2026-05-29 16:14:45.812 [main] WARN  o.s.c.events.SpringDocAppInitializer otel_trace_id= otel_span_id= request_id= business_trace_id= tenant_id= document_id= ingestion_job_id= - SpringDoc /swagger-ui.html endpoint is enabled by default. To disable it in production, set the property 'springdoc.swagger-ui.enabled=false'
2026-05-29 16:14:45.969 [main] INFO  c.s.d.g.h.DocumentServiceStartupCheck otel_trace_id= otel_span_id= request_id= business_trace_id= tenant_id= document_id= ingestion_job_id= - Document service startup check complete documentCount=27 storageProvider=MinioDocumentStorage
2026-05-29 16:14:45.981 [main] INFO  b.i.grpc.health.GrpcHealthAdapter otel_trace_id= otel_span_id= request_id= business_trace_id= tenant_id= document_id= ingestion_job_id= - Application ready — setting gRPC global health to SERVING
2026-05-29 16:14:50.210 [http-nio-8081-exec-1] INFO  o.a.c.c.C.[Tomcat].[localhost].[/] otel_trace_id= otel_span_id= request_id= business_trace_id= tenant_id= document_id= ingestion_job_id= - Initializing Spring DispatcherServlet 'dispatcherServlet'
2026-05-29 16:14:50.211 [http-nio-8081-exec-1] INFO  o.s.web.servlet.DispatcherServlet otel_trace_id= otel_span_id= request_id= business_trace_id= tenant_id= document_id= ingestion_job_id= - Initializing Servlet 'dispatcherServlet'
2026-05-29 16:14:50.212 [http-nio-8081-exec-1] INFO  o.s.web.servlet.DispatcherServlet otel_trace_id= otel_span_id= request_id= business_trace_id= tenant_id= document_id= ingestion_job_id= - Completed initialization in 1 ms
2026-05-29 16:15:04.994 [grpc-default-executor-0] INFO  b.i.g.i.GrpcLoggingInterceptor otel_trace_id= otel_span_id= request_id= business_trace_id= tenant_id= document_id= ingestion_job_id= - grpc.call.start document.DocumentService/BuildDocumentEvidence
2026-05-29 16:15:05.031 [grpc-default-executor-0] INFO  b.i.g.i.GrpcTracingInterceptor otel_trace_id=693e87e4be1f43d742aac9dbf98fce37 otel_span_id=cfaaca6dbe73a838 request_id= business_trace_id= tenant_id= document_id= ingestion_job_id= - trace.start: 693e87e4be1f43d742aac9dbf98fce37
2026-05-29 16:15:05.201 [grpc-default-executor-0] INFO  b.i.g.i.GrpcLoggingInterceptor$2 otel_trace_id= otel_span_id= request_id= business_trace_id= tenant_id= document_id= ingestion_job_id= - grpc.request.message document.DocumentService/BuildDocumentEvidence
2026-05-29 16:15:05.206 [grpc-default-executor-0] INFO  b.i.g.i.GrpcLoggingInterceptor$2 otel_trace_id= otel_span_id= request_id= business_trace_id= tenant_id= document_id= ingestion_job_id= - grpc.request.complete document.DocumentService/BuildDocumentEvidence
2026-05-29 16:15:05.222 [grpc-default-executor-0] INFO  b.c.c.i.CommandObservabilityInterceptor otel_trace_id=693e87e4be1f43d742aac9dbf98fce37 otel_span_id=cfaaca6dbe73a838 request_id=req-build-evidence-001 business_trace_id=trace-build-evidence-001 tenant_id=tenant-001 document_id= ingestion_job_id= - command.start BuildDocumentEvidenceCommand
2026-05-29 16:15:05.223 [grpc-default-executor-0] INFO  c.s.d.o.EvidenceBuildLogger otel_trace_id=693e87e4be1f43d742aac9dbf98fce37 otel_span_id=cfaaca6dbe73a838 request_id=req-build-evidence-001 business_trace_id=trace-build-evidence-001 tenant_id=tenant-001 document_id= ingestion_job_id= - Document evidence build requested tenantId=tenant-001 userId=user-001 projectId=project-001 teamId=team-001 goal=EXTRACTION scopedDocumentCount=1 limit=8 allowClaimCache=false requireVerification=true
2026-05-29 16:17:01.491 [grpc-default-executor-0] INFO  c.s.d.o.EvidenceBuildLogger otel_trace_id=693e87e4be1f43d742aac9dbf98fce37 otel_span_id=cfaaca6dbe73a838 request_id=req-build-evidence-001 business_trace_id=trace-build-evidence-001 tenant_id=tenant-001 document_id= ingestion_job_id= - Document evidence build completed tenantId=tenant-001 userId=user-001 graphId=8c641331-0424-4298-905c-028c36a0a6ac nodeCount=5 edgeCount=1 usedChunkRetrieval=true usedClaimCache=false coverageScore=1.0
2026-05-29 16:17:01.491 [grpc-default-executor-0] INFO  b.c.c.i.CommandObservabilityInterceptor otel_trace_id=693e87e4be1f43d742aac9dbf98fce37 otel_span_id=cfaaca6dbe73a838 request_id=req-build-evidence-001 business_trace_id=trace-build-evidence-001 tenant_id=tenant-001 document_id= ingestion_job_id= - command.complete BuildDocumentEvidenceCommand in 116268 ms
2026-05-29 16:17:01.491 [grpc-default-executor-0] INFO  i.o.e.logging.LoggingSpanExporter otel_trace_id=693e87e4be1f43d742aac9dbf98fce37 otel_span_id=cfaaca6dbe73a838 request_id=req-build-evidence-001 business_trace_id=trace-build-evidence-001 tenant_id=tenant-001 document_id= ingestion_job_id= - 'command.BuildDocumentEvidenceCommand' : 693e87e4be1f43d742aac9dbf98fce37 9beee00eddae8a90 INTERNAL [tracer: sparrowx-document-service:] {}
2026-05-29 16:17:01.521 [grpc-default-executor-0] INFO  b.i.g.i.GrpcLoggingInterceptor$1 otel_trace_id=693e87e4be1f43d742aac9dbf98fce37 otel_span_id=cfaaca6dbe73a838 request_id=req-build-evidence-001 business_trace_id=trace-build-evidence-001 tenant_id=tenant-001 document_id= ingestion_job_id= - grpc.response.send document.DocumentService/BuildDocumentEvidence
2026-05-29 16:17:01.532 [grpc-default-executor-0] INFO  i.o.e.logging.LoggingSpanExporter otel_trace_id=693e87e4be1f43d742aac9dbf98fce37 otel_span_id=cfaaca6dbe73a838 request_id=req-build-evidence-001 business_trace_id=trace-build-evidence-001 tenant_id=tenant-001 document_id= ingestion_job_id= - 'document.DocumentService/BuildDocumentEvidence' : 693e87e4be1f43d742aac9dbf98fce37 cfaaca6dbe73a838 SERVER [tracer: sparrowx-document-service:] AttributesMap{data={rpc.grpc.status_code=OK, rpc.system=grpc, rpc.method=document.DocumentService/BuildDocumentEvidence}, capacity=128, totalAddedValues=3}
2026-05-29 16:17:01.540 [grpc-default-executor-0] INFO  b.i.g.i.GrpcLoggingInterceptor$1 otel_trace_id=693e87e4be1f43d742aac9dbf98fce37 otel_span_id=cfaaca6dbe73a838 request_id=req-build-evidence-001 business_trace_id=trace-build-evidence-001 tenant_id=tenant-001 document_id= ingestion_job_id= - grpc.call.close document.DocumentService/BuildDocumentEvidence status=Status{code=OK, description=null, cause=null}
2026-05-29 16:17:01.552 [grpc-default-executor-0] INFO  b.i.g.i.GrpcLoggingInterceptor$2 otel_trace_id= otel_span_id= request_id= business_trace_id= tenant_id= document_id= ingestion_job_id= - grpc.call.complete document.DocumentService/BuildDocumentEvidence
2026-05-29 16:20:09.503 [grpc-default-executor-1] INFO  b.i.g.i.GrpcLoggingInterceptor otel_trace_id= otel_span_id= request_id= business_trace_id= tenant_id= document_id= ingestion_job_id= - grpc.call.start document.DocumentService/VerifyEvidenceGraph
2026-05-29 16:20:09.504 [grpc-default-executor-1] INFO  b.i.g.i.GrpcTracingInterceptor otel_trace_id=49473ee3d3def7f099707df550b44d46 otel_span_id=e3ff8dbcda036125 request_id= business_trace_id= tenant_id= document_id= ingestion_job_id= - trace.start: 49473ee3d3def7f099707df550b44d46
2026-05-29 16:20:09.506 [grpc-default-executor-1] INFO  b.i.g.i.GrpcLoggingInterceptor$2 otel_trace_id= otel_span_id= request_id= business_trace_id= tenant_id= document_id= ingestion_job_id= - grpc.request.message document.DocumentService/VerifyEvidenceGraph
2026-05-29 16:20:09.507 [grpc-default-executor-1] INFO  b.i.g.i.GrpcLoggingInterceptor$2 otel_trace_id= otel_span_id= request_id= business_trace_id= tenant_id= document_id= ingestion_job_id= - grpc.request.complete document.DocumentService/VerifyEvidenceGraph
2026-05-29 16:20:09.512 [grpc-default-executor-1] INFO  b.c.q.i.QueryObservabilityInterceptor otel_trace_id=49473ee3d3def7f099707df550b44d46 otel_span_id=e3ff8dbcda036125 request_id=req-verify-evidence-001 business_trace_id=trace-verify-evidence-001 tenant_id=tenant-001 document_id= ingestion_job_id= - query.start VerifyEvidenceGraphQuery
2026-05-29 16:20:09.514 [grpc-default-executor-1] INFO  c.s.d.o.EvidenceGraphVerificationLogger otel_trace_id=49473ee3d3def7f099707df550b44d46 otel_span_id=e3ff8dbcda036125 request_id=req-verify-evidence-001 business_trace_id=trace-verify-evidence-001 tenant_id=tenant-001 document_id= ingestion_job_id= - Evidence graph verification requested tenantId=tenant-001 userId=user-001 nodeCount=8 edgeCount=7
2026-05-29 16:20:09.516 [grpc-default-executor-1] INFO  c.s.d.o.EvidenceGraphVerificationLogger otel_trace_id=49473ee3d3def7f099707df550b44d46 otel_span_id=e3ff8dbcda036125 request_id=req-verify-evidence-001 business_trace_id=trace-verify-evidence-001 tenant_id=tenant-001 document_id= ingestion_job_id= - Evidence graph verification completed tenantId=tenant-001 userId=user-001 supported=false verificationStatus=PARTIALLY_SUPPORTED confidence=0.708657269265822 coverageScore=0.875
2026-05-29 16:20:09.517 [grpc-default-executor-1] INFO  b.c.q.i.QueryObservabilityInterceptor otel_trace_id=49473ee3d3def7f099707df550b44d46 otel_span_id=e3ff8dbcda036125 request_id=req-verify-evidence-001 business_trace_id=trace-verify-evidence-001 tenant_id=tenant-001 document_id= ingestion_job_id= - query.complete VerifyEvidenceGraphQuery in 4 ms
2026-05-29 16:20:09.517 [grpc-default-executor-1] INFO  i.o.e.logging.LoggingSpanExporter otel_trace_id=49473ee3d3def7f099707df550b44d46 otel_span_id=e3ff8dbcda036125 request_id=req-verify-evidence-001 business_trace_id=trace-verify-evidence-001 tenant_id=tenant-001 document_id= ingestion_job_id= - 'query.VerifyEvidenceGraphQuery' : 49473ee3d3def7f099707df550b44d46 42773979fb6f325c INTERNAL [tracer: sparrowx-document-service:] {}
2026-05-29 16:20:09.520 [grpc-default-executor-1] INFO  b.i.g.i.GrpcLoggingInterceptor$1 otel_trace_id=49473ee3d3def7f099707df550b44d46 otel_span_id=e3ff8dbcda036125 request_id=req-verify-evidence-001 business_trace_id=trace-verify-evidence-001 tenant_id=tenant-001 document_id= ingestion_job_id= - grpc.response.send document.DocumentService/VerifyEvidenceGraph
2026-05-29 16:20:09.524 [grpc-default-executor-1] INFO  i.o.e.logging.LoggingSpanExporter otel_trace_id=49473ee3d3def7f099707df550b44d46 otel_span_id=e3ff8dbcda036125 request_id=req-verify-evidence-001 business_trace_id=trace-verify-evidence-001 tenant_id=tenant-001 document_id= ingestion_job_id= - 'document.DocumentService/VerifyEvidenceGraph' : 49473ee3d3def7f099707df550b44d46 e3ff8dbcda036125 SERVER [tracer: sparrowx-document-service:] AttributesMap{data={rpc.grpc.status_code=OK, rpc.system=grpc, rpc.method=document.DocumentService/VerifyEvidenceGraph}, capacity=128, totalAddedValues=3}
2026-05-29 16:20:09.525 [grpc-default-executor-1] INFO  b.i.g.i.GrpcLoggingInterceptor$1 otel_trace_id=49473ee3d3def7f099707df550b44d46 otel_span_id=e3ff8dbcda036125 request_id=req-verify-evidence-001 business_trace_id=trace-verify-evidence-001 tenant_id=tenant-001 document_id= ingestion_job_id= - grpc.call.close document.DocumentService/VerifyEvidenceGraph status=Status{code=OK, description=null, cause=null}
2026-05-29 16:20:09.525 [grpc-default-executor-1] INFO  b.i.g.i.GrpcLoggingInterceptor$2 otel_trace_id= otel_span_id= request_id= business_trace_id= tenant_id= document_id= ingestion_job_id= - grpc.call.complete document.DocumentService/VerifyEvidenceGraph
2026-05-29 16:22:04.671 [grpc-default-executor-2] INFO  b.i.g.i.GrpcLoggingInterceptor otel_trace_id= otel_span_id= request_id= business_trace_id= tenant_id= document_id= ingestion_job_id= - grpc.call.start document.DocumentService/VerifyEvidenceGraph
2026-05-29 16:22:04.671 [grpc-default-executor-2] INFO  b.i.g.i.GrpcTracingInterceptor otel_trace_id=475c359c678c98fea0f19fe19078baf6 otel_span_id=5638da7cc64215e8 request_id= business_trace_id= tenant_id= document_id= ingestion_job_id= - trace.start: 475c359c678c98fea0f19fe19078baf6
2026-05-29 16:22:04.671 [grpc-default-executor-2] INFO  b.i.g.i.GrpcLoggingInterceptor$2 otel_trace_id= otel_span_id= request_id= business_trace_id= tenant_id= document_id= ingestion_job_id= - grpc.request.message document.DocumentService/VerifyEvidenceGraph
2026-05-29 16:22:04.671 [grpc-default-executor-2] INFO  b.i.g.i.GrpcLoggingInterceptor$2 otel_trace_id= otel_span_id= request_id= business_trace_id= tenant_id= document_id= ingestion_job_id= - grpc.request.complete document.DocumentService/VerifyEvidenceGraph
2026-05-29 16:22:04.671 [grpc-default-executor-2] INFO  b.c.q.i.QueryObservabilityInterceptor otel_trace_id=475c359c678c98fea0f19fe19078baf6 otel_span_id=5638da7cc64215e8 request_id=req-verify-evidence-002 business_trace_id=trace-verify-evidence-002 tenant_id=tenant-001 document_id= ingestion_job_id= - query.start VerifyEvidenceGraphQuery
2026-05-29 16:22:04.676 [grpc-default-executor-2] INFO  c.s.d.o.EvidenceGraphVerificationLogger otel_trace_id=475c359c678c98fea0f19fe19078baf6 otel_span_id=5638da7cc64215e8 request_id=req-verify-evidence-002 business_trace_id=trace-verify-evidence-002 tenant_id=tenant-001 document_id= ingestion_job_id= - Evidence graph verification requested tenantId=tenant-001 userId=user-001 nodeCount=5 edgeCount=1
2026-05-29 16:22:04.678 [grpc-default-executor-2] INFO  c.s.d.o.EvidenceGraphVerificationLogger otel_trace_id=475c359c678c98fea0f19fe19078baf6 otel_span_id=5638da7cc64215e8 request_id=req-verify-evidence-002 business_trace_id=trace-verify-evidence-002 tenant_id=tenant-001 document_id= ingestion_job_id= - Evidence graph verification completed tenantId=tenant-001 userId=user-001 supported=false verificationStatus=PARTIALLY_SUPPORTED confidence=0.6516666666666666 coverageScore=0.8
2026-05-29 16:22:04.679 [grpc-default-executor-2] INFO  b.c.q.i.QueryObservabilityInterceptor otel_trace_id=475c359c678c98fea0f19fe19078baf6 otel_span_id=5638da7cc64215e8 request_id=req-verify-evidence-002 business_trace_id=trace-verify-evidence-002 tenant_id=tenant-001 document_id= ingestion_job_id= - query.complete VerifyEvidenceGraphQuery in 4 ms
2026-05-29 16:22:04.679 [grpc-default-executor-2] INFO  i.o.e.logging.LoggingSpanExporter otel_trace_id=475c359c678c98fea0f19fe19078baf6 otel_span_id=5638da7cc64215e8 request_id=req-verify-evidence-002 business_trace_id=trace-verify-evidence-002 tenant_id=tenant-001 document_id= ingestion_job_id= - 'query.VerifyEvidenceGraphQuery' : 475c359c678c98fea0f19fe19078baf6 22974935f4f0ac32 INTERNAL [tracer: sparrowx-document-service:] {}
2026-05-29 16:22:04.679 [grpc-default-executor-2] INFO  b.i.g.i.GrpcLoggingInterceptor$1 otel_trace_id=475c359c678c98fea0f19fe19078baf6 otel_span_id=5638da7cc64215e8 request_id=req-verify-evidence-002 business_trace_id=trace-verify-evidence-002 tenant_id=tenant-001 document_id= ingestion_job_id= - grpc.response.send document.DocumentService/VerifyEvidenceGraph
2026-05-29 16:22:04.681 [grpc-default-executor-2] INFO  i.o.e.logging.LoggingSpanExporter otel_trace_id=475c359c678c98fea0f19fe19078baf6 otel_span_id=5638da7cc64215e8 request_id=req-verify-evidence-002 business_trace_id=trace-verify-evidence-002 tenant_id=tenant-001 document_id= ingestion_job_id= - 'document.DocumentService/VerifyEvidenceGraph' : 475c359c678c98fea0f19fe19078baf6 5638da7cc64215e8 SERVER [tracer: sparrowx-document-service:] AttributesMap{data={rpc.grpc.status_code=OK, rpc.system=grpc, rpc.method=document.DocumentService/VerifyEvidenceGraph}, capacity=128, totalAddedValues=3}
2026-05-29 16:22:04.681 [grpc-default-executor-2] INFO  b.i.g.i.GrpcLoggingInterceptor$1 otel_trace_id=475c359c678c98fea0f19fe19078baf6 otel_span_id=5638da7cc64215e8 request_id=req-verify-evidence-002 business_trace_id=trace-verify-evidence-002 tenant_id=tenant-001 document_id= ingestion_job_id= - grpc.call.close document.DocumentService/VerifyEvidenceGraph status=Status{code=OK, description=null, cause=null}
2026-05-29 16:22:04.683 [grpc-default-executor-2] INFO  b.i.g.i.GrpcLoggingInterceptor$2 otel_trace_id= otel_span_id= request_id= business_trace_id= tenant_id= document_id= ingestion_job_id= - grpc.call.complete document.DocumentService/VerifyEvidenceGraph
2026-05-29 16:25:00.453 [SpringApplicationShutdownHook] INFO  n.d.b.g.s.s.GrpcServerLifecycle otel_trace_id= otel_span_id= request_id= business_trace_id= tenant_id= document_id= ingestion_job_id= - Completed gRPC server shutdown
2026-05-29 16:25:00.454 [SpringApplicationShutdownHook] INFO  o.s.boot.tomcat.GracefulShutdown otel_trace_id= otel_span_id= request_id= business_trace_id= tenant_id= document_id= ingestion_job_id= - Commencing graceful shutdown. Waiting for active requests to complete
2026-05-29 16:25:00.458 [tomcat-shutdown] INFO  o.s.boot.tomcat.GracefulShutdown otel_trace_id= otel_span_id= request_id= business_trace_id= tenant_id= document_id= ingestion_job_id= - Graceful shutdown complete
2026-05-29 16:25:00.476 [SpringApplicationShutdownHook] INFO  b.i.grpc.health.GrpcHealthAdapter otel_trace_id= otel_span_id= request_id= business_trace_id= tenant_id= document_id= ingestion_job_id= - Shutting down — setting gRPC global health to NOT_SERVING
2026-05-29 16:25:00.490 [SpringApplicationShutdownHook] INFO  o.s.o.j.LocalContainerEntityManagerFactoryBean otel_trace_id= otel_span_id= request_id= business_trace_id= tenant_id= document_id= ingestion_job_id= - Closing JPA EntityManagerFactory for persistence unit 'default'
2026-05-29 16:25:00.493 [SpringApplicationShutdownHook] INFO  com.zaxxer.hikari.HikariDataSource otel_trace_id= otel_span_id= request_id= business_trace_id= tenant_id= document_id= ingestion_job_id= - HikariPool-1 - Shutdown initiated...
2026-05-29 16:25:00.498 [SpringApplicationShutdownHook] INFO  com.zaxxer.hikari.HikariDataSource otel_trace_id= otel_span_id= request_id= business_trace_id= tenant_id= document_id= ingestion_job_id= - HikariPool-1 - Shutdown completed.
2026-05-29 16:25:58.481 [main] INFO  c.s.document.DocumentApplication otel_trace_id= otel_span_id= request_id= business_trace_id= tenant_id= document_id= ingestion_job_id= - Starting DocumentApplication using Java 25.0.2 with PID 24092 (D:\Projects\Sparrow-x\document-service\target\classes started by aggre in D:\Projects\Sparrow-x\document-service)
2026-05-29 16:25:58.482 [main] INFO  c.s.document.DocumentApplication otel_trace_id= otel_span_id= request_id= business_trace_id= tenant_id= document_id= ingestion_job_id= - The following 1 profile is active: "dev"
2026-05-29 16:25:59.287 [main] INFO  o.s.d.r.c.RepositoryConfigurationDelegate otel_trace_id= otel_span_id= request_id= business_trace_id= tenant_id= document_id= ingestion_job_id= - Multiple Spring Data modules found, entering strict repository configuration mode
2026-05-29 16:25:59.288 [main] INFO  o.s.d.r.c.RepositoryConfigurationDelegate otel_trace_id= otel_span_id= request_id= business_trace_id= tenant_id= document_id= ingestion_job_id= - Bootstrapping Spring Data JPA repositories in DEFAULT mode.
2026-05-29 16:25:59.392 [main] INFO  o.s.d.r.c.RepositoryConfigurationDelegate otel_trace_id= otel_span_id= request_id= business_trace_id= tenant_id= document_id= ingestion_job_id= - Finished Spring Data repository scanning in 96 ms. Found 5 JPA repository interfaces.
2026-05-29 16:26:00.115 [main] INFO  o.s.d.r.c.RepositoryConfigurationDelegate otel_trace_id= otel_span_id= request_id= business_trace_id= tenant_id= document_id= ingestion_job_id= - Multiple Spring Data modules found, entering strict repository configuration mode
2026-05-29 16:26:00.116 [main] INFO  o.s.d.r.c.RepositoryConfigurationDelegate otel_trace_id= otel_span_id= request_id= business_trace_id= tenant_id= document_id= ingestion_job_id= - Bootstrapping Spring Data Redis repositories in DEFAULT mode.
2026-05-29 16:26:00.152 [main] INFO  o.s.d.r.c.RepositoryConfigurationExtensionSupport otel_trace_id= otel_span_id= request_id= business_trace_id= tenant_id= document_id= ingestion_job_id= - Spring Data Redis - Could not safely identify store assignment for repository candidate interface com.sparrowx.document.data.postgres.repositories.DocumentChunkRepository; If you want this repository to be a Redis repository, consider annotating your entities with one of these annotations: org.springframework.data.redis.core.RedisHash (preferred), or consider extending one of the following types with your repository: org.springframework.data.keyvalue.repository.KeyValueRepository
2026-05-29 16:26:00.152 [main] INFO  o.s.d.r.c.RepositoryConfigurationExtensionSupport otel_trace_id= otel_span_id= request_id= business_trace_id= tenant_id= document_id= ingestion_job_id= - Spring Data Redis - Could not safely identify store assignment for repository candidate interface com.sparrowx.document.data.postgres.repositories.DocumentRepository; If you want this repository to be a Redis repository, consider annotating your entities with one of these annotations: org.springframework.data.redis.core.RedisHash (preferred), or consider extending one of the following types with your repository: org.springframework.data.keyvalue.repository.KeyValueRepository
2026-05-29 16:26:00.152 [main] INFO  o.s.d.r.c.RepositoryConfigurationExtensionSupport otel_trace_id= otel_span_id= request_id= business_trace_id= tenant_id= document_id= ingestion_job_id= - Spring Data Redis - Could not safely identify store assignment for repository candidate interface com.sparrowx.document.data.postgres.repositories.IngestionJobRepository; If you want this repository to be a Redis repository, consider annotating your entities with one of these annotations: org.springframework.data.redis.core.RedisHash (preferred), or consider extending one of the following types with your repository: org.springframework.data.keyvalue.repository.KeyValueRepository
2026-05-29 16:26:00.152 [main] INFO  o.s.d.r.c.RepositoryConfigurationDelegate otel_trace_id= otel_span_id= request_id= business_trace_id= tenant_id= document_id= ingestion_job_id= - Finished Spring Data repository scanning in 28 ms. Found 0 Redis repository interfaces.
2026-05-29 16:26:01.628 [main] INFO  o.s.boot.tomcat.TomcatWebServer otel_trace_id= otel_span_id= request_id= business_trace_id= tenant_id= document_id= ingestion_job_id= - Tomcat initialized with port 8081 (http)
2026-05-29 16:26:01.645 [main] INFO  o.a.catalina.core.StandardService otel_trace_id= otel_span_id= request_id= business_trace_id= tenant_id= document_id= ingestion_job_id= - Starting service [Tomcat]
2026-05-29 16:26:01.645 [main] INFO  o.a.catalina.core.StandardEngine otel_trace_id= otel_span_id= request_id= business_trace_id= tenant_id= document_id= ingestion_job_id= - Starting Servlet engine: [Apache Tomcat/11.0.21]
2026-05-29 16:26:01.798 [main] INFO  o.s.b.w.c.s.WebApplicationContextInitializer otel_trace_id= otel_span_id= request_id= business_trace_id= tenant_id= document_id= ingestion_job_id= - Root WebApplicationContext: initialization completed in 3281 ms
2026-05-29 16:26:02.174 [main] INFO  org.hibernate.orm.jpa otel_trace_id= otel_span_id= request_id= business_trace_id= tenant_id= document_id= ingestion_job_id= - HHH008540: Processing PersistenceUnitInfo [name: default]
2026-05-29 16:26:02.256 [main] INFO  org.hibernate.orm.core otel_trace_id= otel_span_id= request_id= business_trace_id= tenant_id= document_id= ingestion_job_id= - HHH000001: Hibernate ORM core version 7.2.12.Final
2026-05-29 16:26:02.923 [main] INFO  o.s.o.j.p.SpringPersistenceUnitInfo otel_trace_id= otel_span_id= request_id= business_trace_id= tenant_id= document_id= ingestion_job_id= - No LoadTimeWeaver setup: ignoring JPA class transformer
2026-05-29 16:26:02.997 [main] INFO  com.zaxxer.hikari.HikariDataSource otel_trace_id= otel_span_id= request_id= business_trace_id= tenant_id= document_id= ingestion_job_id= - HikariPool-1 - Starting...
2026-05-29 16:26:03.746 [main] INFO  com.zaxxer.hikari.pool.HikariPool otel_trace_id= otel_span_id= request_id= business_trace_id= tenant_id= document_id= ingestion_job_id= - HikariPool-1 - Added connection org.postgresql.jdbc.PgConnection@5ce34685
2026-05-29 16:26:03.762 [main] INFO  com.zaxxer.hikari.HikariDataSource otel_trace_id= otel_span_id= request_id= business_trace_id= tenant_id= document_id= ingestion_job_id= - HikariPool-1 - Start completed.
2026-05-29 16:26:03.894 [main] INFO  o.hibernate.orm.connections.pooling otel_trace_id= otel_span_id= request_id= business_trace_id= tenant_id= document_id= ingestion_job_id= - HHH10001005: Database info:
	Database JDBC URL [jdbc:postgresql://localhost:5432/postgres]
	Database driver: PostgreSQL JDBC Driver
	Database dialect: PostgreSQLDialect
	Database version: 16.13
	Default catalog/schema: postgres/public
	Autocommit mode: undefined/unknown
	Isolation level: READ_COMMITTED [default READ_COMMITTED]
	JDBC fetch size: none
	Pool: DataSourceConnectionProvider
	Minimum pool size: undefined/unknown
	Maximum pool size: undefined/unknown
2026-05-29 16:26:05.892 [main] INFO  org.hibernate.orm.core otel_trace_id= otel_span_id= request_id= business_trace_id= tenant_id= document_id= ingestion_job_id= - HHH000489: No JTA platform available (set 'hibernate.transaction.jta.platform' to enable JTA platform integration)
2026-05-29 16:26:05.967 [main] INFO  o.s.o.j.LocalContainerEntityManagerFactoryBean otel_trace_id= otel_span_id= request_id= business_trace_id= tenant_id= document_id= ingestion_job_id= - Initialized JPA EntityManagerFactory for persistence unit 'default'
2026-05-29 16:26:06.780 [main] INFO  o.s.d.j.r.q.QueryEnhancerFactories otel_trace_id= otel_span_id= request_id= business_trace_id= tenant_id= document_id= ingestion_job_id= - Hibernate is in classpath; If applicable, HQL parser will be used.
2026-05-29 16:26:08.939 [main] INFO  n.d.b.g.s.a.GrpcServerFactoryAutoConfiguration otel_trace_id= otel_span_id= request_id= business_trace_id= tenant_id= document_id= ingestion_job_id= - Detected grpc-netty-shaded: Creating ShadedNettyGrpcServerFactory
2026-05-29 16:26:09.635 [main] INFO  o.s.b.a.e.web.EndpointLinksResolver otel_trace_id= otel_span_id= request_id= business_trace_id= tenant_id= document_id= ingestion_job_id= - Exposing 3 endpoints beneath base path '/actuator'
2026-05-29 16:26:09.672 [main] WARN  o.s.a.m.a.p.s.SyncMcpSamplingProvider otel_trace_id= otel_span_id= request_id= business_trace_id= tenant_id= document_id= ingestion_job_id= - No sampling methods found
2026-05-29 16:26:09.674 [main] WARN  o.s.a.m.a.p.e.SyncMcpElicitationProvider otel_trace_id= otel_span_id= request_id= business_trace_id= tenant_id= document_id= ingestion_job_id= - No elicitation methods found
2026-05-29 16:26:09.763 [main] INFO  o.s.boot.tomcat.TomcatWebServer otel_trace_id= otel_span_id= request_id= business_trace_id= tenant_id= document_id= ingestion_job_id= - Tomcat started on port 8081 (http) with context path '/'
2026-05-29 16:26:09.868 [main] INFO  n.d.b.g.s.s.AbstractGrpcServerFactory otel_trace_id= otel_span_id= request_id= business_trace_id= tenant_id= document_id= ingestion_job_id= - Registered gRPC service: document.DocumentService, bean: documentServiceGrpcImpl, class: com.sparrowx.document.grpc.DocumentServiceGrpcImpl
2026-05-29 16:26:09.869 [main] INFO  n.d.b.g.s.s.AbstractGrpcServerFactory otel_trace_id= otel_span_id= request_id= business_trace_id= tenant_id= document_id= ingestion_job_id= - Registered gRPC service: grpc.health.v1.Health, bean: grpcHealthService, class: io.grpc.protobuf.services.HealthServiceImpl
2026-05-29 16:26:09.869 [main] INFO  n.d.b.g.s.s.AbstractGrpcServerFactory otel_trace_id= otel_span_id= request_id= business_trace_id= tenant_id= document_id= ingestion_job_id= - Registered gRPC service: grpc.reflection.v1alpha.ServerReflection, bean: protoReflectionService, class: io.grpc.protobuf.services.ProtoReflectionService
2026-05-29 16:26:10.037 [main] INFO  n.d.b.g.s.s.GrpcServerLifecycle otel_trace_id= otel_span_id= request_id= business_trace_id= tenant_id= document_id= ingestion_job_id= - gRPC Server started, listening on address: *, port: 50054
2026-05-29 16:26:10.054 [main] INFO  c.s.document.DocumentApplication otel_trace_id= otel_span_id= request_id= business_trace_id= tenant_id= document_id= ingestion_job_id= - Started DocumentApplication in 12.022 seconds (process running for 12.512)
2026-05-29 16:26:10.191 [http-nio-8081-exec-1] INFO  o.a.c.c.C.[Tomcat].[localhost].[/] otel_trace_id= otel_span_id= request_id= business_trace_id= tenant_id= document_id= ingestion_job_id= - Initializing Spring DispatcherServlet 'dispatcherServlet'
2026-05-29 16:26:10.191 [http-nio-8081-exec-1] INFO  o.s.web.servlet.DispatcherServlet otel_trace_id= otel_span_id= request_id= business_trace_id= tenant_id= document_id= ingestion_job_id= - Initializing Servlet 'dispatcherServlet'
2026-05-29 16:26:10.195 [http-nio-8081-exec-1] INFO  o.s.web.servlet.DispatcherServlet otel_trace_id= otel_span_id= request_id= business_trace_id= tenant_id= document_id= ingestion_job_id= - Completed initialization in 4 ms
2026-05-29 16:26:10.245 [main] INFO  c.s.d.d.q.QdrantCollectionInitializer otel_trace_id= otel_span_id= request_id= business_trace_id= tenant_id= document_id= ingestion_job_id= - Qdrant collection already exists: sparrowx_document_chunks
2026-05-29 16:26:10.247 [main] WARN  o.s.c.events.SpringDocAppInitializer otel_trace_id= otel_span_id= request_id= business_trace_id= tenant_id= document_id= ingestion_job_id= - SpringDoc /v3/api-docs endpoint is enabled by default. To disable it in production, set the property 'springdoc.api-docs.enabled=false'
2026-05-29 16:26:10.247 [main] WARN  o.s.c.events.SpringDocAppInitializer otel_trace_id= otel_span_id= request_id= business_trace_id= tenant_id= document_id= ingestion_job_id= - SpringDoc /swagger-ui.html endpoint is enabled by default. To disable it in production, set the property 'springdoc.swagger-ui.enabled=false'
2026-05-29 16:26:10.489 [main] INFO  c.s.d.g.h.DocumentServiceStartupCheck otel_trace_id= otel_span_id= request_id= business_trace_id= tenant_id= document_id= ingestion_job_id= - Document service startup check complete documentCount=27 storageProvider=MinioDocumentStorage
2026-05-29 16:26:10.510 [main] INFO  b.i.grpc.health.GrpcHealthAdapter otel_trace_id= otel_span_id= request_id= business_trace_id= tenant_id= document_id= ingestion_job_id= - Application ready — setting gRPC global health to SERVING
2026-05-29 16:26:43.817 [grpc-default-executor-0] INFO  b.i.g.i.GrpcLoggingInterceptor otel_trace_id= otel_span_id= request_id= business_trace_id= tenant_id= document_id= ingestion_job_id= - grpc.call.start document.DocumentService/BuildDocumentEvidence
2026-05-29 16:26:43.844 [grpc-default-executor-0] INFO  b.i.g.i.GrpcTracingInterceptor otel_trace_id=78ffa591bbeb3f9c71b838461bc2c193 otel_span_id=6665671587c99449 request_id= business_trace_id= tenant_id= document_id= ingestion_job_id= - trace.start: 78ffa591bbeb3f9c71b838461bc2c193
2026-05-29 16:26:44.014 [grpc-default-executor-0] INFO  b.i.g.i.GrpcLoggingInterceptor$2 otel_trace_id= otel_span_id= request_id= business_trace_id= tenant_id= document_id= ingestion_job_id= - grpc.request.message document.DocumentService/BuildDocumentEvidence
2026-05-29 16:26:44.017 [grpc-default-executor-0] INFO  b.i.g.i.GrpcLoggingInterceptor$2 otel_trace_id= otel_span_id= request_id= business_trace_id= tenant_id= document_id= ingestion_job_id= - grpc.request.complete document.DocumentService/BuildDocumentEvidence
2026-05-29 16:26:44.033 [grpc-default-executor-0] INFO  b.c.c.i.CommandObservabilityInterceptor otel_trace_id=78ffa591bbeb3f9c71b838461bc2c193 otel_span_id=6665671587c99449 request_id=req-build-evidence-001 business_trace_id=trace-build-evidence-001 tenant_id=tenant-001 document_id= ingestion_job_id= - command.start BuildDocumentEvidenceCommand
2026-05-29 16:26:44.034 [grpc-default-executor-0] INFO  c.s.d.o.EvidenceBuildLogger otel_trace_id=78ffa591bbeb3f9c71b838461bc2c193 otel_span_id=6665671587c99449 request_id=req-build-evidence-001 business_trace_id=trace-build-evidence-001 tenant_id=tenant-001 document_id= ingestion_job_id= - Document evidence build requested tenantId=tenant-001 userId=user-001 projectId=project-001 teamId=team-001 goal=EXTRACTION scopedDocumentCount=1 limit=8 allowClaimCache=false requireVerification=true
2026-05-29 16:27:22.364 [grpc-default-executor-0] INFO  c.s.d.o.EvidenceBuildLogger otel_trace_id=78ffa591bbeb3f9c71b838461bc2c193 otel_span_id=6665671587c99449 request_id=req-build-evidence-001 business_trace_id=trace-build-evidence-001 tenant_id=tenant-001 document_id= ingestion_job_id= - Document evidence build completed tenantId=tenant-001 userId=user-001 graphId=cc4ee7c6-209a-4be0-b6f7-7145a1fa2248 nodeCount=1 edgeCount=0 usedChunkRetrieval=true usedClaimCache=false coverageScore=1.0
2026-05-29 16:27:22.365 [grpc-default-executor-0] INFO  b.c.c.i.CommandObservabilityInterceptor otel_trace_id=78ffa591bbeb3f9c71b838461bc2c193 otel_span_id=6665671587c99449 request_id=req-build-evidence-001 business_trace_id=trace-build-evidence-001 tenant_id=tenant-001 document_id= ingestion_job_id= - command.complete BuildDocumentEvidenceCommand in 38331 ms
2026-05-29 16:27:22.366 [grpc-default-executor-0] INFO  i.o.e.logging.LoggingSpanExporter otel_trace_id=78ffa591bbeb3f9c71b838461bc2c193 otel_span_id=6665671587c99449 request_id=req-build-evidence-001 business_trace_id=trace-build-evidence-001 tenant_id=tenant-001 document_id= ingestion_job_id= - 'command.BuildDocumentEvidenceCommand' : 78ffa591bbeb3f9c71b838461bc2c193 9dca8afcafb12b6a INTERNAL [tracer: sparrowx-document-service:] {}
2026-05-29 16:27:22.382 [grpc-default-executor-0] INFO  b.i.g.i.GrpcLoggingInterceptor$1 otel_trace_id=78ffa591bbeb3f9c71b838461bc2c193 otel_span_id=6665671587c99449 request_id=req-build-evidence-001 business_trace_id=trace-build-evidence-001 tenant_id=tenant-001 document_id= ingestion_job_id= - grpc.response.send document.DocumentService/BuildDocumentEvidence
2026-05-29 16:27:22.390 [grpc-default-executor-0] INFO  i.o.e.logging.LoggingSpanExporter otel_trace_id=78ffa591bbeb3f9c71b838461bc2c193 otel_span_id=6665671587c99449 request_id=req-build-evidence-001 business_trace_id=trace-build-evidence-001 tenant_id=tenant-001 document_id= ingestion_job_id= - 'document.DocumentService/BuildDocumentEvidence' : 78ffa591bbeb3f9c71b838461bc2c193 6665671587c99449 SERVER [tracer: sparrowx-document-service:] AttributesMap{data={rpc.grpc.status_code=OK, rpc.system=grpc, rpc.method=document.DocumentService/BuildDocumentEvidence}, capacity=128, totalAddedValues=3}
2026-05-29 16:27:22.394 [grpc-default-executor-0] INFO  b.i.g.i.GrpcLoggingInterceptor$1 otel_trace_id=78ffa591bbeb3f9c71b838461bc2c193 otel_span_id=6665671587c99449 request_id=req-build-evidence-001 business_trace_id=trace-build-evidence-001 tenant_id=tenant-001 document_id= ingestion_job_id= - grpc.call.close document.DocumentService/BuildDocumentEvidence status=Status{code=OK, description=null, cause=null}
2026-05-29 16:27:22.403 [grpc-default-executor-0] INFO  b.i.g.i.GrpcLoggingInterceptor$2 otel_trace_id= otel_span_id= request_id= business_trace_id= tenant_id= document_id= ingestion_job_id= - grpc.call.complete document.DocumentService/BuildDocumentEvidence
2026-05-29 16:32:51.314 [SpringApplicationShutdownHook] INFO  n.d.b.g.s.s.GrpcServerLifecycle otel_trace_id= otel_span_id= request_id= business_trace_id= tenant_id= document_id= ingestion_job_id= - Completed gRPC server shutdown
2026-05-29 16:32:51.315 [SpringApplicationShutdownHook] INFO  o.s.boot.tomcat.GracefulShutdown otel_trace_id= otel_span_id= request_id= business_trace_id= tenant_id= document_id= ingestion_job_id= - Commencing graceful shutdown. Waiting for active requests to complete
2026-05-29 16:32:51.320 [tomcat-shutdown] INFO  o.s.boot.tomcat.GracefulShutdown otel_trace_id= otel_span_id= request_id= business_trace_id= tenant_id= document_id= ingestion_job_id= - Graceful shutdown complete
2026-05-29 16:32:51.334 [SpringApplicationShutdownHook] INFO  b.i.grpc.health.GrpcHealthAdapter otel_trace_id= otel_span_id= request_id= business_trace_id= tenant_id= document_id= ingestion_job_id= - Shutting down — setting gRPC global health to NOT_SERVING
2026-05-29 16:32:51.345 [SpringApplicationShutdownHook] INFO  o.s.o.j.LocalContainerEntityManagerFactoryBean otel_trace_id= otel_span_id= request_id= business_trace_id= tenant_id= document_id= ingestion_job_id= - Closing JPA EntityManagerFactory for persistence unit 'default'
2026-05-29 16:32:51.348 [SpringApplicationShutdownHook] INFO  com.zaxxer.hikari.HikariDataSource otel_trace_id= otel_span_id= request_id= business_trace_id= tenant_id= document_id= ingestion_job_id= - HikariPool-1 - Shutdown initiated...
2026-05-29 16:32:51.351 [SpringApplicationShutdownHook] INFO  com.zaxxer.hikari.HikariDataSource otel_trace_id= otel_span_id= request_id= business_trace_id= tenant_id= document_id= ingestion_job_id= - HikariPool-1 - Shutdown completed.
2026-05-29 16:33:30.542 [main] INFO  c.s.document.DocumentApplication otel_trace_id= otel_span_id= request_id= business_trace_id= tenant_id= document_id= ingestion_job_id= - Starting DocumentApplication using Java 25.0.2 with PID 41224 (D:\Projects\Sparrow-x\document-service\target\classes started by aggre in D:\Projects\Sparrow-x\document-service)
2026-05-29 16:33:30.545 [main] INFO  c.s.document.DocumentApplication otel_trace_id= otel_span_id= request_id= business_trace_id= tenant_id= document_id= ingestion_job_id= - The following 1 profile is active: "dev"
2026-05-29 16:33:31.340 [main] INFO  o.s.d.r.c.RepositoryConfigurationDelegate otel_trace_id= otel_span_id= request_id= business_trace_id= tenant_id= document_id= ingestion_job_id= - Multiple Spring Data modules found, entering strict repository configuration mode
2026-05-29 16:33:31.341 [main] INFO  o.s.d.r.c.RepositoryConfigurationDelegate otel_trace_id= otel_span_id= request_id= business_trace_id= tenant_id= document_id= ingestion_job_id= - Bootstrapping Spring Data JPA repositories in DEFAULT mode.
2026-05-29 16:33:31.442 [main] INFO  o.s.d.r.c.RepositoryConfigurationDelegate otel_trace_id= otel_span_id= request_id= business_trace_id= tenant_id= document_id= ingestion_job_id= - Finished Spring Data repository scanning in 90 ms. Found 5 JPA repository interfaces.
2026-05-29 16:33:32.242 [main] INFO  o.s.d.r.c.RepositoryConfigurationDelegate otel_trace_id= otel_span_id= request_id= business_trace_id= tenant_id= document_id= ingestion_job_id= - Multiple Spring Data modules found, entering strict repository configuration mode
2026-05-29 16:33:32.243 [main] INFO  o.s.d.r.c.RepositoryConfigurationDelegate otel_trace_id= otel_span_id= request_id= business_trace_id= tenant_id= document_id= ingestion_job_id= - Bootstrapping Spring Data Redis repositories in DEFAULT mode.
2026-05-29 16:33:32.282 [main] INFO  o.s.d.r.c.RepositoryConfigurationExtensionSupport otel_trace_id= otel_span_id= request_id= business_trace_id= tenant_id= document_id= ingestion_job_id= - Spring Data Redis - Could not safely identify store assignment for repository candidate interface com.sparrowx.document.data.postgres.repositories.DocumentChunkRepository; If you want this repository to be a Redis repository, consider annotating your entities with one of these annotations: org.springframework.data.redis.core.RedisHash (preferred), or consider extending one of the following types with your repository: org.springframework.data.keyvalue.repository.KeyValueRepository
2026-05-29 16:33:32.283 [main] INFO  o.s.d.r.c.RepositoryConfigurationExtensionSupport otel_trace_id= otel_span_id= request_id= business_trace_id= tenant_id= document_id= ingestion_job_id= - Spring Data Redis - Could not safely identify store assignment for repository candidate interface com.sparrowx.document.data.postgres.repositories.DocumentRepository; If you want this repository to be a Redis repository, consider annotating your entities with one of these annotations: org.springframework.data.redis.core.RedisHash (preferred), or consider extending one of the following types with your repository: org.springframework.data.keyvalue.repository.KeyValueRepository
2026-05-29 16:33:32.283 [main] INFO  o.s.d.r.c.RepositoryConfigurationExtensionSupport otel_trace_id= otel_span_id= request_id= business_trace_id= tenant_id= document_id= ingestion_job_id= - Spring Data Redis - Could not safely identify store assignment for repository candidate interface com.sparrowx.document.data.postgres.repositories.IngestionJobRepository; If you want this repository to be a Redis repository, consider annotating your entities with one of these annotations: org.springframework.data.redis.core.RedisHash (preferred), or consider extending one of the following types with your repository: org.springframework.data.keyvalue.repository.KeyValueRepository
2026-05-29 16:33:32.283 [main] INFO  o.s.d.r.c.RepositoryConfigurationDelegate otel_trace_id= otel_span_id= request_id= business_trace_id= tenant_id= document_id= ingestion_job_id= - Finished Spring Data repository scanning in 31 ms. Found 0 Redis repository interfaces.
2026-05-29 16:33:34.075 [main] INFO  o.s.boot.tomcat.TomcatWebServer otel_trace_id= otel_span_id= request_id= business_trace_id= tenant_id= document_id= ingestion_job_id= - Tomcat initialized with port 8081 (http)
2026-05-29 16:33:34.098 [main] INFO  o.a.catalina.core.StandardService otel_trace_id= otel_span_id= request_id= business_trace_id= tenant_id= document_id= ingestion_job_id= - Starting service [Tomcat]
2026-05-29 16:33:34.099 [main] INFO  o.a.catalina.core.StandardEngine otel_trace_id= otel_span_id= request_id= business_trace_id= tenant_id= document_id= ingestion_job_id= - Starting Servlet engine: [Apache Tomcat/11.0.21]
2026-05-29 16:33:34.241 [main] INFO  o.s.b.w.c.s.WebApplicationContextInitializer otel_trace_id= otel_span_id= request_id= business_trace_id= tenant_id= document_id= ingestion_job_id= - Root WebApplicationContext: initialization completed in 3658 ms
2026-05-29 16:33:34.698 [main] INFO  org.hibernate.orm.jpa otel_trace_id= otel_span_id= request_id= business_trace_id= tenant_id= document_id= ingestion_job_id= - HHH008540: Processing PersistenceUnitInfo [name: default]
2026-05-29 16:33:34.802 [main] INFO  org.hibernate.orm.core otel_trace_id= otel_span_id= request_id= business_trace_id= tenant_id= document_id= ingestion_job_id= - HHH000001: Hibernate ORM core version 7.2.12.Final
2026-05-29 16:33:35.505 [main] INFO  o.s.o.j.p.SpringPersistenceUnitInfo otel_trace_id= otel_span_id= request_id= business_trace_id= tenant_id= document_id= ingestion_job_id= - No LoadTimeWeaver setup: ignoring JPA class transformer
2026-05-29 16:33:35.568 [main] INFO  com.zaxxer.hikari.HikariDataSource otel_trace_id= otel_span_id= request_id= business_trace_id= tenant_id= document_id= ingestion_job_id= - HikariPool-1 - Starting...
2026-05-29 16:33:35.865 [main] INFO  com.zaxxer.hikari.pool.HikariPool otel_trace_id= otel_span_id= request_id= business_trace_id= tenant_id= document_id= ingestion_job_id= - HikariPool-1 - Added connection org.postgresql.jdbc.PgConnection@5ce34685
2026-05-29 16:33:35.867 [main] INFO  com.zaxxer.hikari.HikariDataSource otel_trace_id= otel_span_id= request_id= business_trace_id= tenant_id= document_id= ingestion_job_id= - HikariPool-1 - Start completed.
2026-05-29 16:33:35.983 [main] INFO  o.hibernate.orm.connections.pooling otel_trace_id= otel_span_id= request_id= business_trace_id= tenant_id= document_id= ingestion_job_id= - HHH10001005: Database info:
	Database JDBC URL [jdbc:postgresql://localhost:5432/postgres]
	Database driver: PostgreSQL JDBC Driver
	Database dialect: PostgreSQLDialect
	Database version: 16.13
	Default catalog/schema: postgres/public
	Autocommit mode: undefined/unknown
	Isolation level: READ_COMMITTED [default READ_COMMITTED]
	JDBC fetch size: none
	Pool: DataSourceConnectionProvider
	Minimum pool size: undefined/unknown
	Maximum pool size: undefined/unknown
2026-05-29 16:33:38.823 [main] INFO  org.hibernate.orm.core otel_trace_id= otel_span_id= request_id= business_trace_id= tenant_id= document_id= ingestion_job_id= - HHH000489: No JTA platform available (set 'hibernate.transaction.jta.platform' to enable JTA platform integration)
2026-05-29 16:33:38.894 [main] INFO  o.s.o.j.LocalContainerEntityManagerFactoryBean otel_trace_id= otel_span_id= request_id= business_trace_id= tenant_id= document_id= ingestion_job_id= - Initialized JPA EntityManagerFactory for persistence unit 'default'
2026-05-29 16:33:39.787 [main] INFO  o.s.d.j.r.q.QueryEnhancerFactories otel_trace_id= otel_span_id= request_id= business_trace_id= tenant_id= document_id= ingestion_job_id= - Hibernate is in classpath; If applicable, HQL parser will be used.
2026-05-29 16:33:42.203 [main] INFO  n.d.b.g.s.a.GrpcServerFactoryAutoConfiguration otel_trace_id= otel_span_id= request_id= business_trace_id= tenant_id= document_id= ingestion_job_id= - Detected grpc-netty-shaded: Creating ShadedNettyGrpcServerFactory
2026-05-29 16:33:42.870 [main] INFO  o.s.b.a.e.web.EndpointLinksResolver otel_trace_id= otel_span_id= request_id= business_trace_id= tenant_id= document_id= ingestion_job_id= - Exposing 3 endpoints beneath base path '/actuator'
2026-05-29 16:33:42.904 [main] WARN  o.s.a.m.a.p.s.SyncMcpSamplingProvider otel_trace_id= otel_span_id= request_id= business_trace_id= tenant_id= document_id= ingestion_job_id= - No sampling methods found
2026-05-29 16:33:42.906 [main] WARN  o.s.a.m.a.p.e.SyncMcpElicitationProvider otel_trace_id= otel_span_id= request_id= business_trace_id= tenant_id= document_id= ingestion_job_id= - No elicitation methods found
2026-05-29 16:33:42.986 [main] INFO  o.s.boot.tomcat.TomcatWebServer otel_trace_id= otel_span_id= request_id= business_trace_id= tenant_id= document_id= ingestion_job_id= - Tomcat started on port 8081 (http) with context path '/'
2026-05-29 16:33:43.110 [main] INFO  n.d.b.g.s.s.AbstractGrpcServerFactory otel_trace_id= otel_span_id= request_id= business_trace_id= tenant_id= document_id= ingestion_job_id= - Registered gRPC service: document.DocumentService, bean: documentServiceGrpcImpl, class: com.sparrowx.document.grpc.DocumentServiceGrpcImpl
2026-05-29 16:33:43.111 [main] INFO  n.d.b.g.s.s.AbstractGrpcServerFactory otel_trace_id= otel_span_id= request_id= business_trace_id= tenant_id= document_id= ingestion_job_id= - Registered gRPC service: grpc.health.v1.Health, bean: grpcHealthService, class: io.grpc.protobuf.services.HealthServiceImpl
2026-05-29 16:33:43.111 [main] INFO  n.d.b.g.s.s.AbstractGrpcServerFactory otel_trace_id= otel_span_id= request_id= business_trace_id= tenant_id= document_id= ingestion_job_id= - Registered gRPC service: grpc.reflection.v1alpha.ServerReflection, bean: protoReflectionService, class: io.grpc.protobuf.services.ProtoReflectionService
2026-05-29 16:33:43.308 [main] INFO  n.d.b.g.s.s.GrpcServerLifecycle otel_trace_id= otel_span_id= request_id= business_trace_id= tenant_id= document_id= ingestion_job_id= - gRPC Server started, listening on address: *, port: 50054
2026-05-29 16:33:43.326 [main] INFO  c.s.document.DocumentApplication otel_trace_id= otel_span_id= request_id= business_trace_id= tenant_id= document_id= ingestion_job_id= - Started DocumentApplication in 13.267 seconds (process running for 13.78)
2026-05-29 16:33:43.560 [main] INFO  c.s.d.d.q.QdrantCollectionInitializer otel_trace_id= otel_span_id= request_id= business_trace_id= tenant_id= document_id= ingestion_job_id= - Qdrant collection already exists: sparrowx_document_chunks
2026-05-29 16:33:43.561 [main] WARN  o.s.c.events.SpringDocAppInitializer otel_trace_id= otel_span_id= request_id= business_trace_id= tenant_id= document_id= ingestion_job_id= - SpringDoc /v3/api-docs endpoint is enabled by default. To disable it in production, set the property 'springdoc.api-docs.enabled=false'
2026-05-29 16:33:43.561 [main] WARN  o.s.c.events.SpringDocAppInitializer otel_trace_id= otel_span_id= request_id= business_trace_id= tenant_id= document_id= ingestion_job_id= - SpringDoc /swagger-ui.html endpoint is enabled by default. To disable it in production, set the property 'springdoc.swagger-ui.enabled=false'
2026-05-29 16:33:43.901 [main] INFO  c.s.d.g.h.DocumentServiceStartupCheck otel_trace_id= otel_span_id= request_id= business_trace_id= tenant_id= document_id= ingestion_job_id= - Document service startup check complete documentCount=27 storageProvider=MinioDocumentStorage
2026-05-29 16:33:43.921 [main] INFO  b.i.grpc.health.GrpcHealthAdapter otel_trace_id= otel_span_id= request_id= business_trace_id= tenant_id= document_id= ingestion_job_id= - Application ready — setting gRPC global health to SERVING
2026-05-29 16:33:50.168 [http-nio-8081-exec-1] INFO  o.a.c.c.C.[Tomcat].[localhost].[/] otel_trace_id= otel_span_id= request_id= business_trace_id= tenant_id= document_id= ingestion_job_id= - Initializing Spring DispatcherServlet 'dispatcherServlet'
2026-05-29 16:33:50.169 [http-nio-8081-exec-1] INFO  o.s.web.servlet.DispatcherServlet otel_trace_id= otel_span_id= request_id= business_trace_id= tenant_id= document_id= ingestion_job_id= - Initializing Servlet 'dispatcherServlet'
2026-05-29 16:33:50.172 [http-nio-8081-exec-1] INFO  o.s.web.servlet.DispatcherServlet otel_trace_id= otel_span_id= request_id= business_trace_id= tenant_id= document_id= ingestion_job_id= - Completed initialization in 3 ms
2026-05-29 16:34:35.223 [grpc-default-executor-0] INFO  b.i.g.i.GrpcLoggingInterceptor otel_trace_id= otel_span_id= request_id= business_trace_id= tenant_id= document_id= ingestion_job_id= - grpc.call.start document.DocumentService/BuildDocumentEvidence
2026-05-29 16:34:35.254 [grpc-default-executor-0] INFO  b.i.g.i.GrpcTracingInterceptor otel_trace_id=393e4b5109c83fbc5ba3dac9093b6d76 otel_span_id=924cd50aef7a6def request_id= business_trace_id= tenant_id= document_id= ingestion_job_id= - trace.start: 393e4b5109c83fbc5ba3dac9093b6d76
2026-05-29 16:34:35.422 [grpc-default-executor-0] INFO  b.i.g.i.GrpcLoggingInterceptor$2 otel_trace_id= otel_span_id= request_id= business_trace_id= tenant_id= document_id= ingestion_job_id= - grpc.request.message document.DocumentService/BuildDocumentEvidence
2026-05-29 16:34:35.422 [grpc-default-executor-0] INFO  b.i.g.i.GrpcLoggingInterceptor$2 otel_trace_id= otel_span_id= request_id= business_trace_id= tenant_id= document_id= ingestion_job_id= - grpc.request.complete document.DocumentService/BuildDocumentEvidence
2026-05-29 16:34:35.439 [grpc-default-executor-0] INFO  b.c.c.i.CommandObservabilityInterceptor otel_trace_id=393e4b5109c83fbc5ba3dac9093b6d76 otel_span_id=924cd50aef7a6def request_id=req-build-evidence-001 business_trace_id=trace-build-evidence-001 tenant_id=tenant-001 document_id= ingestion_job_id= - command.start BuildDocumentEvidenceCommand
2026-05-29 16:34:35.439 [grpc-default-executor-0] INFO  c.s.d.o.EvidenceBuildLogger otel_trace_id=393e4b5109c83fbc5ba3dac9093b6d76 otel_span_id=924cd50aef7a6def request_id=req-build-evidence-001 business_trace_id=trace-build-evidence-001 tenant_id=tenant-001 document_id= ingestion_job_id= - Document evidence build requested tenantId=tenant-001 userId=user-001 projectId=project-001 teamId=team-001 goal=EXTRACTION scopedDocumentCount=1 limit=8 allowClaimCache=false requireVerification=true
2026-05-29 16:35:03.221 [grpc-default-executor-0] INFO  c.s.d.o.EvidenceBuildLogger otel_trace_id=393e4b5109c83fbc5ba3dac9093b6d76 otel_span_id=924cd50aef7a6def request_id=req-build-evidence-001 business_trace_id=trace-build-evidence-001 tenant_id=tenant-001 document_id= ingestion_job_id= - Document evidence build completed tenantId=tenant-001 userId=user-001 graphId=09285dd1-deb5-433e-9cc3-fb2f5d2c8512 nodeCount=6 edgeCount=4 usedChunkRetrieval=true usedClaimCache=false coverageScore=1.0
2026-05-29 16:35:03.222 [grpc-default-executor-0] INFO  b.c.c.i.CommandObservabilityInterceptor otel_trace_id=393e4b5109c83fbc5ba3dac9093b6d76 otel_span_id=924cd50aef7a6def request_id=req-build-evidence-001 business_trace_id=trace-build-evidence-001 tenant_id=tenant-001 document_id= ingestion_job_id= - command.complete BuildDocumentEvidenceCommand in 27783 ms
2026-05-29 16:35:03.224 [grpc-default-executor-0] INFO  i.o.e.logging.LoggingSpanExporter otel_trace_id=393e4b5109c83fbc5ba3dac9093b6d76 otel_span_id=924cd50aef7a6def request_id=req-build-evidence-001 business_trace_id=trace-build-evidence-001 tenant_id=tenant-001 document_id= ingestion_job_id= - 'command.BuildDocumentEvidenceCommand' : 393e4b5109c83fbc5ba3dac9093b6d76 f9db2d08de8bce74 INTERNAL [tracer: sparrowx-document-service:] {}
2026-05-29 16:35:03.256 [grpc-default-executor-0] INFO  b.i.g.i.GrpcLoggingInterceptor$1 otel_trace_id=393e4b5109c83fbc5ba3dac9093b6d76 otel_span_id=924cd50aef7a6def request_id=req-build-evidence-001 business_trace_id=trace-build-evidence-001 tenant_id=tenant-001 document_id= ingestion_job_id= - grpc.response.send document.DocumentService/BuildDocumentEvidence
2026-05-29 16:35:03.270 [grpc-default-executor-0] INFO  i.o.e.logging.LoggingSpanExporter otel_trace_id=393e4b5109c83fbc5ba3dac9093b6d76 otel_span_id=924cd50aef7a6def request_id=req-build-evidence-001 business_trace_id=trace-build-evidence-001 tenant_id=tenant-001 document_id= ingestion_job_id= - 'document.DocumentService/BuildDocumentEvidence' : 393e4b5109c83fbc5ba3dac9093b6d76 924cd50aef7a6def SERVER [tracer: sparrowx-document-service:] AttributesMap{data={rpc.grpc.status_code=OK, rpc.system=grpc, rpc.method=document.DocumentService/BuildDocumentEvidence}, capacity=128, totalAddedValues=3}
2026-05-29 16:35:03.275 [grpc-default-executor-0] INFO  b.i.g.i.GrpcLoggingInterceptor$1 otel_trace_id=393e4b5109c83fbc5ba3dac9093b6d76 otel_span_id=924cd50aef7a6def request_id=req-build-evidence-001 business_trace_id=trace-build-evidence-001 tenant_id=tenant-001 document_id= ingestion_job_id= - grpc.call.close document.DocumentService/BuildDocumentEvidence status=Status{code=OK, description=null, cause=null}
2026-05-29 16:35:03.292 [grpc-default-executor-0] INFO  b.i.g.i.GrpcLoggingInterceptor$2 otel_trace_id= otel_span_id= request_id= business_trace_id= tenant_id= document_id= ingestion_job_id= - grpc.call.complete document.DocumentService/BuildDocumentEvidence
2026-05-29 16:38:24.343 [grpc-default-executor-1] INFO  b.i.g.i.GrpcLoggingInterceptor otel_trace_id= otel_span_id= request_id= business_trace_id= tenant_id= document_id= ingestion_job_id= - grpc.call.start document.DocumentService/VerifyEvidenceGraph
2026-05-29 16:38:24.344 [grpc-default-executor-1] INFO  b.i.g.i.GrpcTracingInterceptor otel_trace_id=ce861e0a4a5e50e5b8f3804239696c87 otel_span_id=ed6127b708acb320 request_id= business_trace_id= tenant_id= document_id= ingestion_job_id= - trace.start: ce861e0a4a5e50e5b8f3804239696c87
2026-05-29 16:38:24.346 [grpc-default-executor-1] INFO  b.i.g.i.GrpcLoggingInterceptor$2 otel_trace_id= otel_span_id= request_id= business_trace_id= tenant_id= document_id= ingestion_job_id= - grpc.request.message document.DocumentService/VerifyEvidenceGraph
2026-05-29 16:38:24.347 [grpc-default-executor-1] INFO  b.i.g.i.GrpcLoggingInterceptor$2 otel_trace_id= otel_span_id= request_id= business_trace_id= tenant_id= document_id= ingestion_job_id= - grpc.request.complete document.DocumentService/VerifyEvidenceGraph
2026-05-29 16:38:24.350 [grpc-default-executor-1] INFO  b.c.q.i.QueryObservabilityInterceptor otel_trace_id=ce861e0a4a5e50e5b8f3804239696c87 otel_span_id=ed6127b708acb320 request_id=req-verify-evidence-002 business_trace_id=trace-verify-evidence-002 tenant_id=tenant-001 document_id= ingestion_job_id= - query.start VerifyEvidenceGraphQuery
2026-05-29 16:38:24.353 [grpc-default-executor-1] INFO  c.s.d.o.EvidenceGraphVerificationLogger otel_trace_id=ce861e0a4a5e50e5b8f3804239696c87 otel_span_id=ed6127b708acb320 request_id=req-verify-evidence-002 business_trace_id=trace-verify-evidence-002 tenant_id=tenant-001 document_id= ingestion_job_id= - Evidence graph verification requested tenantId=tenant-001 userId=user-001 nodeCount=5 edgeCount=1
2026-05-29 16:38:24.356 [grpc-default-executor-1] INFO  c.s.d.o.EvidenceGraphVerificationLogger otel_trace_id=ce861e0a4a5e50e5b8f3804239696c87 otel_span_id=ed6127b708acb320 request_id=req-verify-evidence-002 business_trace_id=trace-verify-evidence-002 tenant_id=tenant-001 document_id= ingestion_job_id= - Evidence graph verification completed tenantId=tenant-001 userId=user-001 supported=false verificationStatus=PARTIALLY_SUPPORTED confidence=0.6516666666666666 coverageScore=0.8
2026-05-29 16:38:24.356 [grpc-default-executor-1] INFO  b.c.q.i.QueryObservabilityInterceptor otel_trace_id=ce861e0a4a5e50e5b8f3804239696c87 otel_span_id=ed6127b708acb320 request_id=req-verify-evidence-002 business_trace_id=trace-verify-evidence-002 tenant_id=tenant-001 document_id= ingestion_job_id= - query.complete VerifyEvidenceGraphQuery in 4 ms
2026-05-29 16:38:24.357 [grpc-default-executor-1] INFO  i.o.e.logging.LoggingSpanExporter otel_trace_id=ce861e0a4a5e50e5b8f3804239696c87 otel_span_id=ed6127b708acb320 request_id=req-verify-evidence-002 business_trace_id=trace-verify-evidence-002 tenant_id=tenant-001 document_id= ingestion_job_id= - 'query.VerifyEvidenceGraphQuery' : ce861e0a4a5e50e5b8f3804239696c87 6d27fc20b66816ee INTERNAL [tracer: sparrowx-document-service:] {}
2026-05-29 16:38:24.359 [grpc-default-executor-1] INFO  b.i.g.i.GrpcLoggingInterceptor$1 otel_trace_id=ce861e0a4a5e50e5b8f3804239696c87 otel_span_id=ed6127b708acb320 request_id=req-verify-evidence-002 business_trace_id=trace-verify-evidence-002 tenant_id=tenant-001 document_id= ingestion_job_id= - grpc.response.send document.DocumentService/VerifyEvidenceGraph
2026-05-29 16:38:24.361 [grpc-default-executor-1] INFO  i.o.e.logging.LoggingSpanExporter otel_trace_id=ce861e0a4a5e50e5b8f3804239696c87 otel_span_id=ed6127b708acb320 request_id=req-verify-evidence-002 business_trace_id=trace-verify-evidence-002 tenant_id=tenant-001 document_id= ingestion_job_id= - 'document.DocumentService/VerifyEvidenceGraph' : ce861e0a4a5e50e5b8f3804239696c87 ed6127b708acb320 SERVER [tracer: sparrowx-document-service:] AttributesMap{data={rpc.grpc.status_code=OK, rpc.system=grpc, rpc.method=document.DocumentService/VerifyEvidenceGraph}, capacity=128, totalAddedValues=3}
2026-05-29 16:38:24.361 [grpc-default-executor-1] INFO  b.i.g.i.GrpcLoggingInterceptor$1 otel_trace_id=ce861e0a4a5e50e5b8f3804239696c87 otel_span_id=ed6127b708acb320 request_id=req-verify-evidence-002 business_trace_id=trace-verify-evidence-002 tenant_id=tenant-001 document_id= ingestion_job_id= - grpc.call.close document.DocumentService/VerifyEvidenceGraph status=Status{code=OK, description=null, cause=null}
2026-05-29 16:38:24.362 [grpc-default-executor-1] INFO  b.i.g.i.GrpcLoggingInterceptor$2 otel_trace_id= otel_span_id= request_id= business_trace_id= tenant_id= document_id= ingestion_job_id= - grpc.call.complete document.DocumentService/VerifyEvidenceGraph
2026-05-29 16:41:11.688 [grpc-default-executor-2] INFO  b.i.g.i.GrpcLoggingInterceptor otel_trace_id= otel_span_id= request_id= business_trace_id= tenant_id= document_id= ingestion_job_id= - grpc.call.start document.DocumentService/VerifyEvidenceGraph
2026-05-29 16:41:11.688 [grpc-default-executor-2] INFO  b.i.g.i.GrpcTracingInterceptor otel_trace_id=6c68793d6f29ab9d497041c838e609d4 otel_span_id=b59c067d9ca16e3f request_id= business_trace_id= tenant_id= document_id= ingestion_job_id= - trace.start: 6c68793d6f29ab9d497041c838e609d4
2026-05-29 16:41:11.690 [grpc-default-executor-2] INFO  b.i.g.i.GrpcLoggingInterceptor$2 otel_trace_id= otel_span_id= request_id= business_trace_id= tenant_id= document_id= ingestion_job_id= - grpc.request.message document.DocumentService/VerifyEvidenceGraph
2026-05-29 16:41:11.690 [grpc-default-executor-2] INFO  b.i.g.i.GrpcLoggingInterceptor$2 otel_trace_id= otel_span_id= request_id= business_trace_id= tenant_id= document_id= ingestion_job_id= - grpc.request.complete document.DocumentService/VerifyEvidenceGraph
2026-05-29 16:41:11.690 [grpc-default-executor-2] INFO  b.c.q.i.QueryObservabilityInterceptor otel_trace_id=6c68793d6f29ab9d497041c838e609d4 otel_span_id=b59c067d9ca16e3f request_id=req-verify-evidence-003 business_trace_id=trace-verify-evidence-003 tenant_id=tenant-001 document_id= ingestion_job_id= - query.start VerifyEvidenceGraphQuery
2026-05-29 16:41:11.695 [grpc-default-executor-2] INFO  c.s.d.o.EvidenceGraphVerificationLogger otel_trace_id=6c68793d6f29ab9d497041c838e609d4 otel_span_id=b59c067d9ca16e3f request_id=req-verify-evidence-003 business_trace_id=trace-verify-evidence-003 tenant_id=tenant-001 document_id= ingestion_job_id= - Evidence graph verification requested tenantId=tenant-001 userId=user-001 nodeCount=6 edgeCount=4
2026-05-29 16:41:11.700 [grpc-default-executor-2] INFO  c.s.d.o.EvidenceGraphVerificationLogger otel_trace_id=6c68793d6f29ab9d497041c838e609d4 otel_span_id=b59c067d9ca16e3f request_id=req-verify-evidence-003 business_trace_id=trace-verify-evidence-003 tenant_id=tenant-001 document_id= ingestion_job_id= - Evidence graph verification completed tenantId=tenant-001 userId=user-001 supported=true verificationStatus=SUPPORTED confidence=0.9311740890688259 coverageScore=1.0
2026-05-29 16:41:11.700 [grpc-default-executor-2] INFO  b.c.q.i.QueryObservabilityInterceptor otel_trace_id=6c68793d6f29ab9d497041c838e609d4 otel_span_id=b59c067d9ca16e3f request_id=req-verify-evidence-003 business_trace_id=trace-verify-evidence-003 tenant_id=tenant-001 document_id= ingestion_job_id= - query.complete VerifyEvidenceGraphQuery in 8 ms
2026-05-29 16:41:11.701 [grpc-default-executor-2] INFO  i.o.e.logging.LoggingSpanExporter otel_trace_id=6c68793d6f29ab9d497041c838e609d4 otel_span_id=b59c067d9ca16e3f request_id=req-verify-evidence-003 business_trace_id=trace-verify-evidence-003 tenant_id=tenant-001 document_id= ingestion_job_id= - 'query.VerifyEvidenceGraphQuery' : 6c68793d6f29ab9d497041c838e609d4 4876583a2c088a6a INTERNAL [tracer: sparrowx-document-service:] {}
2026-05-29 16:41:11.701 [grpc-default-executor-2] INFO  b.i.g.i.GrpcLoggingInterceptor$1 otel_trace_id=6c68793d6f29ab9d497041c838e609d4 otel_span_id=b59c067d9ca16e3f request_id=req-verify-evidence-003 business_trace_id=trace-verify-evidence-003 tenant_id=tenant-001 document_id= ingestion_job_id= - grpc.response.send document.DocumentService/VerifyEvidenceGraph
2026-05-29 16:41:11.704 [grpc-default-executor-2] INFO  i.o.e.logging.LoggingSpanExporter otel_trace_id=6c68793d6f29ab9d497041c838e609d4 otel_span_id=b59c067d9ca16e3f request_id=req-verify-evidence-003 business_trace_id=trace-verify-evidence-003 tenant_id=tenant-001 document_id= ingestion_job_id= - 'document.DocumentService/VerifyEvidenceGraph' : 6c68793d6f29ab9d497041c838e609d4 b59c067d9ca16e3f SERVER [tracer: sparrowx-document-service:] AttributesMap{data={rpc.grpc.status_code=OK, rpc.system=grpc, rpc.method=document.DocumentService/VerifyEvidenceGraph}, capacity=128, totalAddedValues=3}
2026-05-29 16:41:11.705 [grpc-default-executor-2] INFO  b.i.g.i.GrpcLoggingInterceptor$1 otel_trace_id=6c68793d6f29ab9d497041c838e609d4 otel_span_id=b59c067d9ca16e3f request_id=req-verify-evidence-003 business_trace_id=trace-verify-evidence-003 tenant_id=tenant-001 document_id= ingestion_job_id= - grpc.call.close document.DocumentService/VerifyEvidenceGraph status=Status{code=OK, description=null, cause=null}
2026-05-29 16:41:11.706 [grpc-default-executor-2] INFO  b.i.g.i.GrpcLoggingInterceptor$2 otel_trace_id= otel_span_id= request_id= business_trace_id= tenant_id= document_id= ingestion_job_id= - grpc.call.complete document.DocumentService/VerifyEvidenceGraph
2026-05-29 16:47:06.404 [scheduling-1] WARN  com.zaxxer.hikari.pool.PoolBase otel_trace_id= otel_span_id= request_id= business_trace_id= tenant_id= document_id= ingestion_job_id= - HikariPool-1 - Failed to validate connection org.postgresql.jdbc.PgConnection@1fdd5097 (This connection has been closed.). Possibly consider using a shorter maxLifetime value.
2026-05-29 16:47:06.406 [scheduling-1] WARN  com.zaxxer.hikari.pool.PoolBase otel_trace_id= otel_span_id= request_id= business_trace_id= tenant_id= document_id= ingestion_job_id= - HikariPool-1 - Failed to validate connection org.postgresql.jdbc.PgConnection@5ce34685 (This connection has been closed.). Possibly consider using a shorter maxLifetime value.
2026-05-29 16:47:06.408 [scheduling-1] WARN  com.zaxxer.hikari.pool.PoolBase otel_trace_id= otel_span_id= request_id= business_trace_id= tenant_id= document_id= ingestion_job_id= - HikariPool-1 - Failed to validate connection org.postgresql.jdbc.PgConnection@99afef2 (This connection has been closed.). Possibly consider using a shorter maxLifetime value.
2026-05-29 16:47:06.409 [scheduling-1] WARN  com.zaxxer.hikari.pool.PoolBase otel_trace_id= otel_span_id= request_id= business_trace_id= tenant_id= document_id= ingestion_job_id= - HikariPool-1 - Failed to validate connection org.postgresql.jdbc.PgConnection@7c364ebe (This connection has been closed.). Possibly consider using a shorter maxLifetime value.
2026-05-29 16:47:06.410 [scheduling-1] WARN  com.zaxxer.hikari.pool.PoolBase otel_trace_id= otel_span_id= request_id= business_trace_id= tenant_id= document_id= ingestion_job_id= - HikariPool-1 - Failed to validate connection org.postgresql.jdbc.PgConnection@68ec02b7 (This connection has been closed.). Possibly consider using a shorter maxLifetime value.
2026-05-29 16:47:06.411 [scheduling-1] WARN  com.zaxxer.hikari.pool.PoolBase otel_trace_id= otel_span_id= request_id= business_trace_id= tenant_id= document_id= ingestion_job_id= - HikariPool-1 - Failed to validate connection org.postgresql.jdbc.PgConnection@67c9508a (This connection has been closed.). Possibly consider using a shorter maxLifetime value.
2026-05-29 16:47:06.412 [scheduling-1] WARN  com.zaxxer.hikari.pool.PoolBase otel_trace_id= otel_span_id= request_id= business_trace_id= tenant_id= document_id= ingestion_job_id= - HikariPool-1 - Failed to validate connection org.postgresql.jdbc.PgConnection@397a5fef (This connection has been closed.). Possibly consider using a shorter maxLifetime value.
2026-05-29 16:47:06.413 [scheduling-1] WARN  com.zaxxer.hikari.pool.PoolBase otel_trace_id= otel_span_id= request_id= business_trace_id= tenant_id= document_id= ingestion_job_id= - HikariPool-1 - Failed to validate connection org.postgresql.jdbc.PgConnection@7777b5c0 (This connection has been closed.). Possibly consider using a shorter maxLifetime value.
2026-05-29 16:47:06.414 [scheduling-1] WARN  com.zaxxer.hikari.pool.PoolBase otel_trace_id= otel_span_id= request_id= business_trace_id= tenant_id= document_id= ingestion_job_id= - HikariPool-1 - Failed to validate connection org.postgresql.jdbc.PgConnection@7f86e823 (This connection has been closed.). Possibly consider using a shorter maxLifetime value.
2026-05-29 16:47:06.415 [scheduling-1] WARN  com.zaxxer.hikari.pool.PoolBase otel_trace_id= otel_span_id= request_id= business_trace_id= tenant_id= document_id= ingestion_job_id= - HikariPool-1 - Failed to validate connection org.postgresql.jdbc.PgConnection@52e6ba59 (This connection has been closed.). Possibly consider using a shorter maxLifetime value.
