2026-06-04 10:21:08.912 [main] INFO  c.s.document.DocumentApplication otel_trace_id= otel_span_id= request_id= business_trace_id= tenant_id= document_id= ingestion_job_id= - Starting DocumentApplication using Java 25.0.2 with PID 30504 (D:\Projects\Sparrow-x\document-service\target\classes started by aggre in D:\Projects\Sparrow-x\document-service)
2026-06-04 10:21:08.915 [main] INFO  c.s.document.DocumentApplication otel_trace_id= otel_span_id= request_id= business_trace_id= tenant_id= document_id= ingestion_job_id= - The following 1 profile is active: "dev"
2026-06-04 10:21:09.554 [main] INFO  o.s.d.r.c.RepositoryConfigurationDelegate otel_trace_id= otel_span_id= request_id= business_trace_id= tenant_id= document_id= ingestion_job_id= - Multiple Spring Data modules found, entering strict repository configuration mode
2026-06-04 10:21:09.564 [main] INFO  o.s.d.r.c.RepositoryConfigurationDelegate otel_trace_id= otel_span_id= request_id= business_trace_id= tenant_id= document_id= ingestion_job_id= - Bootstrapping Spring Data JPA repositories in DEFAULT mode.
2026-06-04 10:21:09.654 [main] INFO  o.s.d.r.c.RepositoryConfigurationDelegate otel_trace_id= otel_span_id= request_id= business_trace_id= tenant_id= document_id= ingestion_job_id= - Finished Spring Data repository scanning in 83 ms. Found 5 JPA repository interfaces.
2026-06-04 10:21:10.268 [main] INFO  o.s.d.r.c.RepositoryConfigurationDelegate otel_trace_id= otel_span_id= request_id= business_trace_id= tenant_id= document_id= ingestion_job_id= - Multiple Spring Data modules found, entering strict repository configuration mode
2026-06-04 10:21:10.269 [main] INFO  o.s.d.r.c.RepositoryConfigurationDelegate otel_trace_id= otel_span_id= request_id= business_trace_id= tenant_id= document_id= ingestion_job_id= - Bootstrapping Spring Data Redis repositories in DEFAULT mode.
2026-06-04 10:21:10.298 [main] INFO  o.s.d.r.c.RepositoryConfigurationExtensionSupport otel_trace_id= otel_span_id= request_id= business_trace_id= tenant_id= document_id= ingestion_job_id= - Spring Data Redis - Could not safely identify store assignment for repository candidate interface com.sparrowx.document.data.postgres.repositories.DocumentChunkRepository; If you want this repository to be a Redis repository, consider annotating your entities with one of these annotations: org.springframework.data.redis.core.RedisHash (preferred), or consider extending one of the following types with your repository: org.springframework.data.keyvalue.repository.KeyValueRepository
2026-06-04 10:21:10.298 [main] INFO  o.s.d.r.c.RepositoryConfigurationExtensionSupport otel_trace_id= otel_span_id= request_id= business_trace_id= tenant_id= document_id= ingestion_job_id= - Spring Data Redis - Could not safely identify store assignment for repository candidate interface com.sparrowx.document.data.postgres.repositories.DocumentRepository; If you want this repository to be a Redis repository, consider annotating your entities with one of these annotations: org.springframework.data.redis.core.RedisHash (preferred), or consider extending one of the following types with your repository: org.springframework.data.keyvalue.repository.KeyValueRepository
2026-06-04 10:21:10.299 [main] INFO  o.s.d.r.c.RepositoryConfigurationExtensionSupport otel_trace_id= otel_span_id= request_id= business_trace_id= tenant_id= document_id= ingestion_job_id= - Spring Data Redis - Could not safely identify store assignment for repository candidate interface com.sparrowx.document.data.postgres.repositories.IngestionJobRepository; If you want this repository to be a Redis repository, consider annotating your entities with one of these annotations: org.springframework.data.redis.core.RedisHash (preferred), or consider extending one of the following types with your repository: org.springframework.data.keyvalue.repository.KeyValueRepository
2026-06-04 10:21:10.299 [main] INFO  o.s.d.r.c.RepositoryConfigurationDelegate otel_trace_id= otel_span_id= request_id= business_trace_id= tenant_id= document_id= ingestion_job_id= - Finished Spring Data repository scanning in 24 ms. Found 0 Redis repository interfaces.
2026-06-04 10:21:11.140 [main] INFO  o.s.boot.tomcat.TomcatWebServer otel_trace_id= otel_span_id= request_id= business_trace_id= tenant_id= document_id= ingestion_job_id= - Tomcat initialized with port 8081 (http)
2026-06-04 10:21:11.148 [main] INFO  o.a.catalina.core.StandardService otel_trace_id= otel_span_id= request_id= business_trace_id= tenant_id= document_id= ingestion_job_id= - Starting service [Tomcat]
2026-06-04 10:21:11.149 [main] INFO  o.a.catalina.core.StandardEngine otel_trace_id= otel_span_id= request_id= business_trace_id= tenant_id= document_id= ingestion_job_id= - Starting Servlet engine: [Apache Tomcat/11.0.21]
2026-06-04 10:21:11.221 [main] INFO  o.s.b.w.c.s.WebApplicationContextInitializer otel_trace_id= otel_span_id= request_id= business_trace_id= tenant_id= document_id= ingestion_job_id= - Root WebApplicationContext: initialization completed in 2275 ms
2026-06-04 10:21:11.399 [main] INFO  org.hibernate.orm.jpa otel_trace_id= otel_span_id= request_id= business_trace_id= tenant_id= document_id= ingestion_job_id= - HHH008540: Processing PersistenceUnitInfo [name: default]
2026-06-04 10:21:11.440 [main] INFO  org.hibernate.orm.core otel_trace_id= otel_span_id= request_id= business_trace_id= tenant_id= document_id= ingestion_job_id= - HHH000001: Hibernate ORM core version 7.2.12.Final
2026-06-04 10:21:11.745 [main] INFO  o.s.o.j.p.SpringPersistenceUnitInfo otel_trace_id= otel_span_id= request_id= business_trace_id= tenant_id= document_id= ingestion_job_id= - No LoadTimeWeaver setup: ignoring JPA class transformer
2026-06-04 10:21:11.768 [main] INFO  com.zaxxer.hikari.HikariDataSource otel_trace_id= otel_span_id= request_id= business_trace_id= tenant_id= document_id= ingestion_job_id= - HikariPool-1 - Starting...
2026-06-04 10:21:11.897 [main] INFO  com.zaxxer.hikari.pool.HikariPool otel_trace_id= otel_span_id= request_id= business_trace_id= tenant_id= document_id= ingestion_job_id= - HikariPool-1 - Added connection org.postgresql.jdbc.PgConnection@437ac2dc
2026-06-04 10:21:11.899 [main] INFO  com.zaxxer.hikari.HikariDataSource otel_trace_id= otel_span_id= request_id= business_trace_id= tenant_id= document_id= ingestion_job_id= - HikariPool-1 - Start completed.
2026-06-04 10:21:11.956 [main] INFO  o.hibernate.orm.connections.pooling otel_trace_id= otel_span_id= request_id= business_trace_id= tenant_id= document_id= ingestion_job_id= - HHH10001005: Database info:
	Database JDBC URL [jdbc:postgresql://localhost:5432/postgres]
	Database driver: PostgreSQL JDBC Driver
	Database dialect: PostgreSQLDialect
	Database version: 16.13
	Default catalog/schema: postgres/public
	Autocommit mode: undefined/unknown
	Isolation level: READ_COMMITTED [default READ_COMMITTED]
	JDBC fetch size: none
	Pool: DataSourceConnectionProvider
	Minimum pool size: undefined/unknown
	Maximum pool size: undefined/unknown
2026-06-04 10:21:12.659 [main] INFO  org.hibernate.orm.core otel_trace_id= otel_span_id= request_id= business_trace_id= tenant_id= document_id= ingestion_job_id= - HHH000489: No JTA platform available (set 'hibernate.transaction.jta.platform' to enable JTA platform integration)
2026-06-04 10:21:12.699 [main] INFO  o.s.o.j.LocalContainerEntityManagerFactoryBean otel_trace_id= otel_span_id= request_id= business_trace_id= tenant_id= document_id= ingestion_job_id= - Initialized JPA EntityManagerFactory for persistence unit 'default'
2026-06-04 10:21:13.032 [main] WARN  o.s.b.w.s.s.c.AnnotationConfigServletWebServerApplicationContext otel_trace_id= otel_span_id= request_id= business_trace_id= tenant_id= document_id= ingestion_job_id= - Exception encountered during context initialization - cancelling refresh attempt: org.springframework.beans.factory.UnsatisfiedDependencyException: Error creating bean with name 'qdrantDocumentVectorRepository' defined in file [D:\Projects\Sparrow-x\document-service\target\classes\com\sparrowx\document\data\qdrant\QdrantDocumentVectorRepository.class]: Unsatisfied dependency expressed through constructor parameter 2: Error creating bean with name 'geminiEmbeddingService' defined in file [D:\Projects\Sparrow-x\document-service\target\classes\com\sparrowx\document\ingestion\indexing\GeminiEmbeddingService.class]: Failed to instantiate [com.sparrowx.document.ingestion.indexing.GeminiEmbeddingService]: Constructor threw exception
2026-06-04 10:21:13.034 [main] INFO  o.s.o.j.LocalContainerEntityManagerFactoryBean otel_trace_id= otel_span_id= request_id= business_trace_id= tenant_id= document_id= ingestion_job_id= - Closing JPA EntityManagerFactory for persistence unit 'default'
2026-06-04 10:21:13.036 [main] INFO  com.zaxxer.hikari.HikariDataSource otel_trace_id= otel_span_id= request_id= business_trace_id= tenant_id= document_id= ingestion_job_id= - HikariPool-1 - Shutdown initiated...
2026-06-04 10:21:13.038 [main] INFO  com.zaxxer.hikari.HikariDataSource otel_trace_id= otel_span_id= request_id= business_trace_id= tenant_id= document_id= ingestion_job_id= - HikariPool-1 - Shutdown completed.
2026-06-04 10:21:13.042 [main] INFO  o.a.catalina.core.StandardService otel_trace_id= otel_span_id= request_id= business_trace_id= tenant_id= document_id= ingestion_job_id= - Stopping service [Tomcat]
2026-06-04 10:21:13.052 [main] INFO  o.s.b.a.l.ConditionEvaluationReportLogger otel_trace_id= otel_span_id= request_id= business_trace_id= tenant_id= document_id= ingestion_job_id= - 

Error starting ApplicationContext. To display the condition evaluation report re-run your application with 'debug' enabled.
2026-06-04 10:21:13.064 [main] ERROR o.s.boot.SpringApplication otel_trace_id= otel_span_id= request_id= business_trace_id= tenant_id= document_id= ingestion_job_id= - Application run failed
org.springframework.beans.factory.UnsatisfiedDependencyException: Error creating bean with name 'qdrantDocumentVectorRepository' defined in file [D:\Projects\Sparrow-x\document-service\target\classes\com\sparrowx\document\data\qdrant\QdrantDocumentVectorRepository.class]: Unsatisfied dependency expressed through constructor parameter 2: Error creating bean with name 'geminiEmbeddingService' defined in file [D:\Projects\Sparrow-x\document-service\target\classes\com\sparrowx\document\ingestion\indexing\GeminiEmbeddingService.class]: Failed to instantiate [com.sparrowx.document.ingestion.indexing.GeminiEmbeddingService]: Constructor threw exception
	at org.springframework.beans.factory.support.ConstructorResolver.createArgumentArray(ConstructorResolver.java:804)
	at org.springframework.beans.factory.support.ConstructorResolver.autowireConstructor(ConstructorResolver.java:240)
	at org.springframework.beans.factory.support.AbstractAutowireCapableBeanFactory.autowireConstructor(AbstractAutowireCapableBeanFactory.java:1382)
	at org.springframework.beans.factory.support.AbstractAutowireCapableBeanFactory.createBeanInstance(AbstractAutowireCapableBeanFactory.java:1221)
	at org.springframework.beans.factory.support.AbstractAutowireCapableBeanFactory.doCreateBean(AbstractAutowireCapableBeanFactory.java:565)
	at org.springframework.beans.factory.support.AbstractAutowireCapableBeanFactory.createBean(AbstractAutowireCapableBeanFactory.java:525)
	at org.springframework.beans.factory.support.AbstractBeanFactory.lambda$doGetBean$0(AbstractBeanFactory.java:333)
	at org.springframework.beans.factory.support.DefaultSingletonBeanRegistry.getSingleton(DefaultSingletonBeanRegistry.java:371)
	at org.springframework.beans.factory.support.AbstractBeanFactory.doGetBean(AbstractBeanFactory.java:331)
	at org.springframework.beans.factory.support.AbstractBeanFactory.getBean(AbstractBeanFactory.java:196)
	at org.springframework.beans.factory.support.DefaultListableBeanFactory.instantiateSingleton(DefaultListableBeanFactory.java:1218)
	at org.springframework.beans.factory.support.DefaultListableBeanFactory.preInstantiateSingleton(DefaultListableBeanFactory.java:1184)
	at org.springframework.beans.factory.support.DefaultListableBeanFactory.preInstantiateSingletons(DefaultListableBeanFactory.java:1121)
	at org.springframework.context.support.AbstractApplicationContext.finishBeanFactoryInitialization(AbstractApplicationContext.java:994)
	at org.springframework.context.support.AbstractApplicationContext.refresh(AbstractApplicationContext.java:621)
	at org.springframework.boot.web.server.servlet.context.ServletWebServerApplicationContext.refresh(ServletWebServerApplicationContext.java:143)
	at org.springframework.boot.SpringApplication.refresh(SpringApplication.java:756)
	at org.springframework.boot.SpringApplication.refreshContext(SpringApplication.java:445)
	at org.springframework.boot.SpringApplication.run(SpringApplication.java:321)
	at org.springframework.boot.SpringApplication.run(SpringApplication.java:1365)
	at org.springframework.boot.SpringApplication.run(SpringApplication.java:1354)
	at com.sparrowx.document.DocumentApplication.main(DocumentApplication.java:16)
Caused by: org.springframework.beans.factory.BeanCreationException: Error creating bean with name 'geminiEmbeddingService' defined in file [D:\Projects\Sparrow-x\document-service\target\classes\com\sparrowx\document\ingestion\indexing\GeminiEmbeddingService.class]: Failed to instantiate [com.sparrowx.document.ingestion.indexing.GeminiEmbeddingService]: Constructor threw exception
	at org.springframework.beans.factory.support.ConstructorResolver.instantiate(ConstructorResolver.java:321)
	at org.springframework.beans.factory.support.ConstructorResolver.autowireConstructor(ConstructorResolver.java:309)
	at org.springframework.beans.factory.support.AbstractAutowireCapableBeanFactory.autowireConstructor(AbstractAutowireCapableBeanFactory.java:1382)
	at org.springframework.beans.factory.support.AbstractAutowireCapableBeanFactory.createBeanInstance(AbstractAutowireCapableBeanFactory.java:1221)
	at org.springframework.beans.factory.support.AbstractAutowireCapableBeanFactory.doCreateBean(AbstractAutowireCapableBeanFactory.java:565)
	at org.springframework.beans.factory.support.AbstractAutowireCapableBeanFactory.createBean(AbstractAutowireCapableBeanFactory.java:525)
	at org.springframework.beans.factory.support.AbstractBeanFactory.lambda$doGetBean$0(AbstractBeanFactory.java:333)
	at org.springframework.beans.factory.support.DefaultSingletonBeanRegistry.getSingleton(DefaultSingletonBeanRegistry.java:371)
	at org.springframework.beans.factory.support.AbstractBeanFactory.doGetBean(AbstractBeanFactory.java:331)
	at org.springframework.beans.factory.support.AbstractBeanFactory.getBean(AbstractBeanFactory.java:201)
	at org.springframework.beans.factory.config.DependencyDescriptor.resolveCandidate(DependencyDescriptor.java:229)
	at org.springframework.beans.factory.support.DefaultListableBeanFactory.doResolveDependency(DefaultListableBeanFactory.java:1762)
	at org.springframework.beans.factory.support.DefaultListableBeanFactory.resolveDependency(DefaultListableBeanFactory.java:1651)
	at org.springframework.beans.factory.support.ConstructorResolver.resolveAutowiredArgument(ConstructorResolver.java:912)
	at org.springframework.beans.factory.support.ConstructorResolver.createArgumentArray(ConstructorResolver.java:791)
	... 21 common frames omitted
Caused by: org.springframework.beans.BeanInstantiationException: Failed to instantiate [com.sparrowx.document.ingestion.indexing.GeminiEmbeddingService]: Constructor threw exception
	at org.springframework.beans.BeanUtils.instantiateClass(BeanUtils.java:220)
	at org.springframework.beans.factory.support.SimpleInstantiationStrategy.instantiate(SimpleInstantiationStrategy.java:129)
	at org.springframework.beans.factory.support.ConstructorResolver.instantiate(ConstructorResolver.java:318)
	... 35 common frames omitted
Caused by: java.lang.IllegalStateException: GEMINI_API_KEY was not resolved. Check IntelliJ/Maven run configuration environment variables.
	at com.sparrowx.document.ingestion.indexing.GeminiEmbeddingService.<init>(GeminiEmbeddingService.java:32)
	at java.base/jdk.internal.reflect.DirectConstructorHandleAccessor.newInstance(DirectConstructorHandleAccessor.java:62)
	at java.base/java.lang.reflect.Constructor.newInstanceWithCaller(Constructor.java:499)
	at java.base/java.lang.reflect.Constructor.newInstance(Constructor.java:483)
	at org.springframework.beans.BeanUtils.instantiateClass(BeanUtils.java:207)
	... 37 common frames omitted
2026-06-04 10:23:01.098 [main] INFO  c.s.document.DocumentApplication otel_trace_id= otel_span_id= request_id= business_trace_id= tenant_id= document_id= ingestion_job_id= - Starting DocumentApplication using Java 25.0.2 with PID 5100 (D:\Projects\Sparrow-x\document-service\target\classes started by aggre in D:\Projects\Sparrow-x\document-service)
2026-06-04 10:23:01.100 [main] INFO  c.s.document.DocumentApplication otel_trace_id= otel_span_id= request_id= business_trace_id= tenant_id= document_id= ingestion_job_id= - The following 1 profile is active: "dev"
2026-06-04 10:23:01.861 [main] INFO  o.s.d.r.c.RepositoryConfigurationDelegate otel_trace_id= otel_span_id= request_id= business_trace_id= tenant_id= document_id= ingestion_job_id= - Multiple Spring Data modules found, entering strict repository configuration mode
2026-06-04 10:23:01.862 [main] INFO  o.s.d.r.c.RepositoryConfigurationDelegate otel_trace_id= otel_span_id= request_id= business_trace_id= tenant_id= document_id= ingestion_job_id= - Bootstrapping Spring Data JPA repositories in DEFAULT mode.
2026-06-04 10:23:01.976 [main] INFO  o.s.d.r.c.RepositoryConfigurationDelegate otel_trace_id= otel_span_id= request_id= business_trace_id= tenant_id= document_id= ingestion_job_id= - Finished Spring Data repository scanning in 105 ms. Found 5 JPA repository interfaces.
2026-06-04 10:23:02.704 [main] INFO  o.s.d.r.c.RepositoryConfigurationDelegate otel_trace_id= otel_span_id= request_id= business_trace_id= tenant_id= document_id= ingestion_job_id= - Multiple Spring Data modules found, entering strict repository configuration mode
2026-06-04 10:23:02.705 [main] INFO  o.s.d.r.c.RepositoryConfigurationDelegate otel_trace_id= otel_span_id= request_id= business_trace_id= tenant_id= document_id= ingestion_job_id= - Bootstrapping Spring Data Redis repositories in DEFAULT mode.
2026-06-04 10:23:02.735 [main] INFO  o.s.d.r.c.RepositoryConfigurationExtensionSupport otel_trace_id= otel_span_id= request_id= business_trace_id= tenant_id= document_id= ingestion_job_id= - Spring Data Redis - Could not safely identify store assignment for repository candidate interface com.sparrowx.document.data.postgres.repositories.DocumentChunkRepository; If you want this repository to be a Redis repository, consider annotating your entities with one of these annotations: org.springframework.data.redis.core.RedisHash (preferred), or consider extending one of the following types with your repository: org.springframework.data.keyvalue.repository.KeyValueRepository
2026-06-04 10:23:02.736 [main] INFO  o.s.d.r.c.RepositoryConfigurationExtensionSupport otel_trace_id= otel_span_id= request_id= business_trace_id= tenant_id= document_id= ingestion_job_id= - Spring Data Redis - Could not safely identify store assignment for repository candidate interface com.sparrowx.document.data.postgres.repositories.DocumentRepository; If you want this repository to be a Redis repository, consider annotating your entities with one of these annotations: org.springframework.data.redis.core.RedisHash (preferred), or consider extending one of the following types with your repository: org.springframework.data.keyvalue.repository.KeyValueRepository
2026-06-04 10:23:02.736 [main] INFO  o.s.d.r.c.RepositoryConfigurationExtensionSupport otel_trace_id= otel_span_id= request_id= business_trace_id= tenant_id= document_id= ingestion_job_id= - Spring Data Redis - Could not safely identify store assignment for repository candidate interface com.sparrowx.document.data.postgres.repositories.IngestionJobRepository; If you want this repository to be a Redis repository, consider annotating your entities with one of these annotations: org.springframework.data.redis.core.RedisHash (preferred), or consider extending one of the following types with your repository: org.springframework.data.keyvalue.repository.KeyValueRepository
2026-06-04 10:23:02.736 [main] INFO  o.s.d.r.c.RepositoryConfigurationDelegate otel_trace_id= otel_span_id= request_id= business_trace_id= tenant_id= document_id= ingestion_job_id= - Finished Spring Data repository scanning in 24 ms. Found 0 Redis repository interfaces.
2026-06-04 10:23:03.588 [main] INFO  o.s.boot.tomcat.TomcatWebServer otel_trace_id= otel_span_id= request_id= business_trace_id= tenant_id= document_id= ingestion_job_id= - Tomcat initialized with port 8081 (http)
2026-06-04 10:23:03.600 [main] INFO  o.a.catalina.core.StandardService otel_trace_id= otel_span_id= request_id= business_trace_id= tenant_id= document_id= ingestion_job_id= - Starting service [Tomcat]
2026-06-04 10:23:03.601 [main] INFO  o.a.catalina.core.StandardEngine otel_trace_id= otel_span_id= request_id= business_trace_id= tenant_id= document_id= ingestion_job_id= - Starting Servlet engine: [Apache Tomcat/11.0.21]
2026-06-04 10:23:03.670 [main] INFO  o.s.b.w.c.s.WebApplicationContextInitializer otel_trace_id= otel_span_id= request_id= business_trace_id= tenant_id= document_id= ingestion_job_id= - Root WebApplicationContext: initialization completed in 2530 ms
2026-06-04 10:23:03.849 [main] INFO  org.hibernate.orm.jpa otel_trace_id= otel_span_id= request_id= business_trace_id= tenant_id= document_id= ingestion_job_id= - HHH008540: Processing PersistenceUnitInfo [name: default]
2026-06-04 10:23:03.889 [main] INFO  org.hibernate.orm.core otel_trace_id= otel_span_id= request_id= business_trace_id= tenant_id= document_id= ingestion_job_id= - HHH000001: Hibernate ORM core version 7.2.12.Final
2026-06-04 10:23:04.188 [main] INFO  o.s.o.j.p.SpringPersistenceUnitInfo otel_trace_id= otel_span_id= request_id= business_trace_id= tenant_id= document_id= ingestion_job_id= - No LoadTimeWeaver setup: ignoring JPA class transformer
2026-06-04 10:23:04.211 [main] INFO  com.zaxxer.hikari.HikariDataSource otel_trace_id= otel_span_id= request_id= business_trace_id= tenant_id= document_id= ingestion_job_id= - HikariPool-1 - Starting...
2026-06-04 10:23:04.341 [main] INFO  com.zaxxer.hikari.pool.HikariPool otel_trace_id= otel_span_id= request_id= business_trace_id= tenant_id= document_id= ingestion_job_id= - HikariPool-1 - Added connection org.postgresql.jdbc.PgConnection@79f6b43a
2026-06-04 10:23:04.343 [main] INFO  com.zaxxer.hikari.HikariDataSource otel_trace_id= otel_span_id= request_id= business_trace_id= tenant_id= document_id= ingestion_job_id= - HikariPool-1 - Start completed.
2026-06-04 10:23:04.399 [main] INFO  o.hibernate.orm.connections.pooling otel_trace_id= otel_span_id= request_id= business_trace_id= tenant_id= document_id= ingestion_job_id= - HHH10001005: Database info:
	Database JDBC URL [jdbc:postgresql://localhost:5432/postgres]
	Database driver: PostgreSQL JDBC Driver
	Database dialect: PostgreSQLDialect
	Database version: 16.13
	Default catalog/schema: postgres/public
	Autocommit mode: undefined/unknown
	Isolation level: READ_COMMITTED [default READ_COMMITTED]
	JDBC fetch size: none
	Pool: DataSourceConnectionProvider
	Minimum pool size: undefined/unknown
	Maximum pool size: undefined/unknown
2026-06-04 10:23:05.130 [main] INFO  org.hibernate.orm.core otel_trace_id= otel_span_id= request_id= business_trace_id= tenant_id= document_id= ingestion_job_id= - HHH000489: No JTA platform available (set 'hibernate.transaction.jta.platform' to enable JTA platform integration)
2026-06-04 10:23:05.173 [main] INFO  o.s.o.j.LocalContainerEntityManagerFactoryBean otel_trace_id= otel_span_id= request_id= business_trace_id= tenant_id= document_id= ingestion_job_id= - Initialized JPA EntityManagerFactory for persistence unit 'default'
2026-06-04 10:23:05.544 [main] INFO  o.s.d.j.r.q.QueryEnhancerFactories otel_trace_id= otel_span_id= request_id= business_trace_id= tenant_id= document_id= ingestion_job_id= - Hibernate is in classpath; If applicable, HQL parser will be used.
2026-06-04 10:23:06.736 [main] INFO  n.d.b.g.s.a.GrpcServerFactoryAutoConfiguration otel_trace_id= otel_span_id= request_id= business_trace_id= tenant_id= document_id= ingestion_job_id= - Detected grpc-netty-shaded: Creating ShadedNettyGrpcServerFactory
2026-06-04 10:23:07.067 [main] INFO  o.s.b.a.e.web.EndpointLinksResolver otel_trace_id= otel_span_id= request_id= business_trace_id= tenant_id= document_id= ingestion_job_id= - Exposing 3 endpoints beneath base path '/actuator'
2026-06-04 10:23:07.087 [main] WARN  o.s.a.m.a.p.s.SyncMcpSamplingProvider otel_trace_id= otel_span_id= request_id= business_trace_id= tenant_id= document_id= ingestion_job_id= - No sampling methods found
2026-06-04 10:23:07.088 [main] WARN  o.s.a.m.a.p.e.SyncMcpElicitationProvider otel_trace_id= otel_span_id= request_id= business_trace_id= tenant_id= document_id= ingestion_job_id= - No elicitation methods found
2026-06-04 10:23:07.139 [main] INFO  o.s.boot.tomcat.TomcatWebServer otel_trace_id= otel_span_id= request_id= business_trace_id= tenant_id= document_id= ingestion_job_id= - Tomcat started on port 8081 (http) with context path '/'
2026-06-04 10:23:07.223 [main] INFO  n.d.b.g.s.s.AbstractGrpcServerFactory otel_trace_id= otel_span_id= request_id= business_trace_id= tenant_id= document_id= ingestion_job_id= - Registered gRPC service: document.DocumentService, bean: documentServiceGrpcImpl, class: com.sparrowx.document.grpc.DocumentServiceGrpcImpl
2026-06-04 10:23:07.223 [main] INFO  n.d.b.g.s.s.AbstractGrpcServerFactory otel_trace_id= otel_span_id= request_id= business_trace_id= tenant_id= document_id= ingestion_job_id= - Registered gRPC service: grpc.health.v1.Health, bean: grpcHealthService, class: io.grpc.protobuf.services.HealthServiceImpl
2026-06-04 10:23:07.223 [main] INFO  n.d.b.g.s.s.AbstractGrpcServerFactory otel_trace_id= otel_span_id= request_id= business_trace_id= tenant_id= document_id= ingestion_job_id= - Registered gRPC service: grpc.reflection.v1alpha.ServerReflection, bean: protoReflectionService, class: io.grpc.protobuf.services.ProtoReflectionService
2026-06-04 10:23:07.339 [main] INFO  n.d.b.g.s.s.GrpcServerLifecycle otel_trace_id= otel_span_id= request_id= business_trace_id= tenant_id= document_id= ingestion_job_id= - gRPC Server started, listening on address: *, port: 50054
2026-06-04 10:23:07.351 [main] INFO  c.s.document.DocumentApplication otel_trace_id= otel_span_id= request_id= business_trace_id= tenant_id= document_id= ingestion_job_id= - Started DocumentApplication in 6.703 seconds (process running for 7.199)
2026-06-04 10:23:07.526 [main] INFO  c.s.d.d.q.QdrantCollectionInitializer otel_trace_id= otel_span_id= request_id= business_trace_id= tenant_id= document_id= ingestion_job_id= - Qdrant collection already exists: sparrowx_document_chunks
2026-06-04 10:23:07.527 [main] WARN  o.s.c.events.SpringDocAppInitializer otel_trace_id= otel_span_id= request_id= business_trace_id= tenant_id= document_id= ingestion_job_id= - SpringDoc /v3/api-docs endpoint is enabled by default. To disable it in production, set the property 'springdoc.api-docs.enabled=false'
2026-06-04 10:23:07.527 [main] WARN  o.s.c.events.SpringDocAppInitializer otel_trace_id= otel_span_id= request_id= business_trace_id= tenant_id= document_id= ingestion_job_id= - SpringDoc /swagger-ui.html endpoint is enabled by default. To disable it in production, set the property 'springdoc.swagger-ui.enabled=false'
2026-06-04 10:23:07.657 [main] INFO  c.s.d.g.h.DocumentServiceStartupCheck otel_trace_id= otel_span_id= request_id= business_trace_id= tenant_id= document_id= ingestion_job_id= - Document service startup check complete documentCount=27 storageProvider=MinioDocumentStorage
2026-06-04 10:23:07.670 [main] INFO  b.i.grpc.health.GrpcHealthAdapter otel_trace_id= otel_span_id= request_id= business_trace_id= tenant_id= document_id= ingestion_job_id= - Application ready — setting gRPC global health to SERVING
2026-06-04 10:23:11.270 [http-nio-8081-exec-1] INFO  o.a.c.c.C.[Tomcat].[localhost].[/] otel_trace_id= otel_span_id= request_id= business_trace_id= tenant_id= document_id= ingestion_job_id= - Initializing Spring DispatcherServlet 'dispatcherServlet'
2026-06-04 10:23:11.270 [http-nio-8081-exec-1] INFO  o.s.web.servlet.DispatcherServlet otel_trace_id= otel_span_id= request_id= business_trace_id= tenant_id= document_id= ingestion_job_id= - Initializing Servlet 'dispatcherServlet'
2026-06-04 10:23:11.272 [http-nio-8081-exec-1] INFO  o.s.web.servlet.DispatcherServlet otel_trace_id= otel_span_id= request_id= business_trace_id= tenant_id= document_id= ingestion_job_id= - Completed initialization in 1 ms
2026-06-04 10:23:19.737 [SpringApplicationShutdownHook] INFO  n.d.b.g.s.s.GrpcServerLifecycle otel_trace_id= otel_span_id= request_id= business_trace_id= tenant_id= document_id= ingestion_job_id= - Completed gRPC server shutdown
2026-06-04 10:23:19.739 [SpringApplicationShutdownHook] INFO  o.s.boot.tomcat.GracefulShutdown otel_trace_id= otel_span_id= request_id= business_trace_id= tenant_id= document_id= ingestion_job_id= - Commencing graceful shutdown. Waiting for active requests to complete
2026-06-04 10:23:19.743 [tomcat-shutdown] INFO  o.s.boot.tomcat.GracefulShutdown otel_trace_id= otel_span_id= request_id= business_trace_id= tenant_id= document_id= ingestion_job_id= - Graceful shutdown complete
2026-06-04 10:23:19.756 [SpringApplicationShutdownHook] INFO  b.i.grpc.health.GrpcHealthAdapter otel_trace_id= otel_span_id= request_id= business_trace_id= tenant_id= document_id= ingestion_job_id= - Shutting down — setting gRPC global health to NOT_SERVING
2026-06-04 10:23:19.765 [SpringApplicationShutdownHook] INFO  o.s.o.j.LocalContainerEntityManagerFactoryBean otel_trace_id= otel_span_id= request_id= business_trace_id= tenant_id= document_id= ingestion_job_id= - Closing JPA EntityManagerFactory for persistence unit 'default'
2026-06-04 10:23:19.768 [SpringApplicationShutdownHook] INFO  com.zaxxer.hikari.HikariDataSource otel_trace_id= otel_span_id= request_id= business_trace_id= tenant_id= document_id= ingestion_job_id= - HikariPool-1 - Shutdown initiated...
2026-06-04 10:23:19.774 [SpringApplicationShutdownHook] INFO  com.zaxxer.hikari.HikariDataSource otel_trace_id= otel_span_id= request_id= business_trace_id= tenant_id= document_id= ingestion_job_id= - HikariPool-1 - Shutdown completed.
2026-06-04 10:32:19.472 [main] INFO  c.s.document.DocumentApplication otel_trace_id= otel_span_id= request_id= business_trace_id= tenant_id= document_id= ingestion_job_id= - Starting DocumentApplication using Java 25.0.2 with PID 21172 (D:\Projects\Sparrow-x\document-service\target\classes started by aggre in D:\Projects\Sparrow-x\document-service)
2026-06-04 10:32:19.473 [main] INFO  c.s.document.DocumentApplication otel_trace_id= otel_span_id= request_id= business_trace_id= tenant_id= document_id= ingestion_job_id= - The following 1 profile is active: "dev"
2026-06-04 10:32:20.443 [main] INFO  o.s.d.r.c.RepositoryConfigurationDelegate otel_trace_id= otel_span_id= request_id= business_trace_id= tenant_id= document_id= ingestion_job_id= - Multiple Spring Data modules found, entering strict repository configuration mode
2026-06-04 10:32:20.443 [main] INFO  o.s.d.r.c.RepositoryConfigurationDelegate otel_trace_id= otel_span_id= request_id= business_trace_id= tenant_id= document_id= ingestion_job_id= - Bootstrapping Spring Data JPA repositories in DEFAULT mode.
2026-06-04 10:32:20.545 [main] INFO  o.s.d.r.c.RepositoryConfigurationDelegate otel_trace_id= otel_span_id= request_id= business_trace_id= tenant_id= document_id= ingestion_job_id= - Finished Spring Data repository scanning in 93 ms. Found 5 JPA repository interfaces.
2026-06-04 10:32:21.263 [main] INFO  o.s.d.r.c.RepositoryConfigurationDelegate otel_trace_id= otel_span_id= request_id= business_trace_id= tenant_id= document_id= ingestion_job_id= - Multiple Spring Data modules found, entering strict repository configuration mode
2026-06-04 10:32:21.264 [main] INFO  o.s.d.r.c.RepositoryConfigurationDelegate otel_trace_id= otel_span_id= request_id= business_trace_id= tenant_id= document_id= ingestion_job_id= - Bootstrapping Spring Data Redis repositories in DEFAULT mode.
2026-06-04 10:32:21.302 [main] INFO  o.s.d.r.c.RepositoryConfigurationExtensionSupport otel_trace_id= otel_span_id= request_id= business_trace_id= tenant_id= document_id= ingestion_job_id= - Spring Data Redis - Could not safely identify store assignment for repository candidate interface com.sparrowx.document.data.postgres.repositories.DocumentChunkRepository; If you want this repository to be a Redis repository, consider annotating your entities with one of these annotations: org.springframework.data.redis.core.RedisHash (preferred), or consider extending one of the following types with your repository: org.springframework.data.keyvalue.repository.KeyValueRepository
2026-06-04 10:32:21.303 [main] INFO  o.s.d.r.c.RepositoryConfigurationExtensionSupport otel_trace_id= otel_span_id= request_id= business_trace_id= tenant_id= document_id= ingestion_job_id= - Spring Data Redis - Could not safely identify store assignment for repository candidate interface com.sparrowx.document.data.postgres.repositories.DocumentRepository; If you want this repository to be a Redis repository, consider annotating your entities with one of these annotations: org.springframework.data.redis.core.RedisHash (preferred), or consider extending one of the following types with your repository: org.springframework.data.keyvalue.repository.KeyValueRepository
2026-06-04 10:32:21.303 [main] INFO  o.s.d.r.c.RepositoryConfigurationExtensionSupport otel_trace_id= otel_span_id= request_id= business_trace_id= tenant_id= document_id= ingestion_job_id= - Spring Data Redis - Could not safely identify store assignment for repository candidate interface com.sparrowx.document.data.postgres.repositories.IngestionJobRepository; If you want this repository to be a Redis repository, consider annotating your entities with one of these annotations: org.springframework.data.redis.core.RedisHash (preferred), or consider extending one of the following types with your repository: org.springframework.data.keyvalue.repository.KeyValueRepository
2026-06-04 10:32:21.303 [main] INFO  o.s.d.r.c.RepositoryConfigurationDelegate otel_trace_id= otel_span_id= request_id= business_trace_id= tenant_id= document_id= ingestion_job_id= - Finished Spring Data repository scanning in 29 ms. Found 0 Redis repository interfaces.
2026-06-04 10:32:22.212 [main] INFO  o.s.boot.tomcat.TomcatWebServer otel_trace_id= otel_span_id= request_id= business_trace_id= tenant_id= document_id= ingestion_job_id= - Tomcat initialized with port 8081 (http)
2026-06-04 10:32:22.226 [main] INFO  o.a.catalina.core.StandardService otel_trace_id= otel_span_id= request_id= business_trace_id= tenant_id= document_id= ingestion_job_id= - Starting service [Tomcat]
2026-06-04 10:32:22.227 [main] INFO  o.a.catalina.core.StandardEngine otel_trace_id= otel_span_id= request_id= business_trace_id= tenant_id= document_id= ingestion_job_id= - Starting Servlet engine: [Apache Tomcat/11.0.21]
2026-06-04 10:32:22.314 [main] INFO  o.s.b.w.c.s.WebApplicationContextInitializer otel_trace_id= otel_span_id= request_id= business_trace_id= tenant_id= document_id= ingestion_job_id= - Root WebApplicationContext: initialization completed in 2813 ms
2026-06-04 10:32:22.501 [main] INFO  org.hibernate.orm.jpa otel_trace_id= otel_span_id= request_id= business_trace_id= tenant_id= document_id= ingestion_job_id= - HHH008540: Processing PersistenceUnitInfo [name: default]
2026-06-04 10:32:22.539 [main] INFO  org.hibernate.orm.core otel_trace_id= otel_span_id= request_id= business_trace_id= tenant_id= document_id= ingestion_job_id= - HHH000001: Hibernate ORM core version 7.2.12.Final
2026-06-04 10:32:22.853 [main] INFO  o.s.o.j.p.SpringPersistenceUnitInfo otel_trace_id= otel_span_id= request_id= business_trace_id= tenant_id= document_id= ingestion_job_id= - No LoadTimeWeaver setup: ignoring JPA class transformer
2026-06-04 10:32:22.878 [main] INFO  com.zaxxer.hikari.HikariDataSource otel_trace_id= otel_span_id= request_id= business_trace_id= tenant_id= document_id= ingestion_job_id= - HikariPool-1 - Starting...
2026-06-04 10:32:22.992 [main] INFO  com.zaxxer.hikari.pool.HikariPool otel_trace_id= otel_span_id= request_id= business_trace_id= tenant_id= document_id= ingestion_job_id= - HikariPool-1 - Added connection org.postgresql.jdbc.PgConnection@79f6b43a
2026-06-04 10:32:22.993 [main] INFO  com.zaxxer.hikari.HikariDataSource otel_trace_id= otel_span_id= request_id= business_trace_id= tenant_id= document_id= ingestion_job_id= - HikariPool-1 - Start completed.
2026-06-04 10:32:23.042 [main] INFO  o.hibernate.orm.connections.pooling otel_trace_id= otel_span_id= request_id= business_trace_id= tenant_id= document_id= ingestion_job_id= - HHH10001005: Database info:
	Database JDBC URL [jdbc:postgresql://localhost:5432/postgres]
	Database driver: PostgreSQL JDBC Driver
	Database dialect: PostgreSQLDialect
	Database version: 16.13
	Default catalog/schema: postgres/public
	Autocommit mode: undefined/unknown
	Isolation level: READ_COMMITTED [default READ_COMMITTED]
	JDBC fetch size: none
	Pool: DataSourceConnectionProvider
	Minimum pool size: undefined/unknown
	Maximum pool size: undefined/unknown
2026-06-04 10:32:23.816 [main] INFO  org.hibernate.orm.core otel_trace_id= otel_span_id= request_id= business_trace_id= tenant_id= document_id= ingestion_job_id= - HHH000489: No JTA platform available (set 'hibernate.transaction.jta.platform' to enable JTA platform integration)
2026-06-04 10:32:23.855 [main] INFO  o.s.o.j.LocalContainerEntityManagerFactoryBean otel_trace_id= otel_span_id= request_id= business_trace_id= tenant_id= document_id= ingestion_job_id= - Initialized JPA EntityManagerFactory for persistence unit 'default'
2026-06-04 10:32:24.276 [main] INFO  o.s.d.j.r.q.QueryEnhancerFactories otel_trace_id= otel_span_id= request_id= business_trace_id= tenant_id= document_id= ingestion_job_id= - Hibernate is in classpath; If applicable, HQL parser will be used.
2026-06-04 10:32:25.891 [main] INFO  n.d.b.g.s.a.GrpcServerFactoryAutoConfiguration otel_trace_id= otel_span_id= request_id= business_trace_id= tenant_id= document_id= ingestion_job_id= - Detected grpc-netty-shaded: Creating ShadedNettyGrpcServerFactory
2026-06-04 10:32:26.354 [main] INFO  o.s.b.a.e.web.EndpointLinksResolver otel_trace_id= otel_span_id= request_id= business_trace_id= tenant_id= document_id= ingestion_job_id= - Exposing 3 endpoints beneath base path '/actuator'
2026-06-04 10:32:26.376 [main] WARN  o.s.a.m.a.p.s.SyncMcpSamplingProvider otel_trace_id= otel_span_id= request_id= business_trace_id= tenant_id= document_id= ingestion_job_id= - No sampling methods found
2026-06-04 10:32:26.378 [main] WARN  o.s.a.m.a.p.e.SyncMcpElicitationProvider otel_trace_id= otel_span_id= request_id= business_trace_id= tenant_id= document_id= ingestion_job_id= - No elicitation methods found
2026-06-04 10:32:26.441 [main] INFO  o.s.boot.tomcat.TomcatWebServer otel_trace_id= otel_span_id= request_id= business_trace_id= tenant_id= document_id= ingestion_job_id= - Tomcat started on port 8081 (http) with context path '/'
2026-06-04 10:32:26.519 [main] INFO  n.d.b.g.s.s.AbstractGrpcServerFactory otel_trace_id= otel_span_id= request_id= business_trace_id= tenant_id= document_id= ingestion_job_id= - Registered gRPC service: document.DocumentService, bean: documentServiceGrpcImpl, class: com.sparrowx.document.grpc.DocumentServiceGrpcImpl
2026-06-04 10:32:26.519 [main] INFO  n.d.b.g.s.s.AbstractGrpcServerFactory otel_trace_id= otel_span_id= request_id= business_trace_id= tenant_id= document_id= ingestion_job_id= - Registered gRPC service: grpc.health.v1.Health, bean: grpcHealthService, class: io.grpc.protobuf.services.HealthServiceImpl
2026-06-04 10:32:26.520 [main] INFO  n.d.b.g.s.s.AbstractGrpcServerFactory otel_trace_id= otel_span_id= request_id= business_trace_id= tenant_id= document_id= ingestion_job_id= - Registered gRPC service: grpc.reflection.v1alpha.ServerReflection, bean: protoReflectionService, class: io.grpc.protobuf.services.ProtoReflectionService
2026-06-04 10:32:26.731 [main] INFO  n.d.b.g.s.s.GrpcServerLifecycle otel_trace_id= otel_span_id= request_id= business_trace_id= tenant_id= document_id= ingestion_job_id= - gRPC Server started, listening on address: *, port: 50054
2026-06-04 10:32:26.747 [main] INFO  c.s.document.DocumentApplication otel_trace_id= otel_span_id= request_id= business_trace_id= tenant_id= document_id= ingestion_job_id= - Started DocumentApplication in 7.69 seconds (process running for 8.194)
2026-06-04 10:32:26.890 [main] INFO  c.s.d.d.q.QdrantCollectionInitializer otel_trace_id= otel_span_id= request_id= business_trace_id= tenant_id= document_id= ingestion_job_id= - Qdrant collection already exists: sparrowx_document_chunks
2026-06-04 10:32:26.891 [main] WARN  o.s.c.events.SpringDocAppInitializer otel_trace_id= otel_span_id= request_id= business_trace_id= tenant_id= document_id= ingestion_job_id= - SpringDoc /v3/api-docs endpoint is enabled by default. To disable it in production, set the property 'springdoc.api-docs.enabled=false'
2026-06-04 10:32:26.892 [main] WARN  o.s.c.events.SpringDocAppInitializer otel_trace_id= otel_span_id= request_id= business_trace_id= tenant_id= document_id= ingestion_job_id= - SpringDoc /swagger-ui.html endpoint is enabled by default. To disable it in production, set the property 'springdoc.swagger-ui.enabled=false'
2026-06-04 10:32:27.110 [main] INFO  c.s.d.g.h.DocumentServiceStartupCheck otel_trace_id= otel_span_id= request_id= business_trace_id= tenant_id= document_id= ingestion_job_id= - Document service startup check complete documentCount=27 storageProvider=MinioDocumentStorage
2026-06-04 10:32:27.126 [main] INFO  b.i.grpc.health.GrpcHealthAdapter otel_trace_id= otel_span_id= request_id= business_trace_id= tenant_id= document_id= ingestion_job_id= - Application ready — setting gRPC global health to SERVING
2026-06-04 10:32:31.262 [http-nio-8081-exec-1] INFO  o.a.c.c.C.[Tomcat].[localhost].[/] otel_trace_id= otel_span_id= request_id= business_trace_id= tenant_id= document_id= ingestion_job_id= - Initializing Spring DispatcherServlet 'dispatcherServlet'
2026-06-04 10:32:31.262 [http-nio-8081-exec-1] INFO  o.s.web.servlet.DispatcherServlet otel_trace_id= otel_span_id= request_id= business_trace_id= tenant_id= document_id= ingestion_job_id= - Initializing Servlet 'dispatcherServlet'
2026-06-04 10:32:31.262 [http-nio-8081-exec-1] INFO  o.s.web.servlet.DispatcherServlet otel_trace_id= otel_span_id= request_id= business_trace_id= tenant_id= document_id= ingestion_job_id= - Completed initialization in 0 ms
2026-06-04 10:33:11.428 [grpc-default-executor-2] INFO  b.i.g.i.GrpcLoggingInterceptor otel_trace_id= otel_span_id= request_id= business_trace_id= tenant_id= document_id= ingestion_job_id= - grpc.call.start grpc.reflection.v1alpha.ServerReflection/ServerReflectionInfo
2026-06-04 10:33:11.428 [grpc-default-executor-0] INFO  b.i.g.i.GrpcLoggingInterceptor otel_trace_id= otel_span_id= request_id= business_trace_id= tenant_id= document_id= ingestion_job_id= - grpc.call.start grpc.reflection.v1alpha.ServerReflection/ServerReflectionInfo
2026-06-04 10:33:11.456 [grpc-default-executor-2] INFO  b.i.g.i.GrpcTracingInterceptor otel_trace_id=8726898108bd5eb34615752976bfef2c otel_span_id=ad0dfb7d4698fef8 request_id= business_trace_id= tenant_id= document_id= ingestion_job_id= - trace.start: 8726898108bd5eb34615752976bfef2c
2026-06-04 10:33:11.456 [grpc-default-executor-0] INFO  b.i.g.i.GrpcTracingInterceptor otel_trace_id=bdd5bf95cefbf329e3798fa07f7ab78f otel_span_id=32268cc1f925fabb request_id= business_trace_id= tenant_id= document_id= ingestion_job_id= - trace.start: bdd5bf95cefbf329e3798fa07f7ab78f
2026-06-04 10:33:11.670 [grpc-default-executor-0] INFO  b.i.g.i.GrpcLoggingInterceptor$2 otel_trace_id= otel_span_id= request_id= business_trace_id= tenant_id= document_id= ingestion_job_id= - grpc.request.message grpc.reflection.v1alpha.ServerReflection/ServerReflectionInfo
2026-06-04 10:33:11.678 [grpc-default-executor-2] INFO  b.i.g.i.GrpcLoggingInterceptor$2 otel_trace_id= otel_span_id= request_id= business_trace_id= tenant_id= document_id= ingestion_job_id= - grpc.request.message grpc.reflection.v1alpha.ServerReflection/ServerReflectionInfo
2026-06-04 10:33:11.698 [grpc-default-executor-0] INFO  b.i.g.i.GrpcLoggingInterceptor$1 otel_trace_id=8726898108bd5eb34615752976bfef2c otel_span_id=ad0dfb7d4698fef8 request_id= business_trace_id= tenant_id= document_id= ingestion_job_id= - grpc.response.send grpc.reflection.v1alpha.ServerReflection/ServerReflectionInfo
2026-06-04 10:33:11.698 [grpc-default-executor-2] INFO  b.i.g.i.GrpcLoggingInterceptor$1 otel_trace_id=bdd5bf95cefbf329e3798fa07f7ab78f otel_span_id=32268cc1f925fabb request_id= business_trace_id= tenant_id= document_id= ingestion_job_id= - grpc.response.send grpc.reflection.v1alpha.ServerReflection/ServerReflectionInfo
2026-06-04 10:33:11.712 [grpc-default-executor-2] INFO  b.i.g.i.GrpcLoggingInterceptor$2 otel_trace_id= otel_span_id= request_id= business_trace_id= tenant_id= document_id= ingestion_job_id= - grpc.request.complete grpc.reflection.v1alpha.ServerReflection/ServerReflectionInfo
2026-06-04 10:33:11.714 [grpc-default-executor-2] INFO  i.o.e.logging.LoggingSpanExporter otel_trace_id=bdd5bf95cefbf329e3798fa07f7ab78f otel_span_id=32268cc1f925fabb request_id= business_trace_id= tenant_id= document_id= ingestion_job_id= - 'grpc.reflection.v1alpha.ServerReflection/ServerReflectionInfo' : bdd5bf95cefbf329e3798fa07f7ab78f 32268cc1f925fabb SERVER [tracer: sparrowx-document-service:] AttributesMap{data={rpc.method=grpc.reflection.v1alpha.ServerReflection/ServerReflectionInfo, rpc.grpc.status_code=OK, rpc.system=grpc}, capacity=128, totalAddedValues=3}
2026-06-04 10:33:11.721 [grpc-default-executor-2] INFO  b.i.g.i.GrpcLoggingInterceptor$1 otel_trace_id=bdd5bf95cefbf329e3798fa07f7ab78f otel_span_id=32268cc1f925fabb request_id= business_trace_id= tenant_id= document_id= ingestion_job_id= - grpc.call.close grpc.reflection.v1alpha.ServerReflection/ServerReflectionInfo status=Status{code=OK, description=null, cause=null}
2026-06-04 10:33:11.725 [grpc-default-executor-0] INFO  b.i.g.i.GrpcLoggingInterceptor$2 otel_trace_id= otel_span_id= request_id= business_trace_id= tenant_id= document_id= ingestion_job_id= - grpc.request.complete grpc.reflection.v1alpha.ServerReflection/ServerReflectionInfo
2026-06-04 10:33:11.725 [grpc-default-executor-0] INFO  i.o.e.logging.LoggingSpanExporter otel_trace_id=8726898108bd5eb34615752976bfef2c otel_span_id=ad0dfb7d4698fef8 request_id= business_trace_id= tenant_id= document_id= ingestion_job_id= - 'grpc.reflection.v1alpha.ServerReflection/ServerReflectionInfo' : 8726898108bd5eb34615752976bfef2c ad0dfb7d4698fef8 SERVER [tracer: sparrowx-document-service:] AttributesMap{data={rpc.method=grpc.reflection.v1alpha.ServerReflection/ServerReflectionInfo, rpc.grpc.status_code=OK, rpc.system=grpc}, capacity=128, totalAddedValues=3}
2026-06-04 10:33:11.725 [grpc-default-executor-0] INFO  b.i.g.i.GrpcLoggingInterceptor$1 otel_trace_id=8726898108bd5eb34615752976bfef2c otel_span_id=ad0dfb7d4698fef8 request_id= business_trace_id= tenant_id= document_id= ingestion_job_id= - grpc.call.close grpc.reflection.v1alpha.ServerReflection/ServerReflectionInfo status=Status{code=OK, description=null, cause=null}
2026-06-04 10:33:11.725 [grpc-default-executor-2] INFO  b.i.g.i.GrpcLoggingInterceptor$2 otel_trace_id= otel_span_id= request_id= business_trace_id= tenant_id= document_id= ingestion_job_id= - grpc.call.complete grpc.reflection.v1alpha.ServerReflection/ServerReflectionInfo
2026-06-04 10:33:11.726 [grpc-default-executor-0] INFO  b.i.g.i.GrpcLoggingInterceptor$2 otel_trace_id= otel_span_id= request_id= business_trace_id= tenant_id= document_id= ingestion_job_id= - grpc.call.complete grpc.reflection.v1alpha.ServerReflection/ServerReflectionInfo
2026-06-04 10:33:11.728 [grpc-default-executor-0] INFO  b.i.g.i.GrpcLoggingInterceptor otel_trace_id= otel_span_id= request_id= business_trace_id= tenant_id= document_id= ingestion_job_id= - grpc.call.start grpc.reflection.v1alpha.ServerReflection/ServerReflectionInfo
2026-06-04 10:33:11.728 [grpc-default-executor-2] INFO  b.i.g.i.GrpcLoggingInterceptor otel_trace_id= otel_span_id= request_id= business_trace_id= tenant_id= document_id= ingestion_job_id= - grpc.call.start grpc.reflection.v1alpha.ServerReflection/ServerReflectionInfo
2026-06-04 10:33:11.729 [grpc-default-executor-0] INFO  b.i.g.i.GrpcTracingInterceptor otel_trace_id=30f1310d3bbfdb3d6ae72d34ab527470 otel_span_id=2a69d0a406f22ac7 request_id= business_trace_id= tenant_id= document_id= ingestion_job_id= - trace.start: 30f1310d3bbfdb3d6ae72d34ab527470
2026-06-04 10:33:11.729 [grpc-default-executor-2] INFO  b.i.g.i.GrpcTracingInterceptor otel_trace_id=44d5445abdaf9e7c471581e2f8e2aafb otel_span_id=535f62e0e963ba96 request_id= business_trace_id= tenant_id= document_id= ingestion_job_id= - trace.start: 44d5445abdaf9e7c471581e2f8e2aafb
2026-06-04 10:33:11.730 [grpc-default-executor-0] INFO  b.i.g.i.GrpcLoggingInterceptor otel_trace_id= otel_span_id= request_id= business_trace_id= tenant_id= document_id= ingestion_job_id= - grpc.call.start grpc.reflection.v1alpha.ServerReflection/ServerReflectionInfo
2026-06-04 10:33:11.730 [grpc-default-executor-2] INFO  b.i.g.i.GrpcLoggingInterceptor otel_trace_id= otel_span_id= request_id= business_trace_id= tenant_id= document_id= ingestion_job_id= - grpc.call.start grpc.reflection.v1alpha.ServerReflection/ServerReflectionInfo
2026-06-04 10:33:11.730 [grpc-default-executor-1] INFO  b.i.g.i.GrpcLoggingInterceptor$2 otel_trace_id= otel_span_id= request_id= business_trace_id= tenant_id= document_id= ingestion_job_id= - grpc.request.message grpc.reflection.v1alpha.ServerReflection/ServerReflectionInfo
2026-06-04 10:33:11.731 [grpc-default-executor-0] INFO  b.i.g.i.GrpcTracingInterceptor otel_trace_id=c68e87150a26f7e9c958ce4ce5dc64af otel_span_id=853eb5a976f65067 request_id= business_trace_id= tenant_id= document_id= ingestion_job_id= - trace.start: c68e87150a26f7e9c958ce4ce5dc64af
2026-06-04 10:33:11.731 [grpc-default-executor-2] INFO  b.i.g.i.GrpcTracingInterceptor otel_trace_id=bc94c3bc84070929c299a4c227288d97 otel_span_id=fd6d9a69da8dad16 request_id= business_trace_id= tenant_id= document_id= ingestion_job_id= - trace.start: bc94c3bc84070929c299a4c227288d97
2026-06-04 10:33:11.731 [grpc-default-executor-0] INFO  b.i.g.i.GrpcLoggingInterceptor$2 otel_trace_id= otel_span_id= request_id= business_trace_id= tenant_id= document_id= ingestion_job_id= - grpc.request.message grpc.reflection.v1alpha.ServerReflection/ServerReflectionInfo
2026-06-04 10:33:11.731 [grpc-default-executor-2] INFO  b.i.g.i.GrpcLoggingInterceptor$2 otel_trace_id= otel_span_id= request_id= business_trace_id= tenant_id= document_id= ingestion_job_id= - grpc.request.message grpc.reflection.v1alpha.ServerReflection/ServerReflectionInfo
2026-06-04 10:33:11.733 [grpc-default-executor-1] INFO  b.i.g.i.GrpcLoggingInterceptor$1 otel_trace_id=44d5445abdaf9e7c471581e2f8e2aafb otel_span_id=535f62e0e963ba96 request_id= business_trace_id= tenant_id= document_id= ingestion_job_id= - grpc.response.send grpc.reflection.v1alpha.ServerReflection/ServerReflectionInfo
2026-06-04 10:33:11.733 [grpc-default-executor-0] INFO  b.i.g.i.GrpcLoggingInterceptor$1 otel_trace_id=bc94c3bc84070929c299a4c227288d97 otel_span_id=fd6d9a69da8dad16 request_id= business_trace_id= tenant_id= document_id= ingestion_job_id= - grpc.response.send grpc.reflection.v1alpha.ServerReflection/ServerReflectionInfo
2026-06-04 10:33:11.734 [grpc-default-executor-0] INFO  b.i.g.i.GrpcLoggingInterceptor$2 otel_trace_id= otel_span_id= request_id= business_trace_id= tenant_id= document_id= ingestion_job_id= - grpc.request.complete grpc.reflection.v1alpha.ServerReflection/ServerReflectionInfo
2026-06-04 10:33:11.734 [grpc-default-executor-2] INFO  b.i.g.i.GrpcLoggingInterceptor$1 otel_trace_id=c68e87150a26f7e9c958ce4ce5dc64af otel_span_id=853eb5a976f65067 request_id= business_trace_id= tenant_id= document_id= ingestion_job_id= - grpc.response.send grpc.reflection.v1alpha.ServerReflection/ServerReflectionInfo
2026-06-04 10:33:11.734 [grpc-default-executor-0] INFO  i.o.e.logging.LoggingSpanExporter otel_trace_id=bc94c3bc84070929c299a4c227288d97 otel_span_id=fd6d9a69da8dad16 request_id= business_trace_id= tenant_id= document_id= ingestion_job_id= - 'grpc.reflection.v1alpha.ServerReflection/ServerReflectionInfo' : bc94c3bc84070929c299a4c227288d97 fd6d9a69da8dad16 SERVER [tracer: sparrowx-document-service:] AttributesMap{data={rpc.method=grpc.reflection.v1alpha.ServerReflection/ServerReflectionInfo, rpc.grpc.status_code=OK, rpc.system=grpc}, capacity=128, totalAddedValues=3}
2026-06-04 10:33:11.734 [grpc-default-executor-2] INFO  b.i.g.i.GrpcLoggingInterceptor$2 otel_trace_id= otel_span_id= request_id= business_trace_id= tenant_id= document_id= ingestion_job_id= - grpc.request.complete grpc.reflection.v1alpha.ServerReflection/ServerReflectionInfo
2026-06-04 10:33:11.734 [grpc-default-executor-0] INFO  b.i.g.i.GrpcLoggingInterceptor$1 otel_trace_id=bc94c3bc84070929c299a4c227288d97 otel_span_id=fd6d9a69da8dad16 request_id= business_trace_id= tenant_id= document_id= ingestion_job_id= - grpc.call.close grpc.reflection.v1alpha.ServerReflection/ServerReflectionInfo status=Status{code=OK, description=null, cause=null}
2026-06-04 10:33:11.734 [grpc-default-executor-1] INFO  b.i.g.i.GrpcLoggingInterceptor$2 otel_trace_id= otel_span_id= request_id= business_trace_id= tenant_id= document_id= ingestion_job_id= - grpc.request.complete grpc.reflection.v1alpha.ServerReflection/ServerReflectionInfo
2026-06-04 10:33:11.734 [grpc-default-executor-2] INFO  i.o.e.logging.LoggingSpanExporter otel_trace_id=c68e87150a26f7e9c958ce4ce5dc64af otel_span_id=853eb5a976f65067 request_id= business_trace_id= tenant_id= document_id= ingestion_job_id= - 'grpc.reflection.v1alpha.ServerReflection/ServerReflectionInfo' : c68e87150a26f7e9c958ce4ce5dc64af 853eb5a976f65067 SERVER [tracer: sparrowx-document-service:] AttributesMap{data={rpc.method=grpc.reflection.v1alpha.ServerReflection/ServerReflectionInfo, rpc.grpc.status_code=OK, rpc.system=grpc}, capacity=128, totalAddedValues=3}
2026-06-04 10:33:11.734 [grpc-default-executor-1] INFO  i.o.e.logging.LoggingSpanExporter otel_trace_id=44d5445abdaf9e7c471581e2f8e2aafb otel_span_id=535f62e0e963ba96 request_id= business_trace_id= tenant_id= document_id= ingestion_job_id= - 'grpc.reflection.v1alpha.ServerReflection/ServerReflectionInfo' : 44d5445abdaf9e7c471581e2f8e2aafb 535f62e0e963ba96 SERVER [tracer: sparrowx-document-service:] AttributesMap{data={rpc.method=grpc.reflection.v1alpha.ServerReflection/ServerReflectionInfo, rpc.grpc.status_code=OK, rpc.system=grpc}, capacity=128, totalAddedValues=3}
2026-06-04 10:33:11.734 [grpc-default-executor-2] INFO  b.i.g.i.GrpcLoggingInterceptor$1 otel_trace_id=c68e87150a26f7e9c958ce4ce5dc64af otel_span_id=853eb5a976f65067 request_id= business_trace_id= tenant_id= document_id= ingestion_job_id= - grpc.call.close grpc.reflection.v1alpha.ServerReflection/ServerReflectionInfo status=Status{code=OK, description=null, cause=null}
2026-06-04 10:33:11.735 [grpc-default-executor-1] INFO  b.i.g.i.GrpcLoggingInterceptor$1 otel_trace_id=44d5445abdaf9e7c471581e2f8e2aafb otel_span_id=535f62e0e963ba96 request_id= business_trace_id= tenant_id= document_id= ingestion_job_id= - grpc.call.close grpc.reflection.v1alpha.ServerReflection/ServerReflectionInfo status=Status{code=OK, description=null, cause=null}
2026-06-04 10:33:11.735 [grpc-default-executor-1] INFO  b.i.g.i.GrpcLoggingInterceptor$2 otel_trace_id= otel_span_id= request_id= business_trace_id= tenant_id= document_id= ingestion_job_id= - grpc.call.complete grpc.reflection.v1alpha.ServerReflection/ServerReflectionInfo
2026-06-04 10:33:11.735 [grpc-default-executor-2] INFO  b.i.g.i.GrpcLoggingInterceptor$2 otel_trace_id= otel_span_id= request_id= business_trace_id= tenant_id= document_id= ingestion_job_id= - grpc.call.complete grpc.reflection.v1alpha.ServerReflection/ServerReflectionInfo
2026-06-04 10:33:11.735 [grpc-default-executor-2] INFO  b.i.g.i.GrpcLoggingInterceptor$2 otel_trace_id= otel_span_id= request_id= business_trace_id= tenant_id= document_id= ingestion_job_id= - grpc.call.complete grpc.reflection.v1alpha.ServerReflection/ServerReflectionInfo
2026-06-04 10:33:11.741 [grpc-default-executor-3] INFO  b.i.g.i.GrpcLoggingInterceptor$2 otel_trace_id= otel_span_id= request_id= business_trace_id= tenant_id= document_id= ingestion_job_id= - grpc.request.message grpc.reflection.v1alpha.ServerReflection/ServerReflectionInfo
2026-06-04 10:33:11.742 [grpc-default-executor-3] INFO  b.i.g.i.GrpcLoggingInterceptor$1 otel_trace_id=30f1310d3bbfdb3d6ae72d34ab527470 otel_span_id=2a69d0a406f22ac7 request_id= business_trace_id= tenant_id= document_id= ingestion_job_id= - grpc.response.send grpc.reflection.v1alpha.ServerReflection/ServerReflectionInfo
2026-06-04 10:33:11.743 [grpc-default-executor-3] INFO  b.i.g.i.GrpcLoggingInterceptor$2 otel_trace_id= otel_span_id= request_id= business_trace_id= tenant_id= document_id= ingestion_job_id= - grpc.request.complete grpc.reflection.v1alpha.ServerReflection/ServerReflectionInfo
2026-06-04 10:33:11.743 [grpc-default-executor-3] INFO  i.o.e.logging.LoggingSpanExporter otel_trace_id=30f1310d3bbfdb3d6ae72d34ab527470 otel_span_id=2a69d0a406f22ac7 request_id= business_trace_id= tenant_id= document_id= ingestion_job_id= - 'grpc.reflection.v1alpha.ServerReflection/ServerReflectionInfo' : 30f1310d3bbfdb3d6ae72d34ab527470 2a69d0a406f22ac7 SERVER [tracer: sparrowx-document-service:] AttributesMap{data={rpc.method=grpc.reflection.v1alpha.ServerReflection/ServerReflectionInfo, rpc.grpc.status_code=OK, rpc.system=grpc}, capacity=128, totalAddedValues=3}
2026-06-04 10:33:11.743 [grpc-default-executor-3] INFO  b.i.g.i.GrpcLoggingInterceptor$1 otel_trace_id=30f1310d3bbfdb3d6ae72d34ab527470 otel_span_id=2a69d0a406f22ac7 request_id= business_trace_id= tenant_id= document_id= ingestion_job_id= - grpc.call.close grpc.reflection.v1alpha.ServerReflection/ServerReflectionInfo status=Status{code=OK, description=null, cause=null}
2026-06-04 10:33:11.744 [grpc-default-executor-3] INFO  b.i.g.i.GrpcLoggingInterceptor$2 otel_trace_id= otel_span_id= request_id= business_trace_id= tenant_id= document_id= ingestion_job_id= - grpc.call.complete grpc.reflection.v1alpha.ServerReflection/ServerReflectionInfo
2026-06-04 10:33:23.371 [grpc-default-executor-3] INFO  b.i.g.i.GrpcLoggingInterceptor otel_trace_id= otel_span_id= request_id= business_trace_id= tenant_id= document_id= ingestion_job_id= - grpc.call.start document.DocumentService/BuildDocumentEvidence
2026-06-04 10:33:23.373 [grpc-default-executor-3] INFO  b.i.g.i.GrpcTracingInterceptor otel_trace_id=fdc426e8901d0412208dc146d092e5ff otel_span_id=4107fd34ad347df7 request_id= business_trace_id= tenant_id= document_id= ingestion_job_id= - trace.start: fdc426e8901d0412208dc146d092e5ff
2026-06-04 10:33:23.392 [grpc-default-executor-3] INFO  b.i.g.i.GrpcLoggingInterceptor$2 otel_trace_id= otel_span_id= request_id= business_trace_id= tenant_id= document_id= ingestion_job_id= - grpc.request.message document.DocumentService/BuildDocumentEvidence
2026-06-04 10:33:23.395 [grpc-default-executor-3] INFO  b.i.g.i.GrpcLoggingInterceptor$2 otel_trace_id= otel_span_id= request_id=req-build-evidence-mind-wandering-happiness-supported-001 business_trace_id=trace-build-evidence-mind-wandering-happiness-supported-001 tenant_id=tenant-001 document_id= ingestion_job_id= - grpc.request.complete document.DocumentService/BuildDocumentEvidence
2026-06-04 10:33:23.409 [grpc-default-executor-3] INFO  b.c.c.i.CommandObservabilityInterceptor otel_trace_id=fdc426e8901d0412208dc146d092e5ff otel_span_id=4107fd34ad347df7 request_id=req-build-evidence-mind-wandering-happiness-supported-001 business_trace_id=trace-build-evidence-mind-wandering-happiness-supported-001 tenant_id=tenant-001 document_id= ingestion_job_id= - command.start BuildDocumentEvidenceCommand
2026-06-04 10:33:23.410 [grpc-default-executor-3] INFO  c.s.d.o.EvidenceBuildLogger otel_trace_id=fdc426e8901d0412208dc146d092e5ff otel_span_id=4107fd34ad347df7 request_id=req-build-evidence-mind-wandering-happiness-supported-001 business_trace_id=trace-build-evidence-mind-wandering-happiness-supported-001 tenant_id=tenant-001 document_id= ingestion_job_id= - Document evidence build requested tenantId=tenant-001 userId=user-001 projectId=project-001 teamId=team-001 goal=EXTRACTION scopedDocumentCount=1 limit=8 allowClaimCache=false requireVerification=true
2026-06-04 10:34:10.311 [grpc-default-executor-3] INFO  c.s.d.o.EvidenceBuildLogger otel_trace_id=fdc426e8901d0412208dc146d092e5ff otel_span_id=4107fd34ad347df7 request_id=req-build-evidence-mind-wandering-happiness-supported-001 business_trace_id=trace-build-evidence-mind-wandering-happiness-supported-001 tenant_id=tenant-001 document_id= ingestion_job_id= - Document evidence build completed tenantId=tenant-001 userId=user-001 graphId=7bf60b97-4f26-4919-9ad9-4f8bf8cca0b6 nodeCount=4 edgeCount=0 usedChunkRetrieval=true usedClaimCache=false coverageScore=1.0
2026-06-04 10:34:10.311 [grpc-default-executor-3] INFO  b.c.c.i.CommandObservabilityInterceptor otel_trace_id=fdc426e8901d0412208dc146d092e5ff otel_span_id=4107fd34ad347df7 request_id=req-build-evidence-mind-wandering-happiness-supported-001 business_trace_id=trace-build-evidence-mind-wandering-happiness-supported-001 tenant_id=tenant-001 document_id= ingestion_job_id= - command.complete BuildDocumentEvidenceCommand in 46902 ms
2026-06-04 10:34:10.312 [grpc-default-executor-3] INFO  i.o.e.logging.LoggingSpanExporter otel_trace_id=fdc426e8901d0412208dc146d092e5ff otel_span_id=4107fd34ad347df7 request_id=req-build-evidence-mind-wandering-happiness-supported-001 business_trace_id=trace-build-evidence-mind-wandering-happiness-supported-001 tenant_id=tenant-001 document_id= ingestion_job_id= - 'command.BuildDocumentEvidenceCommand' : fdc426e8901d0412208dc146d092e5ff 5e4df6c8f888284b INTERNAL [tracer: sparrowx-document-service:] {}
2026-06-04 10:34:10.340 [grpc-default-executor-3] INFO  b.i.g.i.GrpcLoggingInterceptor$1 otel_trace_id=fdc426e8901d0412208dc146d092e5ff otel_span_id=4107fd34ad347df7 request_id=req-build-evidence-mind-wandering-happiness-supported-001 business_trace_id=trace-build-evidence-mind-wandering-happiness-supported-001 tenant_id=tenant-001 document_id= ingestion_job_id= - grpc.response.send document.DocumentService/BuildDocumentEvidence
2026-06-04 10:34:10.342 [grpc-default-executor-3] INFO  i.o.e.logging.LoggingSpanExporter otel_trace_id=fdc426e8901d0412208dc146d092e5ff otel_span_id=4107fd34ad347df7 request_id=req-build-evidence-mind-wandering-happiness-supported-001 business_trace_id=trace-build-evidence-mind-wandering-happiness-supported-001 tenant_id=tenant-001 document_id= ingestion_job_id= - 'document.DocumentService/BuildDocumentEvidence' : fdc426e8901d0412208dc146d092e5ff 4107fd34ad347df7 SERVER [tracer: sparrowx-document-service:] AttributesMap{data={rpc.method=document.DocumentService/BuildDocumentEvidence, rpc.grpc.status_code=OK, rpc.system=grpc}, capacity=128, totalAddedValues=3}
2026-06-04 10:34:10.343 [grpc-default-executor-3] INFO  b.i.g.i.GrpcLoggingInterceptor$1 otel_trace_id=fdc426e8901d0412208dc146d092e5ff otel_span_id=4107fd34ad347df7 request_id=req-build-evidence-mind-wandering-happiness-supported-001 business_trace_id=trace-build-evidence-mind-wandering-happiness-supported-001 tenant_id=tenant-001 document_id= ingestion_job_id= - grpc.call.close document.DocumentService/BuildDocumentEvidence status=Status{code=OK, description=null, cause=null}
2026-06-04 10:34:10.345 [grpc-default-executor-3] INFO  b.i.g.i.GrpcLoggingInterceptor$2 otel_trace_id= otel_span_id= request_id= business_trace_id= tenant_id= document_id= ingestion_job_id= - grpc.call.complete document.DocumentService/BuildDocumentEvidence
2026-06-04 10:47:21.894 [grpc-default-executor-4] INFO  b.i.g.i.GrpcLoggingInterceptor otel_trace_id= otel_span_id= request_id= business_trace_id= tenant_id= document_id= ingestion_job_id= - grpc.call.start document.DocumentService/BuildDocumentEvidence
2026-06-04 10:47:21.895 [grpc-default-executor-4] INFO  b.i.g.i.GrpcTracingInterceptor otel_trace_id=9fc84366af97013caf9496142a13f018 otel_span_id=6714c11295a74920 request_id= business_trace_id= tenant_id= document_id= ingestion_job_id= - trace.start: 9fc84366af97013caf9496142a13f018
2026-06-04 10:47:21.895 [grpc-default-executor-4] INFO  b.i.g.i.GrpcLoggingInterceptor$2 otel_trace_id= otel_span_id= request_id= business_trace_id= tenant_id= document_id= ingestion_job_id= - grpc.request.message document.DocumentService/BuildDocumentEvidence
2026-06-04 10:47:21.896 [grpc-default-executor-4] INFO  b.i.g.i.GrpcLoggingInterceptor$2 otel_trace_id= otel_span_id= request_id=req-build-evidence-neural-imaging-negative-control-001 business_trace_id=trace-build-evidence-neural-imaging-negative-control-001 tenant_id=tenant-001 document_id= ingestion_job_id= - grpc.request.complete document.DocumentService/BuildDocumentEvidence
2026-06-04 10:47:21.898 [grpc-default-executor-4] INFO  b.c.c.i.CommandObservabilityInterceptor otel_trace_id=9fc84366af97013caf9496142a13f018 otel_span_id=6714c11295a74920 request_id=req-build-evidence-neural-imaging-negative-control-001 business_trace_id=trace-build-evidence-neural-imaging-negative-control-001 tenant_id=tenant-001 document_id= ingestion_job_id= - command.start BuildDocumentEvidenceCommand
2026-06-04 10:47:21.899 [grpc-default-executor-4] INFO  c.s.d.o.EvidenceBuildLogger otel_trace_id=9fc84366af97013caf9496142a13f018 otel_span_id=6714c11295a74920 request_id=req-build-evidence-neural-imaging-negative-control-001 business_trace_id=trace-build-evidence-neural-imaging-negative-control-001 tenant_id=tenant-001 document_id= ingestion_job_id= - Document evidence build requested tenantId=tenant-001 userId=user-001 projectId=project-001 teamId=team-001 goal=EXTRACTION scopedDocumentCount=1 limit=8 allowClaimCache=false requireVerification=true
2026-06-04 10:48:16.683 [grpc-default-executor-4] INFO  c.s.d.o.EvidenceBuildLogger otel_trace_id=9fc84366af97013caf9496142a13f018 otel_span_id=6714c11295a74920 request_id=req-build-evidence-neural-imaging-negative-control-001 business_trace_id=trace-build-evidence-neural-imaging-negative-control-001 tenant_id=tenant-001 document_id= ingestion_job_id= - Document evidence build completed tenantId=tenant-001 userId=user-001 graphId=dd8e76e7-5ccd-4213-8435-72d3862da267 nodeCount=7 edgeCount=3 usedChunkRetrieval=true usedClaimCache=false coverageScore=0.0
2026-06-04 10:48:16.683 [grpc-default-executor-4] INFO  b.c.c.i.CommandObservabilityInterceptor otel_trace_id=9fc84366af97013caf9496142a13f018 otel_span_id=6714c11295a74920 request_id=req-build-evidence-neural-imaging-negative-control-001 business_trace_id=trace-build-evidence-neural-imaging-negative-control-001 tenant_id=tenant-001 document_id= ingestion_job_id= - command.complete BuildDocumentEvidenceCommand in 54786 ms
2026-06-04 10:48:16.683 [grpc-default-executor-4] INFO  i.o.e.logging.LoggingSpanExporter otel_trace_id=9fc84366af97013caf9496142a13f018 otel_span_id=6714c11295a74920 request_id=req-build-evidence-neural-imaging-negative-control-001 business_trace_id=trace-build-evidence-neural-imaging-negative-control-001 tenant_id=tenant-001 document_id= ingestion_job_id= - 'command.BuildDocumentEvidenceCommand' : 9fc84366af97013caf9496142a13f018 ad2e2efe06221bba INTERNAL [tracer: sparrowx-document-service:] {}
2026-06-04 10:48:16.689 [grpc-default-executor-4] INFO  b.i.g.i.GrpcLoggingInterceptor$1 otel_trace_id=9fc84366af97013caf9496142a13f018 otel_span_id=6714c11295a74920 request_id=req-build-evidence-neural-imaging-negative-control-001 business_trace_id=trace-build-evidence-neural-imaging-negative-control-001 tenant_id=tenant-001 document_id= ingestion_job_id= - grpc.response.send document.DocumentService/BuildDocumentEvidence
2026-06-04 10:48:16.690 [grpc-default-executor-4] INFO  i.o.e.logging.LoggingSpanExporter otel_trace_id=9fc84366af97013caf9496142a13f018 otel_span_id=6714c11295a74920 request_id=req-build-evidence-neural-imaging-negative-control-001 business_trace_id=trace-build-evidence-neural-imaging-negative-control-001 tenant_id=tenant-001 document_id= ingestion_job_id= - 'document.DocumentService/BuildDocumentEvidence' : 9fc84366af97013caf9496142a13f018 6714c11295a74920 SERVER [tracer: sparrowx-document-service:] AttributesMap{data={rpc.method=document.DocumentService/BuildDocumentEvidence, rpc.grpc.status_code=OK, rpc.system=grpc}, capacity=128, totalAddedValues=3}
2026-06-04 10:48:16.692 [grpc-default-executor-4] INFO  b.i.g.i.GrpcLoggingInterceptor$1 otel_trace_id=9fc84366af97013caf9496142a13f018 otel_span_id=6714c11295a74920 request_id=req-build-evidence-neural-imaging-negative-control-001 business_trace_id=trace-build-evidence-neural-imaging-negative-control-001 tenant_id=tenant-001 document_id= ingestion_job_id= - grpc.call.close document.DocumentService/BuildDocumentEvidence status=Status{code=OK, description=null, cause=null}
2026-06-04 10:48:16.693 [grpc-default-executor-4] INFO  b.i.g.i.GrpcLoggingInterceptor$2 otel_trace_id= otel_span_id= request_id= business_trace_id= tenant_id= document_id= ingestion_job_id= - grpc.call.complete document.DocumentService/BuildDocumentEvidence
2026-06-04 10:50:23.298 [grpc-default-executor-5] INFO  b.i.g.i.GrpcLoggingInterceptor otel_trace_id= otel_span_id= request_id= business_trace_id= tenant_id= document_id= ingestion_job_id= - grpc.call.start document.DocumentService/BuildDocumentEvidence
2026-06-04 10:50:23.299 [grpc-default-executor-5] INFO  b.i.g.i.GrpcTracingInterceptor otel_trace_id=de167e8961519913d99f2974dd85da2a otel_span_id=5705651e2d220366 request_id= business_trace_id= tenant_id= document_id= ingestion_job_id= - trace.start: de167e8961519913d99f2974dd85da2a
2026-06-04 10:50:23.299 [grpc-default-executor-5] INFO  b.i.g.i.GrpcLoggingInterceptor$2 otel_trace_id= otel_span_id= request_id= business_trace_id= tenant_id= document_id= ingestion_job_id= - grpc.request.message document.DocumentService/BuildDocumentEvidence
2026-06-04 10:50:23.300 [grpc-default-executor-5] INFO  b.i.g.i.GrpcLoggingInterceptor$2 otel_trace_id= otel_span_id= request_id=req-build-evidence-relation-heavy-time-lag-001 business_trace_id=trace-build-evidence-relation-heavy-time-lag-001 tenant_id=tenant-001 document_id= ingestion_job_id= - grpc.request.complete document.DocumentService/BuildDocumentEvidence
2026-06-04 10:50:23.301 [grpc-default-executor-5] INFO  b.c.c.i.CommandObservabilityInterceptor otel_trace_id=de167e8961519913d99f2974dd85da2a otel_span_id=5705651e2d220366 request_id=req-build-evidence-relation-heavy-time-lag-001 business_trace_id=trace-build-evidence-relation-heavy-time-lag-001 tenant_id=tenant-001 document_id= ingestion_job_id= - command.start BuildDocumentEvidenceCommand
2026-06-04 10:50:23.302 [grpc-default-executor-5] INFO  c.s.d.o.EvidenceBuildLogger otel_trace_id=de167e8961519913d99f2974dd85da2a otel_span_id=5705651e2d220366 request_id=req-build-evidence-relation-heavy-time-lag-001 business_trace_id=trace-build-evidence-relation-heavy-time-lag-001 tenant_id=tenant-001 document_id= ingestion_job_id= - Document evidence build requested tenantId=tenant-001 userId=user-001 projectId=project-001 teamId=team-001 goal=EXTRACTION scopedDocumentCount=1 limit=8 allowClaimCache=false requireVerification=true
2026-06-04 10:50:56.660 [grpc-default-executor-5] INFO  c.s.d.o.EvidenceBuildLogger otel_trace_id=de167e8961519913d99f2974dd85da2a otel_span_id=5705651e2d220366 request_id=req-build-evidence-relation-heavy-time-lag-001 business_trace_id=trace-build-evidence-relation-heavy-time-lag-001 tenant_id=tenant-001 document_id= ingestion_job_id= - Document evidence build completed tenantId=tenant-001 userId=user-001 graphId=cee4f6df-7768-4809-91c3-34d6341af20f nodeCount=8 edgeCount=4 usedChunkRetrieval=true usedClaimCache=false coverageScore=1.0
2026-06-04 10:50:56.660 [grpc-default-executor-5] INFO  b.c.c.i.CommandObservabilityInterceptor otel_trace_id=de167e8961519913d99f2974dd85da2a otel_span_id=5705651e2d220366 request_id=req-build-evidence-relation-heavy-time-lag-001 business_trace_id=trace-build-evidence-relation-heavy-time-lag-001 tenant_id=tenant-001 document_id= ingestion_job_id= - command.complete BuildDocumentEvidenceCommand in 33359 ms
2026-06-04 10:50:56.660 [grpc-default-executor-5] INFO  i.o.e.logging.LoggingSpanExporter otel_trace_id=de167e8961519913d99f2974dd85da2a otel_span_id=5705651e2d220366 request_id=req-build-evidence-relation-heavy-time-lag-001 business_trace_id=trace-build-evidence-relation-heavy-time-lag-001 tenant_id=tenant-001 document_id= ingestion_job_id= - 'command.BuildDocumentEvidenceCommand' : de167e8961519913d99f2974dd85da2a af26099f57797480 INTERNAL [tracer: sparrowx-document-service:] {}
2026-06-04 10:50:56.664 [grpc-default-executor-5] INFO  b.i.g.i.GrpcLoggingInterceptor$1 otel_trace_id=de167e8961519913d99f2974dd85da2a otel_span_id=5705651e2d220366 request_id=req-build-evidence-relation-heavy-time-lag-001 business_trace_id=trace-build-evidence-relation-heavy-time-lag-001 tenant_id=tenant-001 document_id= ingestion_job_id= - grpc.response.send document.DocumentService/BuildDocumentEvidence
2026-06-04 10:50:56.666 [grpc-default-executor-5] INFO  i.o.e.logging.LoggingSpanExporter otel_trace_id=de167e8961519913d99f2974dd85da2a otel_span_id=5705651e2d220366 request_id=req-build-evidence-relation-heavy-time-lag-001 business_trace_id=trace-build-evidence-relation-heavy-time-lag-001 tenant_id=tenant-001 document_id= ingestion_job_id= - 'document.DocumentService/BuildDocumentEvidence' : de167e8961519913d99f2974dd85da2a 5705651e2d220366 SERVER [tracer: sparrowx-document-service:] AttributesMap{data={rpc.method=document.DocumentService/BuildDocumentEvidence, rpc.grpc.status_code=OK, rpc.system=grpc}, capacity=128, totalAddedValues=3}
2026-06-04 10:50:56.666 [grpc-default-executor-5] INFO  b.i.g.i.GrpcLoggingInterceptor$1 otel_trace_id=de167e8961519913d99f2974dd85da2a otel_span_id=5705651e2d220366 request_id=req-build-evidence-relation-heavy-time-lag-001 business_trace_id=trace-build-evidence-relation-heavy-time-lag-001 tenant_id=tenant-001 document_id= ingestion_job_id= - grpc.call.close document.DocumentService/BuildDocumentEvidence status=Status{code=OK, description=null, cause=null}
2026-06-04 10:50:56.667 [grpc-default-executor-5] INFO  b.i.g.i.GrpcLoggingInterceptor$2 otel_trace_id= otel_span_id= request_id= business_trace_id= tenant_id= document_id= ingestion_job_id= - grpc.call.complete document.DocumentService/BuildDocumentEvidence
2026-06-04 10:53:06.335 [grpc-default-executor-6] INFO  b.i.g.i.GrpcLoggingInterceptor otel_trace_id= otel_span_id= request_id= business_trace_id= tenant_id= document_id= ingestion_job_id= - grpc.call.start document.DocumentService/BuildDocumentEvidence
2026-06-04 10:53:06.335 [grpc-default-executor-6] INFO  b.i.g.i.GrpcTracingInterceptor otel_trace_id=689cb811cd6db6b9a938fac819ab05fb otel_span_id=01b0542093a8d246 request_id= business_trace_id= tenant_id= document_id= ingestion_job_id= - trace.start: 689cb811cd6db6b9a938fac819ab05fb
2026-06-04 10:53:06.339 [grpc-default-executor-6] INFO  b.i.g.i.GrpcLoggingInterceptor$2 otel_trace_id= otel_span_id= request_id= business_trace_id= tenant_id= document_id= ingestion_job_id= - grpc.request.message document.DocumentService/BuildDocumentEvidence
2026-06-04 10:53:06.339 [grpc-default-executor-6] INFO  b.i.g.i.GrpcLoggingInterceptor$2 otel_trace_id= otel_span_id= request_id=req-build-evidence-comparison-activity-vs-mindwandering-001 business_trace_id=trace-build-evidence-comparison-activity-vs-mindwandering-001 tenant_id=tenant-001 document_id= ingestion_job_id= - grpc.request.complete document.DocumentService/BuildDocumentEvidence
2026-06-04 10:53:06.341 [grpc-default-executor-6] INFO  b.c.c.i.CommandObservabilityInterceptor otel_trace_id=689cb811cd6db6b9a938fac819ab05fb otel_span_id=01b0542093a8d246 request_id=req-build-evidence-comparison-activity-vs-mindwandering-001 business_trace_id=trace-build-evidence-comparison-activity-vs-mindwandering-001 tenant_id=tenant-001 document_id= ingestion_job_id= - command.start BuildDocumentEvidenceCommand
2026-06-04 10:53:06.342 [grpc-default-executor-6] INFO  c.s.d.o.EvidenceBuildLogger otel_trace_id=689cb811cd6db6b9a938fac819ab05fb otel_span_id=01b0542093a8d246 request_id=req-build-evidence-comparison-activity-vs-mindwandering-001 business_trace_id=trace-build-evidence-comparison-activity-vs-mindwandering-001 tenant_id=tenant-001 document_id= ingestion_job_id= - Document evidence build requested tenantId=tenant-001 userId=user-001 projectId=project-001 teamId=team-001 goal=COMPARISON scopedDocumentCount=1 limit=8 allowClaimCache=false requireVerification=true
2026-06-04 10:53:40.792 [grpc-default-executor-6] INFO  c.s.d.o.EvidenceBuildLogger otel_trace_id=689cb811cd6db6b9a938fac819ab05fb otel_span_id=01b0542093a8d246 request_id=req-build-evidence-comparison-activity-vs-mindwandering-001 business_trace_id=trace-build-evidence-comparison-activity-vs-mindwandering-001 tenant_id=tenant-001 document_id= ingestion_job_id= - Document evidence build completed tenantId=tenant-001 userId=user-001 graphId=a582a32a-5c57-4b80-a09a-2c12dbeee935 nodeCount=8 edgeCount=4 usedChunkRetrieval=true usedClaimCache=false coverageScore=1.0
2026-06-04 10:53:40.795 [grpc-default-executor-6] INFO  b.c.c.i.CommandObservabilityInterceptor otel_trace_id=689cb811cd6db6b9a938fac819ab05fb otel_span_id=01b0542093a8d246 request_id=req-build-evidence-comparison-activity-vs-mindwandering-001 business_trace_id=trace-build-evidence-comparison-activity-vs-mindwandering-001 tenant_id=tenant-001 document_id= ingestion_job_id= - command.complete BuildDocumentEvidenceCommand in 34454 ms
2026-06-04 10:53:40.795 [grpc-default-executor-6] INFO  i.o.e.logging.LoggingSpanExporter otel_trace_id=689cb811cd6db6b9a938fac819ab05fb otel_span_id=01b0542093a8d246 request_id=req-build-evidence-comparison-activity-vs-mindwandering-001 business_trace_id=trace-build-evidence-comparison-activity-vs-mindwandering-001 tenant_id=tenant-001 document_id= ingestion_job_id= - 'command.BuildDocumentEvidenceCommand' : 689cb811cd6db6b9a938fac819ab05fb 8219eb4be3e96f43 INTERNAL [tracer: sparrowx-document-service:] {}
2026-06-04 10:53:40.798 [grpc-default-executor-6] INFO  b.i.g.i.GrpcLoggingInterceptor$1 otel_trace_id=689cb811cd6db6b9a938fac819ab05fb otel_span_id=01b0542093a8d246 request_id=req-build-evidence-comparison-activity-vs-mindwandering-001 business_trace_id=trace-build-evidence-comparison-activity-vs-mindwandering-001 tenant_id=tenant-001 document_id= ingestion_job_id= - grpc.response.send document.DocumentService/BuildDocumentEvidence
2026-06-04 10:53:40.800 [grpc-default-executor-6] INFO  i.o.e.logging.LoggingSpanExporter otel_trace_id=689cb811cd6db6b9a938fac819ab05fb otel_span_id=01b0542093a8d246 request_id=req-build-evidence-comparison-activity-vs-mindwandering-001 business_trace_id=trace-build-evidence-comparison-activity-vs-mindwandering-001 tenant_id=tenant-001 document_id= ingestion_job_id= - 'document.DocumentService/BuildDocumentEvidence' : 689cb811cd6db6b9a938fac819ab05fb 01b0542093a8d246 SERVER [tracer: sparrowx-document-service:] AttributesMap{data={rpc.method=document.DocumentService/BuildDocumentEvidence, rpc.grpc.status_code=OK, rpc.system=grpc}, capacity=128, totalAddedValues=3}
2026-06-04 10:53:40.800 [grpc-default-executor-6] INFO  b.i.g.i.GrpcLoggingInterceptor$1 otel_trace_id=689cb811cd6db6b9a938fac819ab05fb otel_span_id=01b0542093a8d246 request_id=req-build-evidence-comparison-activity-vs-mindwandering-001 business_trace_id=trace-build-evidence-comparison-activity-vs-mindwandering-001 tenant_id=tenant-001 document_id= ingestion_job_id= - grpc.call.close document.DocumentService/BuildDocumentEvidence status=Status{code=OK, description=null, cause=null}
2026-06-04 10:53:40.801 [grpc-default-executor-6] INFO  b.i.g.i.GrpcLoggingInterceptor$2 otel_trace_id= otel_span_id= request_id= business_trace_id= tenant_id= document_id= ingestion_job_id= - grpc.call.complete document.DocumentService/BuildDocumentEvidence
2026-06-04 11:26:49.577 [grpc-default-executor-7] INFO  b.i.g.i.GrpcLoggingInterceptor otel_trace_id= otel_span_id= request_id= business_trace_id= tenant_id= document_id= ingestion_job_id= - grpc.call.start document.DocumentService/BuildDocumentEvidence
2026-06-04 11:26:49.578 [grpc-default-executor-7] INFO  b.i.g.i.GrpcTracingInterceptor otel_trace_id=74a27a8ded1f0d6f555d1fd16d73a744 otel_span_id=1597a71097aaee7f request_id= business_trace_id= tenant_id= document_id= ingestion_job_id= - trace.start: 74a27a8ded1f0d6f555d1fd16d73a744
2026-06-04 11:26:49.578 [grpc-default-executor-7] INFO  b.i.g.i.GrpcLoggingInterceptor$2 otel_trace_id= otel_span_id= request_id= business_trace_id= tenant_id= document_id= ingestion_job_id= - grpc.request.message document.DocumentService/BuildDocumentEvidence
2026-06-04 11:26:49.578 [grpc-default-executor-7] INFO  b.i.g.i.GrpcLoggingInterceptor$2 otel_trace_id= otel_span_id= request_id=req-build-evidence-citation-integrity-001 business_trace_id=trace-build-evidence-citation-integrity-001 tenant_id=tenant-001 document_id= ingestion_job_id= - grpc.request.complete document.DocumentService/BuildDocumentEvidence
2026-06-04 11:26:49.579 [grpc-default-executor-7] INFO  b.c.c.i.CommandObservabilityInterceptor otel_trace_id=74a27a8ded1f0d6f555d1fd16d73a744 otel_span_id=1597a71097aaee7f request_id=req-build-evidence-citation-integrity-001 business_trace_id=trace-build-evidence-citation-integrity-001 tenant_id=tenant-001 document_id= ingestion_job_id= - command.start BuildDocumentEvidenceCommand
2026-06-04 11:26:49.581 [grpc-default-executor-7] INFO  c.s.d.o.EvidenceBuildLogger otel_trace_id=74a27a8ded1f0d6f555d1fd16d73a744 otel_span_id=1597a71097aaee7f request_id=req-build-evidence-citation-integrity-001 business_trace_id=trace-build-evidence-citation-integrity-001 tenant_id=tenant-001 document_id= ingestion_job_id= - Document evidence build requested tenantId=tenant-001 userId=user-001 projectId=project-001 teamId=team-001 goal=EXTRACTION scopedDocumentCount=1 limit=8 allowClaimCache=false requireVerification=true
2026-06-04 11:33:52.056 [grpc-default-executor-8] INFO  b.i.g.i.GrpcLoggingInterceptor otel_trace_id= otel_span_id= request_id= business_trace_id= tenant_id= document_id= ingestion_job_id= - grpc.call.start document.DocumentService/BuildDocumentEvidence
2026-06-04 11:33:52.056 [grpc-default-executor-8] INFO  b.i.g.i.GrpcTracingInterceptor otel_trace_id=666f786f24c936ab72906636db8ddd7e otel_span_id=8c761b4c01ad234d request_id= business_trace_id= tenant_id= document_id= ingestion_job_id= - trace.start: 666f786f24c936ab72906636db8ddd7e
2026-06-04 11:33:52.056 [grpc-default-executor-8] INFO  b.i.g.i.GrpcLoggingInterceptor$2 otel_trace_id= otel_span_id= request_id= business_trace_id= tenant_id= document_id= ingestion_job_id= - grpc.request.message document.DocumentService/BuildDocumentEvidence
2026-06-04 11:33:52.058 [grpc-default-executor-8] INFO  b.i.g.i.GrpcLoggingInterceptor$2 otel_trace_id= otel_span_id= request_id=req-build-evidence-citation-integrity-light-001 business_trace_id=trace-build-evidence-citation-integrity-light-001 tenant_id=tenant-001 document_id= ingestion_job_id= - grpc.request.complete document.DocumentService/BuildDocumentEvidence
2026-06-04 11:33:52.060 [grpc-default-executor-8] INFO  b.c.c.i.CommandObservabilityInterceptor otel_trace_id=666f786f24c936ab72906636db8ddd7e otel_span_id=8c761b4c01ad234d request_id=req-build-evidence-citation-integrity-light-001 business_trace_id=trace-build-evidence-citation-integrity-light-001 tenant_id=tenant-001 document_id= ingestion_job_id= - command.start BuildDocumentEvidenceCommand
2026-06-04 11:33:52.060 [grpc-default-executor-8] INFO  c.s.d.o.EvidenceBuildLogger otel_trace_id=666f786f24c936ab72906636db8ddd7e otel_span_id=8c761b4c01ad234d request_id=req-build-evidence-citation-integrity-light-001 business_trace_id=trace-build-evidence-citation-integrity-light-001 tenant_id=tenant-001 document_id= ingestion_job_id= - Document evidence build requested tenantId=tenant-001 userId=user-001 projectId=project-001 teamId=team-001 goal=EXTRACTION scopedDocumentCount=1 limit=4 allowClaimCache=false requireVerification=true
2026-06-04 11:34:12.219 [grpc-default-executor-8] INFO  c.s.d.o.EvidenceBuildLogger otel_trace_id=666f786f24c936ab72906636db8ddd7e otel_span_id=8c761b4c01ad234d request_id=req-build-evidence-citation-integrity-light-001 business_trace_id=trace-build-evidence-citation-integrity-light-001 tenant_id=tenant-001 document_id= ingestion_job_id= - Document evidence build completed tenantId=tenant-001 userId=user-001 graphId=8a50582f-a54c-45bd-ad3e-5d4e5674385a nodeCount=4 edgeCount=2 usedChunkRetrieval=true usedClaimCache=false coverageScore=1.0
2026-06-04 11:34:12.219 [grpc-default-executor-8] INFO  b.c.c.i.CommandObservabilityInterceptor otel_trace_id=666f786f24c936ab72906636db8ddd7e otel_span_id=8c761b4c01ad234d request_id=req-build-evidence-citation-integrity-light-001 business_trace_id=trace-build-evidence-citation-integrity-light-001 tenant_id=tenant-001 document_id= ingestion_job_id= - command.complete BuildDocumentEvidenceCommand in 20160 ms
2026-06-04 11:34:12.219 [grpc-default-executor-8] INFO  i.o.e.logging.LoggingSpanExporter otel_trace_id=666f786f24c936ab72906636db8ddd7e otel_span_id=8c761b4c01ad234d request_id=req-build-evidence-citation-integrity-light-001 business_trace_id=trace-build-evidence-citation-integrity-light-001 tenant_id=tenant-001 document_id= ingestion_job_id= - 'command.BuildDocumentEvidenceCommand' : 666f786f24c936ab72906636db8ddd7e b182645e4f16ddf1 INTERNAL [tracer: sparrowx-document-service:] {}
2026-06-04 11:34:12.223 [grpc-default-executor-8] INFO  b.i.g.i.GrpcLoggingInterceptor$1 otel_trace_id=666f786f24c936ab72906636db8ddd7e otel_span_id=8c761b4c01ad234d request_id=req-build-evidence-citation-integrity-light-001 business_trace_id=trace-build-evidence-citation-integrity-light-001 tenant_id=tenant-001 document_id= ingestion_job_id= - grpc.response.send document.DocumentService/BuildDocumentEvidence
2026-06-04 11:34:12.224 [grpc-default-executor-8] INFO  i.o.e.logging.LoggingSpanExporter otel_trace_id=666f786f24c936ab72906636db8ddd7e otel_span_id=8c761b4c01ad234d request_id=req-build-evidence-citation-integrity-light-001 business_trace_id=trace-build-evidence-citation-integrity-light-001 tenant_id=tenant-001 document_id= ingestion_job_id= - 'document.DocumentService/BuildDocumentEvidence' : 666f786f24c936ab72906636db8ddd7e 8c761b4c01ad234d SERVER [tracer: sparrowx-document-service:] AttributesMap{data={rpc.method=document.DocumentService/BuildDocumentEvidence, rpc.grpc.status_code=OK, rpc.system=grpc}, capacity=128, totalAddedValues=3}
2026-06-04 11:34:12.224 [grpc-default-executor-8] INFO  b.i.g.i.GrpcLoggingInterceptor$1 otel_trace_id=666f786f24c936ab72906636db8ddd7e otel_span_id=8c761b4c01ad234d request_id=req-build-evidence-citation-integrity-light-001 business_trace_id=trace-build-evidence-citation-integrity-light-001 tenant_id=tenant-001 document_id= ingestion_job_id= - grpc.call.close document.DocumentService/BuildDocumentEvidence status=Status{code=OK, description=null, cause=null}
2026-06-04 11:34:12.225 [grpc-default-executor-8] INFO  b.i.g.i.GrpcLoggingInterceptor$2 otel_trace_id= otel_span_id= request_id= business_trace_id= tenant_id= document_id= ingestion_job_id= - grpc.call.complete document.DocumentService/BuildDocumentEvidence
2026-06-04 11:34:14.393 [grpc-default-executor-7] INFO  c.s.d.o.EvidenceBuildLogger otel_trace_id=74a27a8ded1f0d6f555d1fd16d73a744 otel_span_id=1597a71097aaee7f request_id=req-build-evidence-citation-integrity-001 business_trace_id=trace-build-evidence-citation-integrity-001 tenant_id=tenant-001 document_id= ingestion_job_id= - Document evidence build completed tenantId=tenant-001 userId=user-001 graphId=fd6a4146-534e-48cf-8e9a-58951e8e2f5d nodeCount=3 edgeCount=2 usedChunkRetrieval=true usedClaimCache=false coverageScore=1.0
2026-06-04 11:34:14.393 [grpc-default-executor-7] INFO  b.c.c.i.CommandObservabilityInterceptor otel_trace_id=74a27a8ded1f0d6f555d1fd16d73a744 otel_span_id=1597a71097aaee7f request_id=req-build-evidence-citation-integrity-001 business_trace_id=trace-build-evidence-citation-integrity-001 tenant_id=tenant-001 document_id= ingestion_job_id= - command.complete BuildDocumentEvidenceCommand in 444814 ms
2026-06-04 11:34:14.395 [grpc-default-executor-7] INFO  i.o.e.logging.LoggingSpanExporter otel_trace_id=74a27a8ded1f0d6f555d1fd16d73a744 otel_span_id=1597a71097aaee7f request_id=req-build-evidence-citation-integrity-001 business_trace_id=trace-build-evidence-citation-integrity-001 tenant_id=tenant-001 document_id= ingestion_job_id= - 'command.BuildDocumentEvidenceCommand' : 74a27a8ded1f0d6f555d1fd16d73a744 4ca9b30eeb2bc9ef INTERNAL [tracer: sparrowx-document-service:] {}
2026-06-04 11:34:14.397 [grpc-default-executor-7] INFO  b.i.g.i.GrpcLoggingInterceptor$1 otel_trace_id=74a27a8ded1f0d6f555d1fd16d73a744 otel_span_id=1597a71097aaee7f request_id=req-build-evidence-citation-integrity-001 business_trace_id=trace-build-evidence-citation-integrity-001 tenant_id=tenant-001 document_id= ingestion_job_id= - grpc.response.send document.DocumentService/BuildDocumentEvidence
2026-06-04 11:34:14.400 [grpc-default-executor-7] INFO  i.o.e.logging.LoggingSpanExporter otel_trace_id=74a27a8ded1f0d6f555d1fd16d73a744 otel_span_id=1597a71097aaee7f request_id=req-build-evidence-citation-integrity-001 business_trace_id=trace-build-evidence-citation-integrity-001 tenant_id=tenant-001 document_id= ingestion_job_id= - 'document.DocumentService/BuildDocumentEvidence' : 74a27a8ded1f0d6f555d1fd16d73a744 1597a71097aaee7f SERVER [tracer: sparrowx-document-service:] AttributesMap{data={rpc.method=document.DocumentService/BuildDocumentEvidence, rpc.grpc.status_code=OK, rpc.system=grpc}, capacity=128, totalAddedValues=3}
2026-06-04 11:34:14.400 [grpc-default-executor-7] INFO  b.i.g.i.GrpcLoggingInterceptor$1 otel_trace_id=74a27a8ded1f0d6f555d1fd16d73a744 otel_span_id=1597a71097aaee7f request_id=req-build-evidence-citation-integrity-001 business_trace_id=trace-build-evidence-citation-integrity-001 tenant_id=tenant-001 document_id= ingestion_job_id= - grpc.call.close document.DocumentService/BuildDocumentEvidence status=Status{code=OK, description=null, cause=null}
2026-06-04 11:34:14.400 [grpc-default-executor-7] WARN  b.i.g.i.GrpcLoggingInterceptor$2 otel_trace_id= otel_span_id= request_id= business_trace_id= tenant_id= document_id= ingestion_job_id= - grpc.call.cancel document.DocumentService/BuildDocumentEvidence
2026-06-04 11:35:50.264 [grpc-default-executor-9] INFO  b.i.g.i.GrpcLoggingInterceptor otel_trace_id= otel_span_id= request_id= business_trace_id= tenant_id= document_id= ingestion_job_id= - grpc.call.start document.DocumentService/BuildDocumentEvidence
2026-06-04 11:35:50.264 [grpc-default-executor-9] INFO  b.i.g.i.GrpcTracingInterceptor otel_trace_id=3a69bd8900346623c550cf5550a5c2a8 otel_span_id=5008c2a182767277 request_id= business_trace_id= tenant_id= document_id= ingestion_job_id= - trace.start: 3a69bd8900346623c550cf5550a5c2a8
2026-06-04 11:35:50.264 [grpc-default-executor-9] INFO  b.i.g.i.GrpcLoggingInterceptor$2 otel_trace_id= otel_span_id= request_id= business_trace_id= tenant_id= document_id= ingestion_job_id= - grpc.request.message document.DocumentService/BuildDocumentEvidence
2026-06-04 11:35:50.264 [grpc-default-executor-9] INFO  b.i.g.i.GrpcLoggingInterceptor$2 otel_trace_id= otel_span_id= request_id=req-build-evidence-contradiction-activity-more-than-mindwandering-001 business_trace_id=trace-build-evidence-contradiction-activity-more-than-mindwandering-001 tenant_id=tenant-001 document_id= ingestion_job_id= - grpc.request.complete document.DocumentService/BuildDocumentEvidence
2026-06-04 11:35:50.267 [grpc-default-executor-9] INFO  b.c.c.i.CommandObservabilityInterceptor otel_trace_id=3a69bd8900346623c550cf5550a5c2a8 otel_span_id=5008c2a182767277 request_id=req-build-evidence-contradiction-activity-more-than-mindwandering-001 business_trace_id=trace-build-evidence-contradiction-activity-more-than-mindwandering-001 tenant_id=tenant-001 document_id= ingestion_job_id= - command.start BuildDocumentEvidenceCommand
2026-06-04 11:35:50.267 [grpc-default-executor-9] INFO  c.s.d.o.EvidenceBuildLogger otel_trace_id=3a69bd8900346623c550cf5550a5c2a8 otel_span_id=5008c2a182767277 request_id=req-build-evidence-contradiction-activity-more-than-mindwandering-001 business_trace_id=trace-build-evidence-contradiction-activity-more-than-mindwandering-001 tenant_id=tenant-001 document_id= ingestion_job_id= - Document evidence build requested tenantId=tenant-001 userId=user-001 projectId=project-001 teamId=team-001 goal=CONTRADICTION_DETECTION scopedDocumentCount=1 limit=6 allowClaimCache=false requireVerification=true
2026-06-04 11:36:10.333 [grpc-default-executor-9] INFO  c.s.d.o.EvidenceBuildLogger otel_trace_id=3a69bd8900346623c550cf5550a5c2a8 otel_span_id=5008c2a182767277 request_id=req-build-evidence-contradiction-activity-more-than-mindwandering-001 business_trace_id=trace-build-evidence-contradiction-activity-more-than-mindwandering-001 tenant_id=tenant-001 document_id= ingestion_job_id= - Document evidence build completed tenantId=tenant-001 userId=user-001 graphId=385d41d2-c32f-4ee3-8768-3706bae763b7 nodeCount=3 edgeCount=1 usedChunkRetrieval=true usedClaimCache=false coverageScore=1.0
2026-06-04 11:36:10.333 [grpc-default-executor-9] INFO  b.c.c.i.CommandObservabilityInterceptor otel_trace_id=3a69bd8900346623c550cf5550a5c2a8 otel_span_id=5008c2a182767277 request_id=req-build-evidence-contradiction-activity-more-than-mindwandering-001 business_trace_id=trace-build-evidence-contradiction-activity-more-than-mindwandering-001 tenant_id=tenant-001 document_id= ingestion_job_id= - command.complete BuildDocumentEvidenceCommand in 20066 ms
2026-06-04 11:36:10.333 [grpc-default-executor-9] INFO  i.o.e.logging.LoggingSpanExporter otel_trace_id=3a69bd8900346623c550cf5550a5c2a8 otel_span_id=5008c2a182767277 request_id=req-build-evidence-contradiction-activity-more-than-mindwandering-001 business_trace_id=trace-build-evidence-contradiction-activity-more-than-mindwandering-001 tenant_id=tenant-001 document_id= ingestion_job_id= - 'command.BuildDocumentEvidenceCommand' : 3a69bd8900346623c550cf5550a5c2a8 2c0826b1500b6e50 INTERNAL [tracer: sparrowx-document-service:] {}
2026-06-04 11:36:10.337 [grpc-default-executor-9] INFO  b.i.g.i.GrpcLoggingInterceptor$1 otel_trace_id=3a69bd8900346623c550cf5550a5c2a8 otel_span_id=5008c2a182767277 request_id=req-build-evidence-contradiction-activity-more-than-mindwandering-001 business_trace_id=trace-build-evidence-contradiction-activity-more-than-mindwandering-001 tenant_id=tenant-001 document_id= ingestion_job_id= - grpc.response.send document.DocumentService/BuildDocumentEvidence
2026-06-04 11:36:10.339 [grpc-default-executor-9] INFO  i.o.e.logging.LoggingSpanExporter otel_trace_id=3a69bd8900346623c550cf5550a5c2a8 otel_span_id=5008c2a182767277 request_id=req-build-evidence-contradiction-activity-more-than-mindwandering-001 business_trace_id=trace-build-evidence-contradiction-activity-more-than-mindwandering-001 tenant_id=tenant-001 document_id= ingestion_job_id= - 'document.DocumentService/BuildDocumentEvidence' : 3a69bd8900346623c550cf5550a5c2a8 5008c2a182767277 SERVER [tracer: sparrowx-document-service:] AttributesMap{data={rpc.method=document.DocumentService/BuildDocumentEvidence, rpc.grpc.status_code=OK, rpc.system=grpc}, capacity=128, totalAddedValues=3}
2026-06-04 11:36:10.339 [grpc-default-executor-9] INFO  b.i.g.i.GrpcLoggingInterceptor$1 otel_trace_id=3a69bd8900346623c550cf5550a5c2a8 otel_span_id=5008c2a182767277 request_id=req-build-evidence-contradiction-activity-more-than-mindwandering-001 business_trace_id=trace-build-evidence-contradiction-activity-more-than-mindwandering-001 tenant_id=tenant-001 document_id= ingestion_job_id= - grpc.call.close document.DocumentService/BuildDocumentEvidence status=Status{code=OK, description=null, cause=null}
2026-06-04 11:36:10.340 [grpc-default-executor-9] INFO  b.i.g.i.GrpcLoggingInterceptor$2 otel_trace_id= otel_span_id= request_id= business_trace_id= tenant_id= document_id= ingestion_job_id= - grpc.call.complete document.DocumentService/BuildDocumentEvidence
2026-06-04 11:37:41.199 [grpc-default-executor-10] INFO  b.i.g.i.GrpcLoggingInterceptor otel_trace_id= otel_span_id= request_id= business_trace_id= tenant_id= document_id= ingestion_job_id= - grpc.call.start grpc.reflection.v1alpha.ServerReflection/ServerReflectionInfo
2026-06-04 11:37:41.200 [grpc-default-executor-10] INFO  b.i.g.i.GrpcTracingInterceptor otel_trace_id=46676dbd7b183acf2303ba665c82218c otel_span_id=d1d9b41c91af1802 request_id= business_trace_id= tenant_id= document_id= ingestion_job_id= - trace.start: 46676dbd7b183acf2303ba665c82218c
2026-06-04 11:37:41.201 [grpc-default-executor-10] INFO  b.i.g.i.GrpcLoggingInterceptor$2 otel_trace_id= otel_span_id= request_id= business_trace_id= tenant_id= document_id= ingestion_job_id= - grpc.request.message grpc.reflection.v1alpha.ServerReflection/ServerReflectionInfo
2026-06-04 11:37:41.201 [grpc-default-executor-10] INFO  b.i.g.i.GrpcLoggingInterceptor$1 otel_trace_id=46676dbd7b183acf2303ba665c82218c otel_span_id=d1d9b41c91af1802 request_id= business_trace_id= tenant_id= document_id= ingestion_job_id= - grpc.response.send grpc.reflection.v1alpha.ServerReflection/ServerReflectionInfo
2026-06-04 11:37:41.203 [grpc-default-executor-10] INFO  b.i.g.i.GrpcLoggingInterceptor$2 otel_trace_id= otel_span_id= request_id= business_trace_id= tenant_id= document_id= ingestion_job_id= - grpc.request.complete grpc.reflection.v1alpha.ServerReflection/ServerReflectionInfo
2026-06-04 11:37:41.203 [grpc-default-executor-10] INFO  i.o.e.logging.LoggingSpanExporter otel_trace_id=46676dbd7b183acf2303ba665c82218c otel_span_id=d1d9b41c91af1802 request_id= business_trace_id= tenant_id= document_id= ingestion_job_id= - 'grpc.reflection.v1alpha.ServerReflection/ServerReflectionInfo' : 46676dbd7b183acf2303ba665c82218c d1d9b41c91af1802 SERVER [tracer: sparrowx-document-service:] AttributesMap{data={rpc.method=grpc.reflection.v1alpha.ServerReflection/ServerReflectionInfo, rpc.grpc.status_code=OK, rpc.system=grpc}, capacity=128, totalAddedValues=3}
2026-06-04 11:37:41.204 [grpc-default-executor-10] INFO  b.i.g.i.GrpcLoggingInterceptor$1 otel_trace_id=46676dbd7b183acf2303ba665c82218c otel_span_id=d1d9b41c91af1802 request_id= business_trace_id= tenant_id= document_id= ingestion_job_id= - grpc.call.close grpc.reflection.v1alpha.ServerReflection/ServerReflectionInfo status=Status{code=OK, description=null, cause=null}
2026-06-04 11:37:41.205 [grpc-default-executor-10] INFO  b.i.g.i.GrpcLoggingInterceptor$2 otel_trace_id= otel_span_id= request_id= business_trace_id= tenant_id= document_id= ingestion_job_id= - grpc.call.complete grpc.reflection.v1alpha.ServerReflection/ServerReflectionInfo
2026-06-04 11:37:41.207 [grpc-default-executor-10] INFO  b.i.g.i.GrpcLoggingInterceptor otel_trace_id= otel_span_id= request_id= business_trace_id= tenant_id= document_id= ingestion_job_id= - grpc.call.start grpc.reflection.v1alpha.ServerReflection/ServerReflectionInfo
2026-06-04 11:37:41.207 [grpc-default-executor-10] INFO  b.i.g.i.GrpcTracingInterceptor otel_trace_id=fecac4600d0a53f700c25d3e892d70a4 otel_span_id=ae392eb2b03232c0 request_id= business_trace_id= tenant_id= document_id= ingestion_job_id= - trace.start: fecac4600d0a53f700c25d3e892d70a4
2026-06-04 11:37:41.207 [grpc-default-executor-11] INFO  b.i.g.i.GrpcLoggingInterceptor otel_trace_id= otel_span_id= request_id= business_trace_id= tenant_id= document_id= ingestion_job_id= - grpc.call.start grpc.reflection.v1alpha.ServerReflection/ServerReflectionInfo
2026-06-04 11:37:41.209 [grpc-default-executor-10] INFO  b.i.g.i.GrpcLoggingInterceptor$2 otel_trace_id= otel_span_id= request_id= business_trace_id= tenant_id= document_id= ingestion_job_id= - grpc.request.message grpc.reflection.v1alpha.ServerReflection/ServerReflectionInfo
2026-06-04 11:37:41.209 [grpc-default-executor-11] INFO  b.i.g.i.GrpcTracingInterceptor otel_trace_id=af8c0f7354dd1a3d4cc0cdcf2532b6b5 otel_span_id=5122f9b619b2795a request_id= business_trace_id= tenant_id= document_id= ingestion_job_id= - trace.start: af8c0f7354dd1a3d4cc0cdcf2532b6b5
2026-06-04 11:37:41.209 [grpc-default-executor-11] INFO  b.i.g.i.GrpcLoggingInterceptor$2 otel_trace_id= otel_span_id= request_id= business_trace_id= tenant_id= document_id= ingestion_job_id= - grpc.request.message grpc.reflection.v1alpha.ServerReflection/ServerReflectionInfo
2026-06-04 11:37:41.210 [grpc-default-executor-10] INFO  b.i.g.i.GrpcLoggingInterceptor$1 otel_trace_id=fecac4600d0a53f700c25d3e892d70a4 otel_span_id=ae392eb2b03232c0 request_id= business_trace_id= tenant_id= document_id= ingestion_job_id= - grpc.response.send grpc.reflection.v1alpha.ServerReflection/ServerReflectionInfo
2026-06-04 11:37:41.210 [grpc-default-executor-11] INFO  b.i.g.i.GrpcLoggingInterceptor$1 otel_trace_id=af8c0f7354dd1a3d4cc0cdcf2532b6b5 otel_span_id=5122f9b619b2795a request_id= business_trace_id= tenant_id= document_id= ingestion_job_id= - grpc.response.send grpc.reflection.v1alpha.ServerReflection/ServerReflectionInfo
2026-06-04 11:37:41.210 [grpc-default-executor-10] INFO  b.i.g.i.GrpcLoggingInterceptor$2 otel_trace_id= otel_span_id= request_id= business_trace_id= tenant_id= document_id= ingestion_job_id= - grpc.request.complete grpc.reflection.v1alpha.ServerReflection/ServerReflectionInfo
2026-06-04 11:37:41.210 [grpc-default-executor-10] INFO  i.o.e.logging.LoggingSpanExporter otel_trace_id=fecac4600d0a53f700c25d3e892d70a4 otel_span_id=ae392eb2b03232c0 request_id= business_trace_id= tenant_id= document_id= ingestion_job_id= - 'grpc.reflection.v1alpha.ServerReflection/ServerReflectionInfo' : fecac4600d0a53f700c25d3e892d70a4 ae392eb2b03232c0 SERVER [tracer: sparrowx-document-service:] AttributesMap{data={rpc.method=grpc.reflection.v1alpha.ServerReflection/ServerReflectionInfo, rpc.grpc.status_code=OK, rpc.system=grpc}, capacity=128, totalAddedValues=3}
2026-06-04 11:37:41.211 [grpc-default-executor-10] INFO  b.i.g.i.GrpcLoggingInterceptor$1 otel_trace_id=fecac4600d0a53f700c25d3e892d70a4 otel_span_id=ae392eb2b03232c0 request_id= business_trace_id= tenant_id= document_id= ingestion_job_id= - grpc.call.close grpc.reflection.v1alpha.ServerReflection/ServerReflectionInfo status=Status{code=OK, description=null, cause=null}
2026-06-04 11:37:41.211 [grpc-default-executor-11] INFO  b.i.g.i.GrpcLoggingInterceptor$2 otel_trace_id= otel_span_id= request_id= business_trace_id= tenant_id= document_id= ingestion_job_id= - grpc.request.complete grpc.reflection.v1alpha.ServerReflection/ServerReflectionInfo
2026-06-04 11:37:41.211 [grpc-default-executor-11] INFO  i.o.e.logging.LoggingSpanExporter otel_trace_id=af8c0f7354dd1a3d4cc0cdcf2532b6b5 otel_span_id=5122f9b619b2795a request_id= business_trace_id= tenant_id= document_id= ingestion_job_id= - 'grpc.reflection.v1alpha.ServerReflection/ServerReflectionInfo' : af8c0f7354dd1a3d4cc0cdcf2532b6b5 5122f9b619b2795a SERVER [tracer: sparrowx-document-service:] AttributesMap{data={rpc.method=grpc.reflection.v1alpha.ServerReflection/ServerReflectionInfo, rpc.grpc.status_code=OK, rpc.system=grpc}, capacity=128, totalAddedValues=3}
2026-06-04 11:37:41.212 [grpc-default-executor-11] INFO  b.i.g.i.GrpcLoggingInterceptor$1 otel_trace_id=af8c0f7354dd1a3d4cc0cdcf2532b6b5 otel_span_id=5122f9b619b2795a request_id= business_trace_id= tenant_id= document_id= ingestion_job_id= - grpc.call.close grpc.reflection.v1alpha.ServerReflection/ServerReflectionInfo status=Status{code=OK, description=null, cause=null}
2026-06-04 11:37:41.212 [grpc-default-executor-11] INFO  b.i.g.i.GrpcLoggingInterceptor$2 otel_trace_id= otel_span_id= request_id= business_trace_id= tenant_id= document_id= ingestion_job_id= - grpc.call.complete grpc.reflection.v1alpha.ServerReflection/ServerReflectionInfo
2026-06-04 11:37:41.212 [grpc-default-executor-11] INFO  b.i.g.i.GrpcLoggingInterceptor$2 otel_trace_id= otel_span_id= request_id= business_trace_id= tenant_id= document_id= ingestion_job_id= - grpc.call.complete grpc.reflection.v1alpha.ServerReflection/ServerReflectionInfo
2026-06-04 11:37:42.905 [grpc-default-executor-11] INFO  b.i.g.i.GrpcLoggingInterceptor otel_trace_id= otel_span_id= request_id= business_trace_id= tenant_id= document_id= ingestion_job_id= - grpc.call.start grpc.reflection.v1alpha.ServerReflection/ServerReflectionInfo
2026-06-04 11:37:42.905 [grpc-default-executor-11] INFO  b.i.g.i.GrpcTracingInterceptor otel_trace_id=a3a4ca220e6073b1db1ef2bc6b4c919d otel_span_id=fc8a2cdcd4191c21 request_id= business_trace_id= tenant_id= document_id= ingestion_job_id= - trace.start: a3a4ca220e6073b1db1ef2bc6b4c919d
2026-06-04 11:37:42.907 [grpc-default-executor-11] INFO  b.i.g.i.GrpcLoggingInterceptor$2 otel_trace_id= otel_span_id= request_id= business_trace_id= tenant_id= document_id= ingestion_job_id= - grpc.request.message grpc.reflection.v1alpha.ServerReflection/ServerReflectionInfo
2026-06-04 11:37:42.907 [grpc-default-executor-11] INFO  b.i.g.i.GrpcLoggingInterceptor$1 otel_trace_id=a3a4ca220e6073b1db1ef2bc6b4c919d otel_span_id=fc8a2cdcd4191c21 request_id= business_trace_id= tenant_id= document_id= ingestion_job_id= - grpc.response.send grpc.reflection.v1alpha.ServerReflection/ServerReflectionInfo
2026-06-04 11:37:42.908 [grpc-default-executor-11] INFO  b.i.g.i.GrpcLoggingInterceptor$2 otel_trace_id= otel_span_id= request_id= business_trace_id= tenant_id= document_id= ingestion_job_id= - grpc.request.complete grpc.reflection.v1alpha.ServerReflection/ServerReflectionInfo
2026-06-04 11:37:42.908 [grpc-default-executor-11] INFO  i.o.e.logging.LoggingSpanExporter otel_trace_id=a3a4ca220e6073b1db1ef2bc6b4c919d otel_span_id=fc8a2cdcd4191c21 request_id= business_trace_id= tenant_id= document_id= ingestion_job_id= - 'grpc.reflection.v1alpha.ServerReflection/ServerReflectionInfo' : a3a4ca220e6073b1db1ef2bc6b4c919d fc8a2cdcd4191c21 SERVER [tracer: sparrowx-document-service:] AttributesMap{data={rpc.method=grpc.reflection.v1alpha.ServerReflection/ServerReflectionInfo, rpc.grpc.status_code=OK, rpc.system=grpc}, capacity=128, totalAddedValues=3}
2026-06-04 11:37:42.908 [grpc-default-executor-11] INFO  b.i.g.i.GrpcLoggingInterceptor$1 otel_trace_id=a3a4ca220e6073b1db1ef2bc6b4c919d otel_span_id=fc8a2cdcd4191c21 request_id= business_trace_id= tenant_id= document_id= ingestion_job_id= - grpc.call.close grpc.reflection.v1alpha.ServerReflection/ServerReflectionInfo status=Status{code=OK, description=null, cause=null}
2026-06-04 11:37:42.909 [grpc-default-executor-11] INFO  b.i.g.i.GrpcLoggingInterceptor$2 otel_trace_id= otel_span_id= request_id= business_trace_id= tenant_id= document_id= ingestion_job_id= - grpc.call.complete grpc.reflection.v1alpha.ServerReflection/ServerReflectionInfo
2026-06-04 11:37:42.910 [grpc-default-executor-11] INFO  b.i.g.i.GrpcLoggingInterceptor otel_trace_id= otel_span_id= request_id= business_trace_id= tenant_id= document_id= ingestion_job_id= - grpc.call.start grpc.reflection.v1alpha.ServerReflection/ServerReflectionInfo
2026-06-04 11:37:42.911 [grpc-default-executor-10] INFO  b.i.g.i.GrpcLoggingInterceptor otel_trace_id= otel_span_id= request_id= business_trace_id= tenant_id= document_id= ingestion_job_id= - grpc.call.start grpc.reflection.v1alpha.ServerReflection/ServerReflectionInfo
2026-06-04 11:37:42.911 [grpc-default-executor-11] INFO  b.i.g.i.GrpcTracingInterceptor otel_trace_id=4a3699cf8e211ec0590c4fd7f98e6ded otel_span_id=e999245058a7eae1 request_id= business_trace_id= tenant_id= document_id= ingestion_job_id= - trace.start: 4a3699cf8e211ec0590c4fd7f98e6ded
2026-06-04 11:37:42.911 [grpc-default-executor-10] INFO  b.i.g.i.GrpcTracingInterceptor otel_trace_id=d25caaec5bb44d9ff37d5d3476dca255 otel_span_id=8b975c132583ec2c request_id= business_trace_id= tenant_id= document_id= ingestion_job_id= - trace.start: d25caaec5bb44d9ff37d5d3476dca255
2026-06-04 11:37:42.911 [grpc-default-executor-11] INFO  b.i.g.i.GrpcLoggingInterceptor$2 otel_trace_id= otel_span_id= request_id= business_trace_id= tenant_id= document_id= ingestion_job_id= - grpc.request.message grpc.reflection.v1alpha.ServerReflection/ServerReflectionInfo
2026-06-04 11:37:42.911 [grpc-default-executor-10] INFO  b.i.g.i.GrpcLoggingInterceptor$2 otel_trace_id= otel_span_id= request_id= business_trace_id= tenant_id= document_id= ingestion_job_id= - grpc.request.message grpc.reflection.v1alpha.ServerReflection/ServerReflectionInfo
2026-06-04 11:37:42.911 [grpc-default-executor-10] INFO  b.i.g.i.GrpcLoggingInterceptor$1 otel_trace_id=d25caaec5bb44d9ff37d5d3476dca255 otel_span_id=8b975c132583ec2c request_id= business_trace_id= tenant_id= document_id= ingestion_job_id= - grpc.response.send grpc.reflection.v1alpha.ServerReflection/ServerReflectionInfo
2026-06-04 11:37:42.911 [grpc-default-executor-11] INFO  b.i.g.i.GrpcLoggingInterceptor$1 otel_trace_id=4a3699cf8e211ec0590c4fd7f98e6ded otel_span_id=e999245058a7eae1 request_id= business_trace_id= tenant_id= document_id= ingestion_job_id= - grpc.response.send grpc.reflection.v1alpha.ServerReflection/ServerReflectionInfo
2026-06-04 11:37:42.913 [grpc-default-executor-10] INFO  b.i.g.i.GrpcLoggingInterceptor$2 otel_trace_id= otel_span_id= request_id= business_trace_id= tenant_id= document_id= ingestion_job_id= - grpc.request.complete grpc.reflection.v1alpha.ServerReflection/ServerReflectionInfo
2026-06-04 11:37:42.913 [grpc-default-executor-11] INFO  b.i.g.i.GrpcLoggingInterceptor$2 otel_trace_id= otel_span_id= request_id= business_trace_id= tenant_id= document_id= ingestion_job_id= - grpc.request.complete grpc.reflection.v1alpha.ServerReflection/ServerReflectionInfo
2026-06-04 11:37:42.914 [grpc-default-executor-10] INFO  i.o.e.logging.LoggingSpanExporter otel_trace_id=d25caaec5bb44d9ff37d5d3476dca255 otel_span_id=8b975c132583ec2c request_id= business_trace_id= tenant_id= document_id= ingestion_job_id= - 'grpc.reflection.v1alpha.ServerReflection/ServerReflectionInfo' : d25caaec5bb44d9ff37d5d3476dca255 8b975c132583ec2c SERVER [tracer: sparrowx-document-service:] AttributesMap{data={rpc.method=grpc.reflection.v1alpha.ServerReflection/ServerReflectionInfo, rpc.grpc.status_code=OK, rpc.system=grpc}, capacity=128, totalAddedValues=3}
2026-06-04 11:37:42.915 [grpc-default-executor-11] INFO  i.o.e.logging.LoggingSpanExporter otel_trace_id=4a3699cf8e211ec0590c4fd7f98e6ded otel_span_id=e999245058a7eae1 request_id= business_trace_id= tenant_id= document_id= ingestion_job_id= - 'grpc.reflection.v1alpha.ServerReflection/ServerReflectionInfo' : 4a3699cf8e211ec0590c4fd7f98e6ded e999245058a7eae1 SERVER [tracer: sparrowx-document-service:] AttributesMap{data={rpc.method=grpc.reflection.v1alpha.ServerReflection/ServerReflectionInfo, rpc.grpc.status_code=OK, rpc.system=grpc}, capacity=128, totalAddedValues=3}
2026-06-04 11:37:42.915 [grpc-default-executor-10] INFO  b.i.g.i.GrpcLoggingInterceptor$1 otel_trace_id=d25caaec5bb44d9ff37d5d3476dca255 otel_span_id=8b975c132583ec2c request_id= business_trace_id= tenant_id= document_id= ingestion_job_id= - grpc.call.close grpc.reflection.v1alpha.ServerReflection/ServerReflectionInfo status=Status{code=OK, description=null, cause=null}
2026-06-04 11:37:42.915 [grpc-default-executor-11] INFO  b.i.g.i.GrpcLoggingInterceptor$1 otel_trace_id=4a3699cf8e211ec0590c4fd7f98e6ded otel_span_id=e999245058a7eae1 request_id= business_trace_id= tenant_id= document_id= ingestion_job_id= - grpc.call.close grpc.reflection.v1alpha.ServerReflection/ServerReflectionInfo status=Status{code=OK, description=null, cause=null}
2026-06-04 11:37:42.915 [grpc-default-executor-11] INFO  b.i.g.i.GrpcLoggingInterceptor$2 otel_trace_id= otel_span_id= request_id= business_trace_id= tenant_id= document_id= ingestion_job_id= - grpc.call.complete grpc.reflection.v1alpha.ServerReflection/ServerReflectionInfo
2026-06-04 11:37:42.915 [grpc-default-executor-10] INFO  b.i.g.i.GrpcLoggingInterceptor$2 otel_trace_id= otel_span_id= request_id= business_trace_id= tenant_id= document_id= ingestion_job_id= - grpc.call.complete grpc.reflection.v1alpha.ServerReflection/ServerReflectionInfo
2026-06-04 11:37:44.843 [grpc-default-executor-10] INFO  b.i.g.i.GrpcLoggingInterceptor otel_trace_id= otel_span_id= request_id= business_trace_id= tenant_id= document_id= ingestion_job_id= - grpc.call.start grpc.reflection.v1alpha.ServerReflection/ServerReflectionInfo
2026-06-04 11:37:44.844 [grpc-default-executor-10] INFO  b.i.g.i.GrpcTracingInterceptor otel_trace_id=a994ef0e38c19030e318bcf0e047950a otel_span_id=51039d476117cda0 request_id= business_trace_id= tenant_id= document_id= ingestion_job_id= - trace.start: a994ef0e38c19030e318bcf0e047950a
2026-06-04 11:37:44.844 [grpc-default-executor-10] INFO  b.i.g.i.GrpcLoggingInterceptor$2 otel_trace_id= otel_span_id= request_id= business_trace_id= tenant_id= document_id= ingestion_job_id= - grpc.request.message grpc.reflection.v1alpha.ServerReflection/ServerReflectionInfo
2026-06-04 11:37:44.844 [grpc-default-executor-10] INFO  b.i.g.i.GrpcLoggingInterceptor$1 otel_trace_id=a994ef0e38c19030e318bcf0e047950a otel_span_id=51039d476117cda0 request_id= business_trace_id= tenant_id= document_id= ingestion_job_id= - grpc.response.send grpc.reflection.v1alpha.ServerReflection/ServerReflectionInfo
2026-06-04 11:37:44.844 [grpc-default-executor-10] INFO  b.i.g.i.GrpcLoggingInterceptor$2 otel_trace_id= otel_span_id= request_id= business_trace_id= tenant_id= document_id= ingestion_job_id= - grpc.request.complete grpc.reflection.v1alpha.ServerReflection/ServerReflectionInfo
2026-06-04 11:37:44.846 [grpc-default-executor-10] INFO  i.o.e.logging.LoggingSpanExporter otel_trace_id=a994ef0e38c19030e318bcf0e047950a otel_span_id=51039d476117cda0 request_id= business_trace_id= tenant_id= document_id= ingestion_job_id= - 'grpc.reflection.v1alpha.ServerReflection/ServerReflectionInfo' : a994ef0e38c19030e318bcf0e047950a 51039d476117cda0 SERVER [tracer: sparrowx-document-service:] AttributesMap{data={rpc.method=grpc.reflection.v1alpha.ServerReflection/ServerReflectionInfo, rpc.grpc.status_code=OK, rpc.system=grpc}, capacity=128, totalAddedValues=3}
2026-06-04 11:37:44.846 [grpc-default-executor-10] INFO  b.i.g.i.GrpcLoggingInterceptor$1 otel_trace_id=a994ef0e38c19030e318bcf0e047950a otel_span_id=51039d476117cda0 request_id= business_trace_id= tenant_id= document_id= ingestion_job_id= - grpc.call.close grpc.reflection.v1alpha.ServerReflection/ServerReflectionInfo status=Status{code=OK, description=null, cause=null}
2026-06-04 11:37:44.852 [grpc-default-executor-11] INFO  b.i.g.i.GrpcLoggingInterceptor otel_trace_id= otel_span_id= request_id= business_trace_id= tenant_id= document_id= ingestion_job_id= - grpc.call.start grpc.reflection.v1alpha.ServerReflection/ServerReflectionInfo
2026-06-04 11:37:44.848 [grpc-default-executor-10] INFO  b.i.g.i.GrpcLoggingInterceptor$2 otel_trace_id= otel_span_id= request_id= business_trace_id= tenant_id= document_id= ingestion_job_id= - grpc.call.complete grpc.reflection.v1alpha.ServerReflection/ServerReflectionInfo
2026-06-04 11:37:44.854 [grpc-default-executor-11] INFO  b.i.g.i.GrpcTracingInterceptor otel_trace_id=a6d838a73e54022c22aea681a4a3ca4c otel_span_id=f3b2db5dd0e93c19 request_id= business_trace_id= tenant_id= document_id= ingestion_job_id= - trace.start: a6d838a73e54022c22aea681a4a3ca4c
2026-06-04 11:37:44.854 [grpc-default-executor-12] INFO  b.i.g.i.GrpcLoggingInterceptor otel_trace_id= otel_span_id= request_id= business_trace_id= tenant_id= document_id= ingestion_job_id= - grpc.call.start grpc.reflection.v1alpha.ServerReflection/ServerReflectionInfo
2026-06-04 11:37:44.854 [grpc-default-executor-12] INFO  b.i.g.i.GrpcTracingInterceptor otel_trace_id=6abbdb1270cb5696ae3cfe66d08a5952 otel_span_id=159a4d1115e40e86 request_id= business_trace_id= tenant_id= document_id= ingestion_job_id= - trace.start: 6abbdb1270cb5696ae3cfe66d08a5952
2026-06-04 11:37:44.855 [grpc-default-executor-11] INFO  b.i.g.i.GrpcLoggingInterceptor$2 otel_trace_id= otel_span_id= request_id= business_trace_id= tenant_id= document_id= ingestion_job_id= - grpc.request.message grpc.reflection.v1alpha.ServerReflection/ServerReflectionInfo
2026-06-04 11:37:44.855 [grpc-default-executor-12] INFO  b.i.g.i.GrpcLoggingInterceptor$2 otel_trace_id= otel_span_id= request_id= business_trace_id= tenant_id= document_id= ingestion_job_id= - grpc.request.message grpc.reflection.v1alpha.ServerReflection/ServerReflectionInfo
2026-06-04 11:37:44.855 [grpc-default-executor-11] INFO  b.i.g.i.GrpcLoggingInterceptor$1 otel_trace_id=a6d838a73e54022c22aea681a4a3ca4c otel_span_id=f3b2db5dd0e93c19 request_id= business_trace_id= tenant_id= document_id= ingestion_job_id= - grpc.response.send grpc.reflection.v1alpha.ServerReflection/ServerReflectionInfo
2026-06-04 11:37:44.857 [grpc-default-executor-12] INFO  b.i.g.i.GrpcLoggingInterceptor$1 otel_trace_id=6abbdb1270cb5696ae3cfe66d08a5952 otel_span_id=159a4d1115e40e86 request_id= business_trace_id= tenant_id= document_id= ingestion_job_id= - grpc.response.send grpc.reflection.v1alpha.ServerReflection/ServerReflectionInfo
2026-06-04 11:37:44.858 [grpc-default-executor-12] INFO  b.i.g.i.GrpcLoggingInterceptor$2 otel_trace_id= otel_span_id= request_id= business_trace_id= tenant_id= document_id= ingestion_job_id= - grpc.request.complete grpc.reflection.v1alpha.ServerReflection/ServerReflectionInfo
2026-06-04 11:37:44.858 [grpc-default-executor-12] INFO  i.o.e.logging.LoggingSpanExporter otel_trace_id=6abbdb1270cb5696ae3cfe66d08a5952 otel_span_id=159a4d1115e40e86 request_id= business_trace_id= tenant_id= document_id= ingestion_job_id= - 'grpc.reflection.v1alpha.ServerReflection/ServerReflectionInfo' : 6abbdb1270cb5696ae3cfe66d08a5952 159a4d1115e40e86 SERVER [tracer: sparrowx-document-service:] AttributesMap{data={rpc.method=grpc.reflection.v1alpha.ServerReflection/ServerReflectionInfo, rpc.grpc.status_code=OK, rpc.system=grpc}, capacity=128, totalAddedValues=3}
2026-06-04 11:37:44.858 [grpc-default-executor-12] INFO  b.i.g.i.GrpcLoggingInterceptor$1 otel_trace_id=6abbdb1270cb5696ae3cfe66d08a5952 otel_span_id=159a4d1115e40e86 request_id= business_trace_id= tenant_id= document_id= ingestion_job_id= - grpc.call.close grpc.reflection.v1alpha.ServerReflection/ServerReflectionInfo status=Status{code=OK, description=null, cause=null}
2026-06-04 11:37:44.860 [grpc-default-executor-11] INFO  b.i.g.i.GrpcLoggingInterceptor$2 otel_trace_id= otel_span_id= request_id= business_trace_id= tenant_id= document_id= ingestion_job_id= - grpc.request.complete grpc.reflection.v1alpha.ServerReflection/ServerReflectionInfo
2026-06-04 11:37:44.860 [grpc-default-executor-11] INFO  i.o.e.logging.LoggingSpanExporter otel_trace_id=a6d838a73e54022c22aea681a4a3ca4c otel_span_id=f3b2db5dd0e93c19 request_id= business_trace_id= tenant_id= document_id= ingestion_job_id= - 'grpc.reflection.v1alpha.ServerReflection/ServerReflectionInfo' : a6d838a73e54022c22aea681a4a3ca4c f3b2db5dd0e93c19 SERVER [tracer: sparrowx-document-service:] AttributesMap{data={rpc.method=grpc.reflection.v1alpha.ServerReflection/ServerReflectionInfo, rpc.grpc.status_code=OK, rpc.system=grpc}, capacity=128, totalAddedValues=3}
2026-06-04 11:37:44.860 [grpc-default-executor-11] INFO  b.i.g.i.GrpcLoggingInterceptor$1 otel_trace_id=a6d838a73e54022c22aea681a4a3ca4c otel_span_id=f3b2db5dd0e93c19 request_id= business_trace_id= tenant_id= document_id= ingestion_job_id= - grpc.call.close grpc.reflection.v1alpha.ServerReflection/ServerReflectionInfo status=Status{code=OK, description=null, cause=null}
2026-06-04 11:37:44.860 [grpc-default-executor-12] INFO  b.i.g.i.GrpcLoggingInterceptor$2 otel_trace_id= otel_span_id= request_id= business_trace_id= tenant_id= document_id= ingestion_job_id= - grpc.call.complete grpc.reflection.v1alpha.ServerReflection/ServerReflectionInfo
2026-06-04 11:37:44.860 [grpc-default-executor-11] INFO  b.i.g.i.GrpcLoggingInterceptor$2 otel_trace_id= otel_span_id= request_id= business_trace_id= tenant_id= document_id= ingestion_job_id= - grpc.call.complete grpc.reflection.v1alpha.ServerReflection/ServerReflectionInfo
2026-06-04 11:37:54.987 [grpc-default-executor-11] INFO  b.i.g.i.GrpcLoggingInterceptor otel_trace_id= otel_span_id= request_id= business_trace_id= tenant_id= document_id= ingestion_job_id= - grpc.call.start document.DocumentService/VerifyEvidenceGraph
2026-06-04 11:37:54.987 [grpc-default-executor-11] INFO  b.i.g.i.GrpcTracingInterceptor otel_trace_id=f7437b7d811c9ce07aa81cc2cdc1cd35 otel_span_id=be07bd29a0d4e6c5 request_id= business_trace_id= tenant_id= document_id= ingestion_job_id= - trace.start: f7437b7d811c9ce07aa81cc2cdc1cd35
2026-06-04 11:37:54.990 [grpc-default-executor-11] INFO  b.i.g.i.GrpcLoggingInterceptor$2 otel_trace_id= otel_span_id= request_id= business_trace_id= tenant_id= document_id= ingestion_job_id= - grpc.request.message document.DocumentService/VerifyEvidenceGraph
2026-06-04 11:37:54.993 [grpc-default-executor-11] INFO  b.i.g.i.GrpcLoggingInterceptor$2 otel_trace_id= otel_span_id= request_id=req-verify-false-activity-more-than-mindwandering-001 business_trace_id=trace-verify-false-activity-more-than-mindwandering-001 tenant_id=tenant-001 document_id= ingestion_job_id= - grpc.request.complete document.DocumentService/VerifyEvidenceGraph
2026-06-04 11:37:54.997 [grpc-default-executor-11] INFO  b.c.q.i.QueryObservabilityInterceptor otel_trace_id=f7437b7d811c9ce07aa81cc2cdc1cd35 otel_span_id=be07bd29a0d4e6c5 request_id=req-verify-false-activity-more-than-mindwandering-001 business_trace_id=trace-verify-false-activity-more-than-mindwandering-001 tenant_id=tenant-001 document_id= ingestion_job_id= - query.start VerifyEvidenceGraphQuery
2026-06-04 11:37:55.001 [grpc-default-executor-11] INFO  c.s.d.o.EvidenceGraphVerificationLogger otel_trace_id=f7437b7d811c9ce07aa81cc2cdc1cd35 otel_span_id=be07bd29a0d4e6c5 request_id=req-verify-false-activity-more-than-mindwandering-001 business_trace_id=trace-verify-false-activity-more-than-mindwandering-001 tenant_id=tenant-001 document_id= ingestion_job_id= - Evidence graph verification requested tenantId=tenant-001 userId=user-001 nodeCount=1 edgeCount=0
2026-06-04 11:37:55.002 [grpc-default-executor-11] INFO  c.s.d.o.EvidenceGraphVerificationLogger otel_trace_id=f7437b7d811c9ce07aa81cc2cdc1cd35 otel_span_id=be07bd29a0d4e6c5 request_id=req-verify-false-activity-more-than-mindwandering-001 business_trace_id=trace-verify-false-activity-more-than-mindwandering-001 tenant_id=tenant-001 document_id= ingestion_job_id= - Evidence graph verification completed tenantId=tenant-001 userId=user-001 supported=true verificationStatus=SUPPORTED confidence=0.625 coverageScore=1.0
2026-06-04 11:37:55.002 [grpc-default-executor-11] INFO  b.c.q.i.QueryObservabilityInterceptor otel_trace_id=f7437b7d811c9ce07aa81cc2cdc1cd35 otel_span_id=be07bd29a0d4e6c5 request_id=req-verify-false-activity-more-than-mindwandering-001 business_trace_id=trace-verify-false-activity-more-than-mindwandering-001 tenant_id=tenant-001 document_id= ingestion_job_id= - query.complete VerifyEvidenceGraphQuery in 4 ms
2026-06-04 11:37:55.003 [grpc-default-executor-11] INFO  i.o.e.logging.LoggingSpanExporter otel_trace_id=f7437b7d811c9ce07aa81cc2cdc1cd35 otel_span_id=be07bd29a0d4e6c5 request_id=req-verify-false-activity-more-than-mindwandering-001 business_trace_id=trace-verify-false-activity-more-than-mindwandering-001 tenant_id=tenant-001 document_id= ingestion_job_id= - 'query.VerifyEvidenceGraphQuery' : f7437b7d811c9ce07aa81cc2cdc1cd35 c7253b1cdb6efe84 INTERNAL [tracer: sparrowx-document-service:] {}
2026-06-04 11:37:55.005 [grpc-default-executor-11] INFO  b.i.g.i.GrpcLoggingInterceptor$1 otel_trace_id=f7437b7d811c9ce07aa81cc2cdc1cd35 otel_span_id=be07bd29a0d4e6c5 request_id=req-verify-false-activity-more-than-mindwandering-001 business_trace_id=trace-verify-false-activity-more-than-mindwandering-001 tenant_id=tenant-001 document_id= ingestion_job_id= - grpc.response.send document.DocumentService/VerifyEvidenceGraph
2026-06-04 11:37:55.006 [grpc-default-executor-11] INFO  i.o.e.logging.LoggingSpanExporter otel_trace_id=f7437b7d811c9ce07aa81cc2cdc1cd35 otel_span_id=be07bd29a0d4e6c5 request_id=req-verify-false-activity-more-than-mindwandering-001 business_trace_id=trace-verify-false-activity-more-than-mindwandering-001 tenant_id=tenant-001 document_id= ingestion_job_id= - 'document.DocumentService/VerifyEvidenceGraph' : f7437b7d811c9ce07aa81cc2cdc1cd35 be07bd29a0d4e6c5 SERVER [tracer: sparrowx-document-service:] AttributesMap{data={rpc.method=document.DocumentService/VerifyEvidenceGraph, rpc.grpc.status_code=OK, rpc.system=grpc}, capacity=128, totalAddedValues=3}
2026-06-04 11:37:55.007 [grpc-default-executor-11] INFO  b.i.g.i.GrpcLoggingInterceptor$1 otel_trace_id=f7437b7d811c9ce07aa81cc2cdc1cd35 otel_span_id=be07bd29a0d4e6c5 request_id=req-verify-false-activity-more-than-mindwandering-001 business_trace_id=trace-verify-false-activity-more-than-mindwandering-001 tenant_id=tenant-001 document_id= ingestion_job_id= - grpc.call.close document.DocumentService/VerifyEvidenceGraph status=Status{code=OK, description=null, cause=null}
2026-06-04 11:37:55.007 [grpc-default-executor-11] INFO  b.i.g.i.GrpcLoggingInterceptor$2 otel_trace_id= otel_span_id= request_id= business_trace_id= tenant_id= document_id= ingestion_job_id= - grpc.call.complete document.DocumentService/VerifyEvidenceGraph
2026-06-04 11:43:46.800 [grpc-default-executor-13] INFO  b.i.g.i.GrpcLoggingInterceptor otel_trace_id= otel_span_id= request_id= business_trace_id= tenant_id= document_id= ingestion_job_id= - grpc.call.start document.DocumentService/SearchDocumentSpans
2026-06-04 11:43:46.800 [grpc-default-executor-13] INFO  b.i.g.i.GrpcTracingInterceptor otel_trace_id=a93d0645addefb31c7e9c624a59ae1ea otel_span_id=6b3abbf38d5fbdb3 request_id= business_trace_id= tenant_id= document_id= ingestion_job_id= - trace.start: a93d0645addefb31c7e9c624a59ae1ea
2026-06-04 11:43:46.803 [grpc-default-executor-13] INFO  b.i.g.i.GrpcLoggingInterceptor$2 otel_trace_id= otel_span_id= request_id= business_trace_id= tenant_id= document_id= ingestion_job_id= - grpc.request.message document.DocumentService/SearchDocumentSpans
2026-06-04 11:43:46.805 [grpc-default-executor-13] INFO  b.i.g.i.GrpcLoggingInterceptor$2 otel_trace_id= otel_span_id= request_id=req-search-spans-vector-semantic-001 business_trace_id=trace-search-spans-vector-semantic-001 tenant_id=tenant-001 document_id= ingestion_job_id= - grpc.request.complete document.DocumentService/SearchDocumentSpans
2026-06-04 11:43:46.805 [grpc-default-executor-13] INFO  b.c.q.i.QueryObservabilityInterceptor otel_trace_id=a93d0645addefb31c7e9c624a59ae1ea otel_span_id=6b3abbf38d5fbdb3 request_id=req-search-spans-vector-semantic-001 business_trace_id=trace-search-spans-vector-semantic-001 tenant_id=tenant-001 document_id= ingestion_job_id= - query.start SearchDocumentSpansQuery
2026-06-04 11:43:46.808 [grpc-default-executor-13] INFO  c.s.d.o.RetrievalLifecycleLogger otel_trace_id=a93d0645addefb31c7e9c624a59ae1ea otel_span_id=6b3abbf38d5fbdb3 request_id=req-search-spans-vector-semantic-001 business_trace_id=trace-search-spans-vector-semantic-001 tenant_id=tenant-001 document_id= ingestion_job_id= - Document search requested tenantId=tenant-001 userId=user-001 projectId=project-001 teamId=team-001 mode=VECTOR limit=5 scopedDocumentCount=1
2026-06-04 11:43:48.905 [grpc-default-executor-13] INFO  c.s.d.o.RetrievalLifecycleLogger otel_trace_id=a93d0645addefb31c7e9c624a59ae1ea otel_span_id=6b3abbf38d5fbdb3 request_id=req-search-spans-vector-semantic-001 business_trace_id=trace-search-spans-vector-semantic-001 tenant_id=tenant-001 document_id= ingestion_job_id= - Document search completed tenantId=tenant-001 userId=user-001 mode=VECTOR evidenceCount=5
2026-06-04 11:43:48.906 [grpc-default-executor-13] INFO  b.c.q.i.QueryObservabilityInterceptor otel_trace_id=a93d0645addefb31c7e9c624a59ae1ea otel_span_id=6b3abbf38d5fbdb3 request_id=req-search-spans-vector-semantic-001 business_trace_id=trace-search-spans-vector-semantic-001 tenant_id=tenant-001 document_id= ingestion_job_id= - query.complete SearchDocumentSpansQuery in 2100 ms
2026-06-04 11:43:48.907 [grpc-default-executor-13] INFO  i.o.e.logging.LoggingSpanExporter otel_trace_id=a93d0645addefb31c7e9c624a59ae1ea otel_span_id=6b3abbf38d5fbdb3 request_id=req-search-spans-vector-semantic-001 business_trace_id=trace-search-spans-vector-semantic-001 tenant_id=tenant-001 document_id= ingestion_job_id= - 'query.SearchDocumentSpansQuery' : a93d0645addefb31c7e9c624a59ae1ea c23eb0a8725440c2 INTERNAL [tracer: sparrowx-document-service:] {}
2026-06-04 11:43:48.909 [grpc-default-executor-13] INFO  b.i.g.i.GrpcLoggingInterceptor$1 otel_trace_id=a93d0645addefb31c7e9c624a59ae1ea otel_span_id=6b3abbf38d5fbdb3 request_id=req-search-spans-vector-semantic-001 business_trace_id=trace-search-spans-vector-semantic-001 tenant_id=tenant-001 document_id= ingestion_job_id= - grpc.response.send document.DocumentService/SearchDocumentSpans
2026-06-04 11:43:48.910 [grpc-default-executor-13] INFO  i.o.e.logging.LoggingSpanExporter otel_trace_id=a93d0645addefb31c7e9c624a59ae1ea otel_span_id=6b3abbf38d5fbdb3 request_id=req-search-spans-vector-semantic-001 business_trace_id=trace-search-spans-vector-semantic-001 tenant_id=tenant-001 document_id= ingestion_job_id= - 'document.DocumentService/SearchDocumentSpans' : a93d0645addefb31c7e9c624a59ae1ea 6b3abbf38d5fbdb3 SERVER [tracer: sparrowx-document-service:] AttributesMap{data={rpc.method=document.DocumentService/SearchDocumentSpans, rpc.grpc.status_code=OK, rpc.system=grpc}, capacity=128, totalAddedValues=3}
2026-06-04 11:43:48.911 [grpc-default-executor-13] INFO  b.i.g.i.GrpcLoggingInterceptor$1 otel_trace_id=a93d0645addefb31c7e9c624a59ae1ea otel_span_id=6b3abbf38d5fbdb3 request_id=req-search-spans-vector-semantic-001 business_trace_id=trace-search-spans-vector-semantic-001 tenant_id=tenant-001 document_id= ingestion_job_id= - grpc.call.close document.DocumentService/SearchDocumentSpans status=Status{code=OK, description=null, cause=null}
2026-06-04 11:43:48.912 [grpc-default-executor-13] INFO  b.i.g.i.GrpcLoggingInterceptor$2 otel_trace_id= otel_span_id= request_id= business_trace_id= tenant_id= document_id= ingestion_job_id= - grpc.call.complete document.DocumentService/SearchDocumentSpans
2026-06-04 11:45:00.022 [grpc-default-executor-14] INFO  b.i.g.i.GrpcLoggingInterceptor otel_trace_id= otel_span_id= request_id= business_trace_id= tenant_id= document_id= ingestion_job_id= - grpc.call.start document.DocumentService/SearchDocumentSpans
2026-06-04 11:45:00.022 [grpc-default-executor-14] INFO  b.i.g.i.GrpcTracingInterceptor otel_trace_id=d4a18c76b243d35b21c6441bc4c68ece otel_span_id=14ca06a818bf5a95 request_id= business_trace_id= tenant_id= document_id= ingestion_job_id= - trace.start: d4a18c76b243d35b21c6441bc4c68ece
2026-06-04 11:45:00.023 [grpc-default-executor-14] INFO  b.i.g.i.GrpcLoggingInterceptor$2 otel_trace_id= otel_span_id= request_id= business_trace_id= tenant_id= document_id= ingestion_job_id= - grpc.request.message document.DocumentService/SearchDocumentSpans
2026-06-04 11:45:00.023 [grpc-default-executor-14] INFO  b.i.g.i.GrpcLoggingInterceptor$2 otel_trace_id= otel_span_id= request_id=req-search-spans-keyword-variance-001 business_trace_id=trace-search-spans-keyword-variance-001 tenant_id=tenant-001 document_id= ingestion_job_id= - grpc.request.complete document.DocumentService/SearchDocumentSpans
2026-06-04 11:45:00.023 [grpc-default-executor-14] INFO  b.c.q.i.QueryObservabilityInterceptor otel_trace_id=d4a18c76b243d35b21c6441bc4c68ece otel_span_id=14ca06a818bf5a95 request_id=req-search-spans-keyword-variance-001 business_trace_id=trace-search-spans-keyword-variance-001 tenant_id=tenant-001 document_id= ingestion_job_id= - query.start SearchDocumentSpansQuery
2026-06-04 11:45:00.025 [grpc-default-executor-14] INFO  c.s.d.o.RetrievalLifecycleLogger otel_trace_id=d4a18c76b243d35b21c6441bc4c68ece otel_span_id=14ca06a818bf5a95 request_id=req-search-spans-keyword-variance-001 business_trace_id=trace-search-spans-keyword-variance-001 tenant_id=tenant-001 document_id= ingestion_job_id= - Document search requested tenantId=tenant-001 userId=user-001 projectId=project-001 teamId=team-001 mode=KEYWORD limit=5 scopedDocumentCount=1
2026-06-04 11:45:00.050 [grpc-default-executor-14] INFO  c.s.d.o.RetrievalLifecycleLogger otel_trace_id=d4a18c76b243d35b21c6441bc4c68ece otel_span_id=14ca06a818bf5a95 request_id=req-search-spans-keyword-variance-001 business_trace_id=trace-search-spans-keyword-variance-001 tenant_id=tenant-001 document_id= ingestion_job_id= - Document search completed tenantId=tenant-001 userId=user-001 mode=KEYWORD evidenceCount=4
2026-06-04 11:45:00.052 [grpc-default-executor-14] INFO  b.c.q.i.QueryObservabilityInterceptor otel_trace_id=d4a18c76b243d35b21c6441bc4c68ece otel_span_id=14ca06a818bf5a95 request_id=req-search-spans-keyword-variance-001 business_trace_id=trace-search-spans-keyword-variance-001 tenant_id=tenant-001 document_id= ingestion_job_id= - query.complete SearchDocumentSpansQuery in 27 ms
2026-06-04 11:45:00.052 [grpc-default-executor-14] INFO  i.o.e.logging.LoggingSpanExporter otel_trace_id=d4a18c76b243d35b21c6441bc4c68ece otel_span_id=14ca06a818bf5a95 request_id=req-search-spans-keyword-variance-001 business_trace_id=trace-search-spans-keyword-variance-001 tenant_id=tenant-001 document_id= ingestion_job_id= - 'query.SearchDocumentSpansQuery' : d4a18c76b243d35b21c6441bc4c68ece 3e421fcb1e4276e6 INTERNAL [tracer: sparrowx-document-service:] {}
2026-06-04 11:45:00.052 [grpc-default-executor-14] INFO  b.i.g.i.GrpcLoggingInterceptor$1 otel_trace_id=d4a18c76b243d35b21c6441bc4c68ece otel_span_id=14ca06a818bf5a95 request_id=req-search-spans-keyword-variance-001 business_trace_id=trace-search-spans-keyword-variance-001 tenant_id=tenant-001 document_id= ingestion_job_id= - grpc.response.send document.DocumentService/SearchDocumentSpans
2026-06-04 11:45:00.054 [grpc-default-executor-14] INFO  i.o.e.logging.LoggingSpanExporter otel_trace_id=d4a18c76b243d35b21c6441bc4c68ece otel_span_id=14ca06a818bf5a95 request_id=req-search-spans-keyword-variance-001 business_trace_id=trace-search-spans-keyword-variance-001 tenant_id=tenant-001 document_id= ingestion_job_id= - 'document.DocumentService/SearchDocumentSpans' : d4a18c76b243d35b21c6441bc4c68ece 14ca06a818bf5a95 SERVER [tracer: sparrowx-document-service:] AttributesMap{data={rpc.method=document.DocumentService/SearchDocumentSpans, rpc.grpc.status_code=OK, rpc.system=grpc}, capacity=128, totalAddedValues=3}
2026-06-04 11:45:00.054 [grpc-default-executor-14] INFO  b.i.g.i.GrpcLoggingInterceptor$1 otel_trace_id=d4a18c76b243d35b21c6441bc4c68ece otel_span_id=14ca06a818bf5a95 request_id=req-search-spans-keyword-variance-001 business_trace_id=trace-search-spans-keyword-variance-001 tenant_id=tenant-001 document_id= ingestion_job_id= - grpc.call.close document.DocumentService/SearchDocumentSpans status=Status{code=OK, description=null, cause=null}
2026-06-04 11:45:00.055 [grpc-default-executor-14] INFO  b.i.g.i.GrpcLoggingInterceptor$2 otel_trace_id= otel_span_id= request_id= business_trace_id= tenant_id= document_id= ingestion_job_id= - grpc.call.complete document.DocumentService/SearchDocumentSpans
2026-06-04 11:45:49.384 [grpc-default-executor-14] INFO  b.i.g.i.GrpcLoggingInterceptor otel_trace_id= otel_span_id= request_id= business_trace_id= tenant_id= document_id= ingestion_job_id= - grpc.call.start document.DocumentService/GetDocument
2026-06-04 11:45:49.385 [grpc-default-executor-14] INFO  b.i.g.i.GrpcTracingInterceptor otel_trace_id=1ca568ce26c73af82f899009078d61d8 otel_span_id=3ec7f1a7435f64cc request_id= business_trace_id= tenant_id= document_id= ingestion_job_id= - trace.start: 1ca568ce26c73af82f899009078d61d8
2026-06-04 11:45:49.386 [grpc-default-executor-14] INFO  b.i.g.i.GrpcLoggingInterceptor$2 otel_trace_id= otel_span_id= request_id= business_trace_id= tenant_id= document_id= ingestion_job_id= - grpc.request.message document.DocumentService/GetDocument
2026-06-04 11:45:49.387 [grpc-default-executor-14] INFO  b.i.g.i.GrpcLoggingInterceptor$2 otel_trace_id= otel_span_id= request_id=req-get-document-001 business_trace_id=trace-get-document-001 tenant_id=tenant-001 document_id= ingestion_job_id= - grpc.request.complete document.DocumentService/GetDocument
2026-06-04 11:45:49.387 [grpc-default-executor-14] INFO  b.c.q.i.QueryObservabilityInterceptor otel_trace_id=1ca568ce26c73af82f899009078d61d8 otel_span_id=3ec7f1a7435f64cc request_id=req-get-document-001 business_trace_id=trace-get-document-001 tenant_id=tenant-001 document_id= ingestion_job_id= - query.start GetDocumentQuery
2026-06-04 11:45:49.400 [grpc-default-executor-14] INFO  b.c.q.i.QueryObservabilityInterceptor otel_trace_id=1ca568ce26c73af82f899009078d61d8 otel_span_id=3ec7f1a7435f64cc request_id=req-get-document-001 business_trace_id=trace-get-document-001 tenant_id=tenant-001 document_id= ingestion_job_id= - query.complete GetDocumentQuery in 12 ms
2026-06-04 11:45:49.401 [grpc-default-executor-14] INFO  i.o.e.logging.LoggingSpanExporter otel_trace_id=1ca568ce26c73af82f899009078d61d8 otel_span_id=3ec7f1a7435f64cc request_id=req-get-document-001 business_trace_id=trace-get-document-001 tenant_id=tenant-001 document_id= ingestion_job_id= - 'query.GetDocumentQuery' : 1ca568ce26c73af82f899009078d61d8 765d781b448c5a14 INTERNAL [tracer: sparrowx-document-service:] {}
2026-06-04 11:45:49.406 [grpc-default-executor-14] INFO  b.i.g.i.GrpcLoggingInterceptor$1 otel_trace_id=1ca568ce26c73af82f899009078d61d8 otel_span_id=3ec7f1a7435f64cc request_id=req-get-document-001 business_trace_id=trace-get-document-001 tenant_id=tenant-001 document_id= ingestion_job_id= - grpc.response.send document.DocumentService/GetDocument
2026-06-04 11:45:49.408 [grpc-default-executor-14] INFO  i.o.e.logging.LoggingSpanExporter otel_trace_id=1ca568ce26c73af82f899009078d61d8 otel_span_id=3ec7f1a7435f64cc request_id=req-get-document-001 business_trace_id=trace-get-document-001 tenant_id=tenant-001 document_id= ingestion_job_id= - 'document.DocumentService/GetDocument' : 1ca568ce26c73af82f899009078d61d8 3ec7f1a7435f64cc SERVER [tracer: sparrowx-document-service:] AttributesMap{data={rpc.method=document.DocumentService/GetDocument, rpc.grpc.status_code=OK, rpc.system=grpc}, capacity=128, totalAddedValues=3}
2026-06-04 11:45:49.408 [grpc-default-executor-14] INFO  b.i.g.i.GrpcLoggingInterceptor$1 otel_trace_id=1ca568ce26c73af82f899009078d61d8 otel_span_id=3ec7f1a7435f64cc request_id=req-get-document-001 business_trace_id=trace-get-document-001 tenant_id=tenant-001 document_id= ingestion_job_id= - grpc.call.close document.DocumentService/GetDocument status=Status{code=OK, description=null, cause=null}
2026-06-04 11:45:49.409 [grpc-default-executor-14] INFO  b.i.g.i.GrpcLoggingInterceptor$2 otel_trace_id= otel_span_id= request_id= business_trace_id= tenant_id= document_id= ingestion_job_id= - grpc.call.complete document.DocumentService/GetDocument
2026-06-04 11:46:56.781 [grpc-default-executor-15] INFO  b.i.g.i.GrpcLoggingInterceptor otel_trace_id= otel_span_id= request_id= business_trace_id= tenant_id= document_id= ingestion_job_id= - grpc.call.start grpc.reflection.v1alpha.ServerReflection/ServerReflectionInfo
2026-06-04 11:46:56.781 [grpc-default-executor-15] INFO  b.i.g.i.GrpcTracingInterceptor otel_trace_id=d0a3934d6a208ef36abdcedcc9ba56c3 otel_span_id=fb5f3a15a3f67324 request_id= business_trace_id= tenant_id= document_id= ingestion_job_id= - trace.start: d0a3934d6a208ef36abdcedcc9ba56c3
2026-06-04 11:46:56.782 [grpc-default-executor-15] INFO  b.i.g.i.GrpcLoggingInterceptor$2 otel_trace_id= otel_span_id= request_id= business_trace_id= tenant_id= document_id= ingestion_job_id= - grpc.request.message grpc.reflection.v1alpha.ServerReflection/ServerReflectionInfo
2026-06-04 11:46:56.782 [grpc-default-executor-15] INFO  b.i.g.i.GrpcLoggingInterceptor$1 otel_trace_id=d0a3934d6a208ef36abdcedcc9ba56c3 otel_span_id=fb5f3a15a3f67324 request_id= business_trace_id= tenant_id= document_id= ingestion_job_id= - grpc.response.send grpc.reflection.v1alpha.ServerReflection/ServerReflectionInfo
2026-06-04 11:46:56.782 [grpc-default-executor-15] INFO  b.i.g.i.GrpcLoggingInterceptor$2 otel_trace_id= otel_span_id= request_id= business_trace_id= tenant_id= document_id= ingestion_job_id= - grpc.request.complete grpc.reflection.v1alpha.ServerReflection/ServerReflectionInfo
2026-06-04 11:46:56.794 [grpc-default-executor-15] INFO  i.o.e.logging.LoggingSpanExporter otel_trace_id=d0a3934d6a208ef36abdcedcc9ba56c3 otel_span_id=fb5f3a15a3f67324 request_id= business_trace_id= tenant_id= document_id= ingestion_job_id= - 'grpc.reflection.v1alpha.ServerReflection/ServerReflectionInfo' : d0a3934d6a208ef36abdcedcc9ba56c3 fb5f3a15a3f67324 SERVER [tracer: sparrowx-document-service:] AttributesMap{data={rpc.method=grpc.reflection.v1alpha.ServerReflection/ServerReflectionInfo, rpc.grpc.status_code=OK, rpc.system=grpc}, capacity=128, totalAddedValues=3}
2026-06-04 11:46:56.795 [grpc-default-executor-15] INFO  b.i.g.i.GrpcLoggingInterceptor$1 otel_trace_id=d0a3934d6a208ef36abdcedcc9ba56c3 otel_span_id=fb5f3a15a3f67324 request_id= business_trace_id= tenant_id= document_id= ingestion_job_id= - grpc.call.close grpc.reflection.v1alpha.ServerReflection/ServerReflectionInfo status=Status{code=OK, description=null, cause=null}
2026-06-04 11:46:56.796 [grpc-default-executor-15] INFO  b.i.g.i.GrpcLoggingInterceptor$2 otel_trace_id= otel_span_id= request_id= business_trace_id= tenant_id= document_id= ingestion_job_id= - grpc.call.complete grpc.reflection.v1alpha.ServerReflection/ServerReflectionInfo
2026-06-04 11:46:56.800 [grpc-default-executor-16] INFO  b.i.g.i.GrpcLoggingInterceptor otel_trace_id= otel_span_id= request_id= business_trace_id= tenant_id= document_id= ingestion_job_id= - grpc.call.start grpc.reflection.v1alpha.ServerReflection/ServerReflectionInfo
2026-06-04 11:46:56.801 [grpc-default-executor-17] INFO  b.i.g.i.GrpcLoggingInterceptor otel_trace_id= otel_span_id= request_id= business_trace_id= tenant_id= document_id= ingestion_job_id= - grpc.call.start grpc.reflection.v1alpha.ServerReflection/ServerReflectionInfo
2026-06-04 11:46:56.801 [grpc-default-executor-16] INFO  b.i.g.i.GrpcTracingInterceptor otel_trace_id=66cc25238b5771a3166fc7ab77afb93a otel_span_id=d6d9aebd9686cdc1 request_id= business_trace_id= tenant_id= document_id= ingestion_job_id= - trace.start: 66cc25238b5771a3166fc7ab77afb93a
2026-06-04 11:46:56.801 [grpc-default-executor-17] INFO  b.i.g.i.GrpcTracingInterceptor otel_trace_id=470cb1af6a37b6180917a6c9f8f971bb otel_span_id=0d9ee8760f2d35dc request_id= business_trace_id= tenant_id= document_id= ingestion_job_id= - trace.start: 470cb1af6a37b6180917a6c9f8f971bb
2026-06-04 11:46:56.802 [grpc-default-executor-17] INFO  b.i.g.i.GrpcLoggingInterceptor$2 otel_trace_id= otel_span_id= request_id= business_trace_id= tenant_id= document_id= ingestion_job_id= - grpc.request.message grpc.reflection.v1alpha.ServerReflection/ServerReflectionInfo
2026-06-04 11:46:56.802 [grpc-default-executor-16] INFO  b.i.g.i.GrpcLoggingInterceptor$2 otel_trace_id= otel_span_id= request_id= business_trace_id= tenant_id= document_id= ingestion_job_id= - grpc.request.message grpc.reflection.v1alpha.ServerReflection/ServerReflectionInfo
2026-06-04 11:46:56.802 [grpc-default-executor-17] INFO  b.i.g.i.GrpcLoggingInterceptor$1 otel_trace_id=66cc25238b5771a3166fc7ab77afb93a otel_span_id=d6d9aebd9686cdc1 request_id= business_trace_id= tenant_id= document_id= ingestion_job_id= - grpc.response.send grpc.reflection.v1alpha.ServerReflection/ServerReflectionInfo
2026-06-04 11:46:56.804 [grpc-default-executor-17] INFO  b.i.g.i.GrpcLoggingInterceptor$2 otel_trace_id= otel_span_id= request_id= business_trace_id= tenant_id= document_id= ingestion_job_id= - grpc.request.complete grpc.reflection.v1alpha.ServerReflection/ServerReflectionInfo
2026-06-04 11:46:56.802 [grpc-default-executor-16] INFO  b.i.g.i.GrpcLoggingInterceptor$1 otel_trace_id=470cb1af6a37b6180917a6c9f8f971bb otel_span_id=0d9ee8760f2d35dc request_id= business_trace_id= tenant_id= document_id= ingestion_job_id= - grpc.response.send grpc.reflection.v1alpha.ServerReflection/ServerReflectionInfo
2026-06-04 11:46:56.805 [grpc-default-executor-17] INFO  i.o.e.logging.LoggingSpanExporter otel_trace_id=66cc25238b5771a3166fc7ab77afb93a otel_span_id=d6d9aebd9686cdc1 request_id= business_trace_id= tenant_id= document_id= ingestion_job_id= - 'grpc.reflection.v1alpha.ServerReflection/ServerReflectionInfo' : 66cc25238b5771a3166fc7ab77afb93a d6d9aebd9686cdc1 SERVER [tracer: sparrowx-document-service:] AttributesMap{data={rpc.method=grpc.reflection.v1alpha.ServerReflection/ServerReflectionInfo, rpc.grpc.status_code=OK, rpc.system=grpc}, capacity=128, totalAddedValues=3}
2026-06-04 11:46:56.807 [grpc-default-executor-17] INFO  b.i.g.i.GrpcLoggingInterceptor$1 otel_trace_id=66cc25238b5771a3166fc7ab77afb93a otel_span_id=d6d9aebd9686cdc1 request_id= business_trace_id= tenant_id= document_id= ingestion_job_id= - grpc.call.close grpc.reflection.v1alpha.ServerReflection/ServerReflectionInfo status=Status{code=OK, description=null, cause=null}
2026-06-04 11:46:56.808 [grpc-default-executor-17] INFO  b.i.g.i.GrpcLoggingInterceptor$2 otel_trace_id= otel_span_id= request_id= business_trace_id= tenant_id= document_id= ingestion_job_id= - grpc.call.complete grpc.reflection.v1alpha.ServerReflection/ServerReflectionInfo
2026-06-04 11:46:56.809 [grpc-default-executor-16] INFO  b.i.g.i.GrpcLoggingInterceptor$2 otel_trace_id= otel_span_id= request_id= business_trace_id= tenant_id= document_id= ingestion_job_id= - grpc.request.complete grpc.reflection.v1alpha.ServerReflection/ServerReflectionInfo
2026-06-04 11:46:56.810 [grpc-default-executor-16] INFO  i.o.e.logging.LoggingSpanExporter otel_trace_id=470cb1af6a37b6180917a6c9f8f971bb otel_span_id=0d9ee8760f2d35dc request_id= business_trace_id= tenant_id= document_id= ingestion_job_id= - 'grpc.reflection.v1alpha.ServerReflection/ServerReflectionInfo' : 470cb1af6a37b6180917a6c9f8f971bb 0d9ee8760f2d35dc SERVER [tracer: sparrowx-document-service:] AttributesMap{data={rpc.method=grpc.reflection.v1alpha.ServerReflection/ServerReflectionInfo, rpc.grpc.status_code=OK, rpc.system=grpc}, capacity=128, totalAddedValues=3}
2026-06-04 11:46:56.810 [grpc-default-executor-16] INFO  b.i.g.i.GrpcLoggingInterceptor$1 otel_trace_id=470cb1af6a37b6180917a6c9f8f971bb otel_span_id=0d9ee8760f2d35dc request_id= business_trace_id= tenant_id= document_id= ingestion_job_id= - grpc.call.close grpc.reflection.v1alpha.ServerReflection/ServerReflectionInfo status=Status{code=OK, description=null, cause=null}
2026-06-04 11:46:56.817 [grpc-default-executor-16] INFO  b.i.g.i.GrpcLoggingInterceptor$2 otel_trace_id= otel_span_id= request_id= business_trace_id= tenant_id= document_id= ingestion_job_id= - grpc.call.complete grpc.reflection.v1alpha.ServerReflection/ServerReflectionInfo
2026-06-04 11:47:14.659 [grpc-default-executor-16] INFO  b.i.g.i.GrpcLoggingInterceptor otel_trace_id= otel_span_id= request_id= business_trace_id= tenant_id= document_id= ingestion_job_id= - grpc.call.start document.DocumentService/GetIngestionJob
2026-06-04 11:47:14.659 [grpc-default-executor-16] INFO  b.i.g.i.GrpcTracingInterceptor otel_trace_id=fedbef2927c742c6bb56f0648c921011 otel_span_id=598cf54ff08fd7e4 request_id= business_trace_id= tenant_id= document_id= ingestion_job_id= - trace.start: fedbef2927c742c6bb56f0648c921011
2026-06-04 11:47:14.662 [grpc-default-executor-16] INFO  b.i.g.i.GrpcLoggingInterceptor$2 otel_trace_id= otel_span_id= request_id= business_trace_id= tenant_id= document_id= ingestion_job_id= - grpc.request.message document.DocumentService/GetIngestionJob
2026-06-04 11:47:14.663 [grpc-default-executor-16] INFO  b.i.g.i.GrpcLoggingInterceptor$2 otel_trace_id= otel_span_id= request_id=req-get-ingestion-job-001 business_trace_id=trace-get-ingestion-job-001 tenant_id=tenant-001 document_id= ingestion_job_id= - grpc.request.complete document.DocumentService/GetIngestionJob
2026-06-04 11:47:14.664 [grpc-default-executor-16] INFO  b.c.q.i.QueryObservabilityInterceptor otel_trace_id=fedbef2927c742c6bb56f0648c921011 otel_span_id=598cf54ff08fd7e4 request_id=req-get-ingestion-job-001 business_trace_id=trace-get-ingestion-job-001 tenant_id=tenant-001 document_id= ingestion_job_id= - query.start GetIngestionJobQuery
2026-06-04 11:47:14.684 [grpc-default-executor-16] INFO  b.c.q.i.QueryObservabilityInterceptor otel_trace_id=fedbef2927c742c6bb56f0648c921011 otel_span_id=598cf54ff08fd7e4 request_id=req-get-ingestion-job-001 business_trace_id=trace-get-ingestion-job-001 tenant_id=tenant-001 document_id= ingestion_job_id= - query.complete GetIngestionJobQuery in 20 ms
2026-06-04 11:47:14.685 [grpc-default-executor-16] INFO  i.o.e.logging.LoggingSpanExporter otel_trace_id=fedbef2927c742c6bb56f0648c921011 otel_span_id=598cf54ff08fd7e4 request_id=req-get-ingestion-job-001 business_trace_id=trace-get-ingestion-job-001 tenant_id=tenant-001 document_id= ingestion_job_id= - 'query.GetIngestionJobQuery' : fedbef2927c742c6bb56f0648c921011 5f66a4cc5fa9390f INTERNAL [tracer: sparrowx-document-service:] {}
2026-06-04 11:47:14.696 [grpc-default-executor-16] INFO  b.i.g.i.GrpcLoggingInterceptor$1 otel_trace_id=fedbef2927c742c6bb56f0648c921011 otel_span_id=598cf54ff08fd7e4 request_id=req-get-ingestion-job-001 business_trace_id=trace-get-ingestion-job-001 tenant_id=tenant-001 document_id= ingestion_job_id= - grpc.response.send document.DocumentService/GetIngestionJob
2026-06-04 11:47:14.696 [grpc-default-executor-16] INFO  i.o.e.logging.LoggingSpanExporter otel_trace_id=fedbef2927c742c6bb56f0648c921011 otel_span_id=598cf54ff08fd7e4 request_id=req-get-ingestion-job-001 business_trace_id=trace-get-ingestion-job-001 tenant_id=tenant-001 document_id= ingestion_job_id= - 'document.DocumentService/GetIngestionJob' : fedbef2927c742c6bb56f0648c921011 598cf54ff08fd7e4 SERVER [tracer: sparrowx-document-service:] AttributesMap{data={rpc.method=document.DocumentService/GetIngestionJob, rpc.grpc.status_code=OK, rpc.system=grpc}, capacity=128, totalAddedValues=3}
2026-06-04 11:47:14.698 [grpc-default-executor-16] INFO  b.i.g.i.GrpcLoggingInterceptor$1 otel_trace_id=fedbef2927c742c6bb56f0648c921011 otel_span_id=598cf54ff08fd7e4 request_id=req-get-ingestion-job-001 business_trace_id=trace-get-ingestion-job-001 tenant_id=tenant-001 document_id= ingestion_job_id= - grpc.call.close document.DocumentService/GetIngestionJob status=Status{code=OK, description=null, cause=null}
2026-06-04 11:47:14.698 [grpc-default-executor-16] INFO  b.i.g.i.GrpcLoggingInterceptor$2 otel_trace_id= otel_span_id= request_id= business_trace_id= tenant_id= document_id= ingestion_job_id= - grpc.call.complete document.DocumentService/GetIngestionJob
2026-06-04 11:48:05.133 [grpc-default-executor-16] INFO  b.i.g.i.GrpcLoggingInterceptor otel_trace_id= otel_span_id= request_id= business_trace_id= tenant_id= document_id= ingestion_job_id= - grpc.call.start document.DocumentService/BuildDocumentEvidence
2026-06-04 11:48:05.133 [grpc-default-executor-16] INFO  b.i.g.i.GrpcTracingInterceptor otel_trace_id=5c7f2ddb592eb96cdbf81c5a8a245c45 otel_span_id=024531eed343051e request_id= business_trace_id= tenant_id= document_id= ingestion_job_id= - trace.start: 5c7f2ddb592eb96cdbf81c5a8a245c45
2026-06-04 11:48:05.134 [grpc-default-executor-16] INFO  b.i.g.i.GrpcLoggingInterceptor$2 otel_trace_id= otel_span_id= request_id= business_trace_id= tenant_id= document_id= ingestion_job_id= - grpc.request.message document.DocumentService/BuildDocumentEvidence
2026-06-04 11:48:05.134 [grpc-default-executor-16] INFO  b.i.g.i.GrpcLoggingInterceptor$2 otel_trace_id= otel_span_id= request_id=req-build-evidence-contradiction-activity-more-than-mindwandering-001 business_trace_id=trace-build-evidence-contradiction-activity-more-than-mindwandering-001 tenant_id=tenant-001 document_id= ingestion_job_id= - grpc.request.complete document.DocumentService/BuildDocumentEvidence
2026-06-04 11:48:05.134 [grpc-default-executor-16] INFO  b.c.c.i.CommandObservabilityInterceptor otel_trace_id=5c7f2ddb592eb96cdbf81c5a8a245c45 otel_span_id=024531eed343051e request_id=req-build-evidence-contradiction-activity-more-than-mindwandering-001 business_trace_id=trace-build-evidence-contradiction-activity-more-than-mindwandering-001 tenant_id=tenant-001 document_id= ingestion_job_id= - command.start BuildDocumentEvidenceCommand
2026-06-04 11:48:05.134 [grpc-default-executor-16] INFO  c.s.d.o.EvidenceBuildLogger otel_trace_id=5c7f2ddb592eb96cdbf81c5a8a245c45 otel_span_id=024531eed343051e request_id=req-build-evidence-contradiction-activity-more-than-mindwandering-001 business_trace_id=trace-build-evidence-contradiction-activity-more-than-mindwandering-001 tenant_id=tenant-001 document_id= ingestion_job_id= - Document evidence build requested tenantId=tenant-001 userId=user-001 projectId=project-001 teamId=team-001 goal=CONTRADICTION_DETECTION scopedDocumentCount=1 limit=6 allowClaimCache=false requireVerification=true
2026-06-04 11:48:43.640 [grpc-default-executor-16] INFO  c.s.d.o.EvidenceBuildLogger otel_trace_id=5c7f2ddb592eb96cdbf81c5a8a245c45 otel_span_id=024531eed343051e request_id=req-build-evidence-contradiction-activity-more-than-mindwandering-001 business_trace_id=trace-build-evidence-contradiction-activity-more-than-mindwandering-001 tenant_id=tenant-001 document_id= ingestion_job_id= - Document evidence build completed tenantId=tenant-001 userId=user-001 graphId=e236000e-4807-45a1-a819-0be3613b4e17 nodeCount=6 edgeCount=3 usedChunkRetrieval=true usedClaimCache=false coverageScore=1.0
2026-06-04 11:48:43.640 [grpc-default-executor-16] INFO  b.c.c.i.CommandObservabilityInterceptor otel_trace_id=5c7f2ddb592eb96cdbf81c5a8a245c45 otel_span_id=024531eed343051e request_id=req-build-evidence-contradiction-activity-more-than-mindwandering-001 business_trace_id=trace-build-evidence-contradiction-activity-more-than-mindwandering-001 tenant_id=tenant-001 document_id= ingestion_job_id= - command.complete BuildDocumentEvidenceCommand in 38507 ms
2026-06-04 11:48:43.640 [grpc-default-executor-16] INFO  i.o.e.logging.LoggingSpanExporter otel_trace_id=5c7f2ddb592eb96cdbf81c5a8a245c45 otel_span_id=024531eed343051e request_id=req-build-evidence-contradiction-activity-more-than-mindwandering-001 business_trace_id=trace-build-evidence-contradiction-activity-more-than-mindwandering-001 tenant_id=tenant-001 document_id= ingestion_job_id= - 'command.BuildDocumentEvidenceCommand' : 5c7f2ddb592eb96cdbf81c5a8a245c45 3a05d0bc657d056c INTERNAL [tracer: sparrowx-document-service:] {}
2026-06-04 11:48:43.644 [grpc-default-executor-16] INFO  b.i.g.i.GrpcLoggingInterceptor$1 otel_trace_id=5c7f2ddb592eb96cdbf81c5a8a245c45 otel_span_id=024531eed343051e request_id=req-build-evidence-contradiction-activity-more-than-mindwandering-001 business_trace_id=trace-build-evidence-contradiction-activity-more-than-mindwandering-001 tenant_id=tenant-001 document_id= ingestion_job_id= - grpc.response.send document.DocumentService/BuildDocumentEvidence
2026-06-04 11:48:43.645 [grpc-default-executor-16] INFO  i.o.e.logging.LoggingSpanExporter otel_trace_id=5c7f2ddb592eb96cdbf81c5a8a245c45 otel_span_id=024531eed343051e request_id=req-build-evidence-contradiction-activity-more-than-mindwandering-001 business_trace_id=trace-build-evidence-contradiction-activity-more-than-mindwandering-001 tenant_id=tenant-001 document_id= ingestion_job_id= - 'document.DocumentService/BuildDocumentEvidence' : 5c7f2ddb592eb96cdbf81c5a8a245c45 024531eed343051e SERVER [tracer: sparrowx-document-service:] AttributesMap{data={rpc.method=document.DocumentService/BuildDocumentEvidence, rpc.grpc.status_code=OK, rpc.system=grpc}, capacity=128, totalAddedValues=3}
2026-06-04 11:48:43.645 [grpc-default-executor-16] INFO  b.i.g.i.GrpcLoggingInterceptor$1 otel_trace_id=5c7f2ddb592eb96cdbf81c5a8a245c45 otel_span_id=024531eed343051e request_id=req-build-evidence-contradiction-activity-more-than-mindwandering-001 business_trace_id=trace-build-evidence-contradiction-activity-more-than-mindwandering-001 tenant_id=tenant-001 document_id= ingestion_job_id= - grpc.call.close document.DocumentService/BuildDocumentEvidence status=Status{code=OK, description=null, cause=null}
2026-06-04 11:48:43.647 [grpc-default-executor-16] INFO  b.i.g.i.GrpcLoggingInterceptor$2 otel_trace_id= otel_span_id= request_id= business_trace_id= tenant_id= document_id= ingestion_job_id= - grpc.call.complete document.DocumentService/BuildDocumentEvidence
2026-06-04 12:26:52.868 [SpringApplicationShutdownHook] INFO  n.d.b.g.s.s.GrpcServerLifecycle otel_trace_id= otel_span_id= request_id= business_trace_id= tenant_id= document_id= ingestion_job_id= - Completed gRPC server shutdown
2026-06-04 12:26:52.869 [SpringApplicationShutdownHook] INFO  o.s.boot.tomcat.GracefulShutdown otel_trace_id= otel_span_id= request_id= business_trace_id= tenant_id= document_id= ingestion_job_id= - Commencing graceful shutdown. Waiting for active requests to complete
2026-06-04 12:26:52.875 [tomcat-shutdown] INFO  o.s.boot.tomcat.GracefulShutdown otel_trace_id= otel_span_id= request_id= business_trace_id= tenant_id= document_id= ingestion_job_id= - Graceful shutdown complete
2026-06-04 12:26:52.890 [SpringApplicationShutdownHook] INFO  b.i.grpc.health.GrpcHealthAdapter otel_trace_id= otel_span_id= request_id= business_trace_id= tenant_id= document_id= ingestion_job_id= - Shutting down — setting gRPC global health to NOT_SERVING
2026-06-04 12:26:52.900 [SpringApplicationShutdownHook] INFO  o.s.o.j.LocalContainerEntityManagerFactoryBean otel_trace_id= otel_span_id= request_id= business_trace_id= tenant_id= document_id= ingestion_job_id= - Closing JPA EntityManagerFactory for persistence unit 'default'
2026-06-04 12:26:52.904 [SpringApplicationShutdownHook] INFO  com.zaxxer.hikari.HikariDataSource otel_trace_id= otel_span_id= request_id= business_trace_id= tenant_id= document_id= ingestion_job_id= - HikariPool-1 - Shutdown initiated...
2026-06-04 12:26:52.908 [SpringApplicationShutdownHook] INFO  com.zaxxer.hikari.HikariDataSource otel_trace_id= otel_span_id= request_id= business_trace_id= tenant_id= document_id= ingestion_job_id= - HikariPool-1 - Shutdown completed.
2026-06-04 12:27:52.046 [main] INFO  c.s.document.DocumentApplication otel_trace_id= otel_span_id= request_id= business_trace_id= tenant_id= document_id= ingestion_job_id= - Starting DocumentApplication using Java 25.0.2 with PID 3284 (D:\Projects\Sparrow-x\document-service\target\classes started by aggre in D:\Projects\Sparrow-x\document-service)
2026-06-04 12:27:52.047 [main] INFO  c.s.document.DocumentApplication otel_trace_id= otel_span_id= request_id= business_trace_id= tenant_id= document_id= ingestion_job_id= - The following 1 profile is active: "dev"
2026-06-04 12:27:52.897 [main] INFO  o.s.d.r.c.RepositoryConfigurationDelegate otel_trace_id= otel_span_id= request_id= business_trace_id= tenant_id= document_id= ingestion_job_id= - Multiple Spring Data modules found, entering strict repository configuration mode
2026-06-04 12:27:52.897 [main] INFO  o.s.d.r.c.RepositoryConfigurationDelegate otel_trace_id= otel_span_id= request_id= business_trace_id= tenant_id= document_id= ingestion_job_id= - Bootstrapping Spring Data JPA repositories in DEFAULT mode.
2026-06-04 12:27:52.999 [main] INFO  o.s.d.r.c.RepositoryConfigurationDelegate otel_trace_id= otel_span_id= request_id= business_trace_id= tenant_id= document_id= ingestion_job_id= - Finished Spring Data repository scanning in 93 ms. Found 5 JPA repository interfaces.
2026-06-04 12:27:53.782 [main] INFO  o.s.d.r.c.RepositoryConfigurationDelegate otel_trace_id= otel_span_id= request_id= business_trace_id= tenant_id= document_id= ingestion_job_id= - Multiple Spring Data modules found, entering strict repository configuration mode
2026-06-04 12:27:53.783 [main] INFO  o.s.d.r.c.RepositoryConfigurationDelegate otel_trace_id= otel_span_id= request_id= business_trace_id= tenant_id= document_id= ingestion_job_id= - Bootstrapping Spring Data Redis repositories in DEFAULT mode.
2026-06-04 12:27:53.862 [main] INFO  o.s.d.r.c.RepositoryConfigurationExtensionSupport otel_trace_id= otel_span_id= request_id= business_trace_id= tenant_id= document_id= ingestion_job_id= - Spring Data Redis - Could not safely identify store assignment for repository candidate interface com.sparrowx.document.data.postgres.repositories.DocumentChunkRepository; If you want this repository to be a Redis repository, consider annotating your entities with one of these annotations: org.springframework.data.redis.core.RedisHash (preferred), or consider extending one of the following types with your repository: org.springframework.data.keyvalue.repository.KeyValueRepository
2026-06-04 12:27:53.863 [main] INFO  o.s.d.r.c.RepositoryConfigurationExtensionSupport otel_trace_id= otel_span_id= request_id= business_trace_id= tenant_id= document_id= ingestion_job_id= - Spring Data Redis - Could not safely identify store assignment for repository candidate interface com.sparrowx.document.data.postgres.repositories.DocumentRepository; If you want this repository to be a Redis repository, consider annotating your entities with one of these annotations: org.springframework.data.redis.core.RedisHash (preferred), or consider extending one of the following types with your repository: org.springframework.data.keyvalue.repository.KeyValueRepository
2026-06-04 12:27:53.864 [main] INFO  o.s.d.r.c.RepositoryConfigurationExtensionSupport otel_trace_id= otel_span_id= request_id= business_trace_id= tenant_id= document_id= ingestion_job_id= - Spring Data Redis - Could not safely identify store assignment for repository candidate interface com.sparrowx.document.data.postgres.repositories.IngestionJobRepository; If you want this repository to be a Redis repository, consider annotating your entities with one of these annotations: org.springframework.data.redis.core.RedisHash (preferred), or consider extending one of the following types with your repository: org.springframework.data.keyvalue.repository.KeyValueRepository
2026-06-04 12:27:53.864 [main] INFO  o.s.d.r.c.RepositoryConfigurationDelegate otel_trace_id= otel_span_id= request_id= business_trace_id= tenant_id= document_id= ingestion_job_id= - Finished Spring Data repository scanning in 71 ms. Found 0 Redis repository interfaces.
2026-06-04 12:27:55.415 [main] INFO  o.s.boot.tomcat.TomcatWebServer otel_trace_id= otel_span_id= request_id= business_trace_id= tenant_id= document_id= ingestion_job_id= - Tomcat initialized with port 8081 (http)
2026-06-04 12:27:55.433 [main] INFO  o.a.catalina.core.StandardService otel_trace_id= otel_span_id= request_id= business_trace_id= tenant_id= document_id= ingestion_job_id= - Starting service [Tomcat]
2026-06-04 12:27:55.433 [main] INFO  o.a.catalina.core.StandardEngine otel_trace_id= otel_span_id= request_id= business_trace_id= tenant_id= document_id= ingestion_job_id= - Starting Servlet engine: [Apache Tomcat/11.0.21]
2026-06-04 12:27:55.588 [main] INFO  o.s.b.w.c.s.WebApplicationContextInitializer otel_trace_id= otel_span_id= request_id= business_trace_id= tenant_id= document_id= ingestion_job_id= - Root WebApplicationContext: initialization completed in 3504 ms
2026-06-04 12:27:55.812 [main] INFO  org.hibernate.orm.jpa otel_trace_id= otel_span_id= request_id= business_trace_id= tenant_id= document_id= ingestion_job_id= - HHH008540: Processing PersistenceUnitInfo [name: default]
2026-06-04 12:27:55.858 [main] INFO  org.hibernate.orm.core otel_trace_id= otel_span_id= request_id= business_trace_id= tenant_id= document_id= ingestion_job_id= - HHH000001: Hibernate ORM core version 7.2.12.Final
2026-06-04 12:27:56.238 [main] INFO  o.s.o.j.p.SpringPersistenceUnitInfo otel_trace_id= otel_span_id= request_id= business_trace_id= tenant_id= document_id= ingestion_job_id= - No LoadTimeWeaver setup: ignoring JPA class transformer
2026-06-04 12:27:56.270 [main] INFO  com.zaxxer.hikari.HikariDataSource otel_trace_id= otel_span_id= request_id= business_trace_id= tenant_id= document_id= ingestion_job_id= - HikariPool-1 - Starting...
2026-06-04 12:27:56.438 [main] INFO  com.zaxxer.hikari.pool.HikariPool otel_trace_id= otel_span_id= request_id= business_trace_id= tenant_id= document_id= ingestion_job_id= - HikariPool-1 - Added connection org.postgresql.jdbc.PgConnection@79f6b43a
2026-06-04 12:27:56.440 [main] INFO  com.zaxxer.hikari.HikariDataSource otel_trace_id= otel_span_id= request_id= business_trace_id= tenant_id= document_id= ingestion_job_id= - HikariPool-1 - Start completed.
2026-06-04 12:27:56.508 [main] INFO  o.hibernate.orm.connections.pooling otel_trace_id= otel_span_id= request_id= business_trace_id= tenant_id= document_id= ingestion_job_id= - HHH10001005: Database info:
	Database JDBC URL [jdbc:postgresql://localhost:5432/postgres]
	Database driver: PostgreSQL JDBC Driver
	Database dialect: PostgreSQLDialect
	Database version: 16.13
	Default catalog/schema: postgres/public
	Autocommit mode: undefined/unknown
	Isolation level: READ_COMMITTED [default READ_COMMITTED]
	JDBC fetch size: none
	Pool: DataSourceConnectionProvider
	Minimum pool size: undefined/unknown
	Maximum pool size: undefined/unknown
2026-06-04 12:27:57.370 [main] INFO  org.hibernate.orm.core otel_trace_id= otel_span_id= request_id= business_trace_id= tenant_id= document_id= ingestion_job_id= - HHH000489: No JTA platform available (set 'hibernate.transaction.jta.platform' to enable JTA platform integration)
2026-06-04 12:27:57.420 [main] INFO  o.s.o.j.LocalContainerEntityManagerFactoryBean otel_trace_id= otel_span_id= request_id= business_trace_id= tenant_id= document_id= ingestion_job_id= - Initialized JPA EntityManagerFactory for persistence unit 'default'
2026-06-04 12:27:57.901 [main] INFO  o.s.d.j.r.q.QueryEnhancerFactories otel_trace_id= otel_span_id= request_id= business_trace_id= tenant_id= document_id= ingestion_job_id= - Hibernate is in classpath; If applicable, HQL parser will be used.
2026-06-04 12:27:59.181 [main] INFO  n.d.b.g.s.a.GrpcServerFactoryAutoConfiguration otel_trace_id= otel_span_id= request_id= business_trace_id= tenant_id= document_id= ingestion_job_id= - Detected grpc-netty-shaded: Creating ShadedNettyGrpcServerFactory
2026-06-04 12:27:59.550 [main] INFO  o.s.b.a.e.web.EndpointLinksResolver otel_trace_id= otel_span_id= request_id= business_trace_id= tenant_id= document_id= ingestion_job_id= - Exposing 3 endpoints beneath base path '/actuator'
2026-06-04 12:27:59.571 [main] WARN  o.s.a.m.a.p.s.SyncMcpSamplingProvider otel_trace_id= otel_span_id= request_id= business_trace_id= tenant_id= document_id= ingestion_job_id= - No sampling methods found
2026-06-04 12:27:59.572 [main] WARN  o.s.a.m.a.p.e.SyncMcpElicitationProvider otel_trace_id= otel_span_id= request_id= business_trace_id= tenant_id= document_id= ingestion_job_id= - No elicitation methods found
2026-06-04 12:27:59.619 [main] INFO  o.s.boot.tomcat.TomcatWebServer otel_trace_id= otel_span_id= request_id= business_trace_id= tenant_id= document_id= ingestion_job_id= - Tomcat started on port 8081 (http) with context path '/'
2026-06-04 12:27:59.686 [main] INFO  n.d.b.g.s.s.AbstractGrpcServerFactory otel_trace_id= otel_span_id= request_id= business_trace_id= tenant_id= document_id= ingestion_job_id= - Registered gRPC service: document.DocumentService, bean: documentServiceGrpcImpl, class: com.sparrowx.document.grpc.DocumentServiceGrpcImpl
2026-06-04 12:27:59.687 [main] INFO  n.d.b.g.s.s.AbstractGrpcServerFactory otel_trace_id= otel_span_id= request_id= business_trace_id= tenant_id= document_id= ingestion_job_id= - Registered gRPC service: grpc.health.v1.Health, bean: grpcHealthService, class: io.grpc.protobuf.services.HealthServiceImpl
2026-06-04 12:27:59.687 [main] INFO  n.d.b.g.s.s.AbstractGrpcServerFactory otel_trace_id= otel_span_id= request_id= business_trace_id= tenant_id= document_id= ingestion_job_id= - Registered gRPC service: grpc.reflection.v1alpha.ServerReflection, bean: protoReflectionService, class: io.grpc.protobuf.services.ProtoReflectionService
2026-06-04 12:27:59.790 [main] INFO  n.d.b.g.s.s.GrpcServerLifecycle otel_trace_id= otel_span_id= request_id= business_trace_id= tenant_id= document_id= ingestion_job_id= - gRPC Server started, listening on address: *, port: 50054
2026-06-04 12:27:59.801 [main] INFO  c.s.document.DocumentApplication otel_trace_id= otel_span_id= request_id= business_trace_id= tenant_id= document_id= ingestion_job_id= - Started DocumentApplication in 8.293 seconds (process running for 8.816)
2026-06-04 12:27:59.950 [main] INFO  c.s.d.d.q.QdrantCollectionInitializer otel_trace_id= otel_span_id= request_id= business_trace_id= tenant_id= document_id= ingestion_job_id= - Qdrant collection already exists: sparrowx_document_chunks
2026-06-04 12:27:59.951 [main] WARN  o.s.c.events.SpringDocAppInitializer otel_trace_id= otel_span_id= request_id= business_trace_id= tenant_id= document_id= ingestion_job_id= - SpringDoc /v3/api-docs endpoint is enabled by default. To disable it in production, set the property 'springdoc.api-docs.enabled=false'
2026-06-04 12:27:59.951 [main] WARN  o.s.c.events.SpringDocAppInitializer otel_trace_id= otel_span_id= request_id= business_trace_id= tenant_id= document_id= ingestion_job_id= - SpringDoc /swagger-ui.html endpoint is enabled by default. To disable it in production, set the property 'springdoc.swagger-ui.enabled=false'
2026-06-04 12:28:00.108 [main] INFO  c.s.d.g.h.DocumentServiceStartupCheck otel_trace_id= otel_span_id= request_id= business_trace_id= tenant_id= document_id= ingestion_job_id= - Document service startup check complete documentCount=27 storageProvider=MinioDocumentStorage
2026-06-04 12:28:00.120 [main] INFO  b.i.grpc.health.GrpcHealthAdapter otel_trace_id= otel_span_id= request_id= business_trace_id= tenant_id= document_id= ingestion_job_id= - Application ready — setting gRPC global health to SERVING
2026-06-04 12:28:00.860 [http-nio-8081-exec-2] INFO  o.a.c.c.C.[Tomcat].[localhost].[/] otel_trace_id= otel_span_id= request_id= business_trace_id= tenant_id= document_id= ingestion_job_id= - Initializing Spring DispatcherServlet 'dispatcherServlet'
2026-06-04 12:28:00.860 [http-nio-8081-exec-2] INFO  o.s.web.servlet.DispatcherServlet otel_trace_id= otel_span_id= request_id= business_trace_id= tenant_id= document_id= ingestion_job_id= - Initializing Servlet 'dispatcherServlet'
2026-06-04 12:28:00.863 [http-nio-8081-exec-2] INFO  o.s.web.servlet.DispatcherServlet otel_trace_id= otel_span_id= request_id= business_trace_id= tenant_id= document_id= ingestion_job_id= - Completed initialization in 2 ms
2026-06-04 12:29:06.368 [grpc-default-executor-0] INFO  b.i.g.i.GrpcLoggingInterceptor otel_trace_id= otel_span_id= request_id= business_trace_id= tenant_id= document_id= ingestion_job_id= - grpc.call.start document.DocumentService/BuildDocumentEvidence
2026-06-04 12:29:06.403 [grpc-default-executor-0] INFO  b.i.g.i.GrpcTracingInterceptor otel_trace_id=a29bd36f386b4958784daf0e6ad110d5 otel_span_id=ce9f2d02e3c10e2e request_id= business_trace_id= tenant_id= document_id= ingestion_job_id= - trace.start: a29bd36f386b4958784daf0e6ad110d5
2026-06-04 12:29:06.602 [grpc-default-executor-0] INFO  b.i.g.i.GrpcLoggingInterceptor$2 otel_trace_id= otel_span_id= request_id= business_trace_id= tenant_id= document_id= ingestion_job_id= - grpc.request.message document.DocumentService/BuildDocumentEvidence
2026-06-04 12:29:06.614 [grpc-default-executor-0] INFO  b.i.g.i.GrpcLoggingInterceptor$2 otel_trace_id= otel_span_id= request_id=req-build-evidence-contradiction-activity-more-than-mindwandering-002 business_trace_id=trace-build-evidence-contradiction-activity-more-than-mindwandering-002 tenant_id=tenant-001 document_id= ingestion_job_id= - grpc.request.complete document.DocumentService/BuildDocumentEvidence
2026-06-04 12:29:06.629 [grpc-default-executor-0] INFO  b.c.c.i.CommandObservabilityInterceptor otel_trace_id=a29bd36f386b4958784daf0e6ad110d5 otel_span_id=ce9f2d02e3c10e2e request_id=req-build-evidence-contradiction-activity-more-than-mindwandering-002 business_trace_id=trace-build-evidence-contradiction-activity-more-than-mindwandering-002 tenant_id=tenant-001 document_id= ingestion_job_id= - command.start BuildDocumentEvidenceCommand
2026-06-04 12:29:06.629 [grpc-default-executor-0] INFO  c.s.d.o.EvidenceBuildLogger otel_trace_id=a29bd36f386b4958784daf0e6ad110d5 otel_span_id=ce9f2d02e3c10e2e request_id=req-build-evidence-contradiction-activity-more-than-mindwandering-002 business_trace_id=trace-build-evidence-contradiction-activity-more-than-mindwandering-002 tenant_id=tenant-001 document_id= ingestion_job_id= - Document evidence build requested tenantId=tenant-001 userId=user-001 projectId=project-001 teamId=team-001 goal=CONTRADICTION_DETECTION scopedDocumentCount=1 limit=6 allowClaimCache=false requireVerification=true
2026-06-04 12:29:53.249 [grpc-default-executor-0] ERROR c.s.d.o.EvidenceBuildLogger otel_trace_id=a29bd36f386b4958784daf0e6ad110d5 otel_span_id=ce9f2d02e3c10e2e request_id=req-build-evidence-contradiction-activity-more-than-mindwandering-002 business_trace_id=trace-build-evidence-contradiction-activity-more-than-mindwandering-002 tenant_id=tenant-001 document_id= ingestion_job_id= - Document evidence build failed tenantId=tenant-001 userId=user-001 reason=null
2026-06-04 12:29:53.249 [grpc-default-executor-0] ERROR b.c.c.i.CommandObservabilityInterceptor otel_trace_id=a29bd36f386b4958784daf0e6ad110d5 otel_span_id=ce9f2d02e3c10e2e request_id=req-build-evidence-contradiction-activity-more-than-mindwandering-002 business_trace_id=trace-build-evidence-contradiction-activity-more-than-mindwandering-002 tenant_id=tenant-001 document_id= ingestion_job_id= - command.failed BuildDocumentEvidenceCommand after 46622 ms
com.sparrowx.document.exceptions.RetrievalFailedException: Build document evidence failed
	at com.sparrowx.document.features.builddocumentevidence.BuildDocumentEvidenceCommandHandler.handle(BuildDocumentEvidenceCommandHandler.java:70)
	at java.base/jdk.internal.reflect.DirectMethodHandleAccessor.invoke(DirectMethodHandleAccessor.java:104)
	at java.base/java.lang.reflect.Method.invoke(Method.java:565)
	at org.springframework.aop.support.AopUtils.invokeJoinpointUsingReflection(AopUtils.java:359)
	at org.springframework.aop.framework.ReflectiveMethodInvocation.invokeJoinpoint(ReflectiveMethodInvocation.java:190)
	at org.springframework.aop.framework.ReflectiveMethodInvocation.proceed(ReflectiveMethodInvocation.java:158)
	at org.springframework.transaction.interceptor.TransactionInterceptor$1.proceedWithInvocation(TransactionInterceptor.java:133)
	at org.springframework.transaction.interceptor.TransactionAspectSupport.invokeWithinTransaction(TransactionAspectSupport.java:371)
	at org.springframework.transaction.interceptor.TransactionInterceptor.invoke(TransactionInterceptor.java:130)
	at org.springframework.aop.framework.ReflectiveMethodInvocation.proceed(ReflectiveMethodInvocation.java:179)
	at org.springframework.aop.framework.CglibAopProxy$DynamicAdvisedInterceptor.intercept(CglibAopProxy.java:719)
	at com.sparrowx.document.features.builddocumentevidence.BuildDocumentEvidenceCommandHandler$$SpringCGLIB$$0.handle(<generated>)
	at buildingblocks.core.commands.CommandBusImpl.lambda$buildInterceptorChain$0(CommandBusImpl.java:88)
	at buildingblocks.core.commands.interceptors.CommandObservabilityInterceptor.lambda$intercept$1(CommandObservabilityInterceptor.java:32)
	at buildingblocks.core.observability.BaseObservabilityInterceptor.observe(BaseObservabilityInterceptor.java:19)
	at buildingblocks.core.commands.interceptors.CommandObservabilityInterceptor.lambda$intercept$0(CommandObservabilityInterceptor.java:29)
	at buildingblocks.core.observability.BaseTracer.lambda$trace$0(BaseTracer.java:22)
	at buildingblocks.core.observability.BaseTracer.trace(BaseTracer.java:32)
	at buildingblocks.core.observability.BaseTracer.trace(BaseTracer.java:22)
	at buildingblocks.core.commands.interceptors.CommandObservabilityInterceptor.intercept(CommandObservabilityInterceptor.java:27)
	at buildingblocks.core.commands.CommandBusImpl.lambda$buildInterceptorChain$1(CommandBusImpl.java:96)
	at buildingblocks.core.commands.interceptors.CommandAuthInterceptor.intercept(CommandAuthInterceptor.java:21)
	at buildingblocks.core.commands.CommandBusImpl.lambda$buildInterceptorChain$1(CommandBusImpl.java:96)
	at buildingblocks.core.commands.CommandBusImpl.lambda$dispatch$0(CommandBusImpl.java:44)
	at buildingblocks.infrastructure.persistence.UnitOfWorkImpl.lambda$execute$0(UnitOfWorkImpl.java:50)
	at org.springframework.transaction.support.TransactionTemplate.execute(TransactionTemplate.java:137)
	at buildingblocks.infrastructure.persistence.UnitOfWorkImpl.execute(UnitOfWorkImpl.java:37)
	at buildingblocks.core.commands.CommandBusImpl.dispatch(CommandBusImpl.java:44)
	at com.sparrowx.document.grpc.DocumentServiceGrpcImpl.buildDocumentEvidence(DocumentServiceGrpcImpl.java:142)
	at com.sparrowx.document.proto.DocumentServiceGrpc$MethodHandlers.invoke(DocumentServiceGrpc.java:690)
	at io.grpc.stub.ServerCalls$UnaryServerCallHandler$UnaryServerCallListener.onHalfClose(ServerCalls.java:182)
	at io.grpc.PartialForwardingServerCallListener.onHalfClose(PartialForwardingServerCallListener.java:35)
	at io.grpc.ForwardingServerCallListener.onHalfClose(ForwardingServerCallListener.java:23)
	at io.grpc.ForwardingServerCallListener$SimpleForwardingServerCallListener.onHalfClose(ForwardingServerCallListener.java:40)
	at io.grpc.Contexts$ContextualizedServerCallListener.onHalfClose(Contexts.java:86)
	at io.grpc.PartialForwardingServerCallListener.onHalfClose(PartialForwardingServerCallListener.java:35)
	at io.grpc.ForwardingServerCallListener.onHalfClose(ForwardingServerCallListener.java:23)
	at io.grpc.ForwardingServerCallListener$SimpleForwardingServerCallListener.onHalfClose(ForwardingServerCallListener.java:40)
	at buildingblocks.infrastructure.grpc.interceptors.GrpcExceptionInterceptor$2.onHalfClose(GrpcExceptionInterceptor.java:38)
	at io.grpc.PartialForwardingServerCallListener.onHalfClose(PartialForwardingServerCallListener.java:35)
	at io.grpc.ForwardingServerCallListener.onHalfClose(ForwardingServerCallListener.java:23)
	at io.grpc.ForwardingServerCallListener$SimpleForwardingServerCallListener.onHalfClose(ForwardingServerCallListener.java:40)
	at buildingblocks.infrastructure.grpc.interceptors.GrpcTracingInterceptor$2.lambda$onHalfClose$0(GrpcTracingInterceptor.java:103)
	at buildingblocks.infrastructure.grpc.interceptors.GrpcTracingInterceptor.withTraceMdc(GrpcTracingInterceptor.java:137)
	at buildingblocks.infrastructure.grpc.interceptors.GrpcTracingInterceptor$2.onHalfClose(GrpcTracingInterceptor.java:103)
	at io.grpc.PartialForwardingServerCallListener.onHalfClose(PartialForwardingServerCallListener.java:35)
	at io.grpc.ForwardingServerCallListener.onHalfClose(ForwardingServerCallListener.java:23)
	at io.grpc.ForwardingServerCallListener$SimpleForwardingServerCallListener.onHalfClose(ForwardingServerCallListener.java:40)
	at buildingblocks.infrastructure.grpc.interceptors.GrpcRequestContextMdcInterceptor$1.onHalfClose(GrpcRequestContextMdcInterceptor.java:38)
	at io.grpc.PartialForwardingServerCallListener.onHalfClose(PartialForwardingServerCallListener.java:35)
	at io.grpc.ForwardingServerCallListener.onHalfClose(ForwardingServerCallListener.java:23)
	at io.grpc.ForwardingServerCallListener$SimpleForwardingServerCallListener.onHalfClose(ForwardingServerCallListener.java:40)
	at io.grpc.PartialForwardingServerCallListener.onHalfClose(PartialForwardingServerCallListener.java:35)
	at io.grpc.ForwardingServerCallListener.onHalfClose(ForwardingServerCallListener.java:23)
	at io.grpc.ForwardingServerCallListener$SimpleForwardingServerCallListener.onHalfClose(ForwardingServerCallListener.java:40)
	at buildingblocks.infrastructure.grpc.interceptors.GrpcLoggingInterceptor$2.onHalfClose(GrpcLoggingInterceptor.java:53)
	at io.github.resilience4j.ratelimiter.RateLimiter.lambda$decorateCheckedRunnable$4(RateLimiter.java:253)
	at io.github.resilience4j.core.functions.CheckedRunnable.lambda$unchecked$0(CheckedRunnable.java:32)
	at io.github.resilience4j.bulkhead.Bulkhead.lambda$decorateRunnable$9(Bulkhead.java:249)
	at io.github.resilience4j.circuitbreaker.CircuitBreaker.lambda$decorateRunnable$8(CircuitBreaker.java:269)
	at buildingblocks.infrastructure.grpc.interceptors.GrpcResilienceInterceptor.runGuarded(GrpcResilienceInterceptor.java:70)
	at buildingblocks.infrastructure.grpc.interceptors.GrpcResilienceInterceptor$1.onHalfClose(GrpcResilienceInterceptor.java:42)
	at io.grpc.internal.ServerCallImpl$ServerStreamListenerImpl.halfClosed(ServerCallImpl.java:356)
	at io.grpc.internal.ServerImpl$JumpToApplicationThreadServerStreamListener$1HalfClosed.runInContext(ServerImpl.java:861)
	at io.grpc.internal.ContextRunnable.run(ContextRunnable.java:37)
	at io.grpc.internal.SerializingExecutor.run(SerializingExecutor.java:133)
	at java.base/java.util.concurrent.ThreadPoolExecutor.runWorker(ThreadPoolExecutor.java:1090)
	at java.base/java.util.concurrent.ThreadPoolExecutor$Worker.run(ThreadPoolExecutor.java:614)
	at java.base/java.lang.Thread.run(Thread.java:1474)
Caused by: java.lang.NullPointerException
	at java.base/java.util.Objects.requireNonNull(Objects.java:220)
	at java.base/java.util.ImmutableCollections$List12.<init>(ImmutableCollections.java:583)
	at java.base/java.util.List.of(List.java:935)
	at com.sparrowx.document.evidencegraph.EvidenceGraphPolicy.buildIntentTerms(EvidenceGraphPolicy.java:201)
	at com.sparrowx.document.evidencegraph.EvidenceGraphPolicy.evaluateIntentRelevance(EvidenceGraphPolicy.java:136)
	at com.sparrowx.document.evidencegraph.EvidenceGraphPolicy.evaluate(EvidenceGraphPolicy.java:104)
	at com.sparrowx.document.evidencegraph.EvidenceBuildOrchestrator.build(EvidenceBuildOrchestrator.java:128)
	at com.sparrowx.document.evidencegraph.DocumentEvidenceRuntime.build(DocumentEvidenceRuntime.java:35)
	at com.sparrowx.document.features.builddocumentevidence.BuildDocumentEvidenceCommandHandler.handle(BuildDocumentEvidenceCommandHandler.java:44)
	... 68 common frames omitted
2026-06-04 12:29:53.259 [grpc-default-executor-0] INFO  i.o.e.logging.LoggingSpanExporter otel_trace_id=a29bd36f386b4958784daf0e6ad110d5 otel_span_id=ce9f2d02e3c10e2e request_id=req-build-evidence-contradiction-activity-more-than-mindwandering-002 business_trace_id=trace-build-evidence-contradiction-activity-more-than-mindwandering-002 tenant_id=tenant-001 document_id= ingestion_job_id= - 'command.BuildDocumentEvidenceCommand' : a29bd36f386b4958784daf0e6ad110d5 cf74f0e7faa99d05 INTERNAL [tracer: sparrowx-document-service:] {}
2026-06-04 12:29:53.263 [grpc-default-executor-0] INFO  i.o.e.logging.LoggingSpanExporter otel_trace_id=a29bd36f386b4958784daf0e6ad110d5 otel_span_id=ce9f2d02e3c10e2e request_id= business_trace_id= tenant_id= document_id= ingestion_job_id= - 'document.DocumentService/BuildDocumentEvidence' : a29bd36f386b4958784daf0e6ad110d5 ce9f2d02e3c10e2e SERVER [tracer: sparrowx-document-service:] AttributesMap{data={rpc.method=document.DocumentService/BuildDocumentEvidence, rpc.grpc.status_code=INTERNAL, rpc.system=grpc}, capacity=128, totalAddedValues=3}
2026-06-04 12:29:53.267 [grpc-default-executor-0] INFO  b.i.g.i.GrpcLoggingInterceptor$1 otel_trace_id=a29bd36f386b4958784daf0e6ad110d5 otel_span_id=ce9f2d02e3c10e2e request_id= business_trace_id= tenant_id= document_id= ingestion_job_id= - grpc.call.close document.DocumentService/BuildDocumentEvidence status=Status{code=INTERNAL, description=Build document evidence failed, cause=com.sparrowx.document.exceptions.RetrievalFailedException: Build document evidence failed
	at com.sparrowx.document.features.builddocumentevidence.BuildDocumentEvidenceCommandHandler.handle(BuildDocumentEvidenceCommandHandler.java:70)
	at java.base/jdk.internal.reflect.DirectMethodHandleAccessor.invoke(DirectMethodHandleAccessor.java:104)
	at java.base/java.lang.reflect.Method.invoke(Method.java:565)
	at org.springframework.aop.support.AopUtils.invokeJoinpointUsingReflection(AopUtils.java:359)
	at org.springframework.aop.framework.ReflectiveMethodInvocation.invokeJoinpoint(ReflectiveMethodInvocation.java:190)
	at org.springframework.aop.framework.ReflectiveMethodInvocation.proceed(ReflectiveMethodInvocation.java:158)
	at org.springframework.transaction.interceptor.TransactionInterceptor$1.proceedWithInvocation(TransactionInterceptor.java:133)
	at org.springframework.transaction.interceptor.TransactionAspectSupport.invokeWithinTransaction(TransactionAspectSupport.java:371)
	at org.springframework.transaction.interceptor.TransactionInterceptor.invoke(TransactionInterceptor.java:130)
	at org.springframework.aop.framework.ReflectiveMethodInvocation.proceed(ReflectiveMethodInvocation.java:179)
	at org.springframework.aop.framework.CglibAopProxy$DynamicAdvisedInterceptor.intercept(CglibAopProxy.java:719)
	at com.sparrowx.document.features.builddocumentevidence.BuildDocumentEvidenceCommandHandler$$SpringCGLIB$$0.handle(<generated>)
	at buildingblocks.core.commands.CommandBusImpl.lambda$buildInterceptorChain$0(CommandBusImpl.java:88)
	at buildingblocks.core.commands.interceptors.CommandObservabilityInterceptor.lambda$intercept$1(CommandObservabilityInterceptor.java:32)
	at buildingblocks.core.observability.BaseObservabilityInterceptor.observe(BaseObservabilityInterceptor.java:19)
	at buildingblocks.core.commands.interceptors.CommandObservabilityInterceptor.lambda$intercept$0(CommandObservabilityInterceptor.java:29)
	at buildingblocks.core.observability.BaseTracer.lambda$trace$0(BaseTracer.java:22)
	at buildingblocks.core.observability.BaseTracer.trace(BaseTracer.java:32)
	at buildingblocks.core.observability.BaseTracer.trace(BaseTracer.java:22)
	at buildingblocks.core.commands.interceptors.CommandObservabilityInterceptor.intercept(CommandObservabilityInterceptor.java:27)
	at buildingblocks.core.commands.CommandBusImpl.lambda$buildInterceptorChain$1(CommandBusImpl.java:96)
	at buildingblocks.core.commands.interceptors.CommandAuthInterceptor.intercept(CommandAuthInterceptor.java:21)
	at buildingblocks.core.commands.CommandBusImpl.lambda$buildInterceptorChain$1(CommandBusImpl.java:96)
	at buildingblocks.core.commands.CommandBusImpl.lambda$dispatch$0(CommandBusImpl.java:44)
	at buildingblocks.infrastructure.persistence.UnitOfWorkImpl.lambda$execute$0(UnitOfWorkImpl.java:50)
	at org.springframework.transaction.support.TransactionTemplate.execute(TransactionTemplate.java:137)
	at buildingblocks.infrastructure.persistence.UnitOfWorkImpl.execute(UnitOfWorkImpl.java:37)
	at buildingblocks.core.commands.CommandBusImpl.dispatch(CommandBusImpl.java:44)
	at com.sparrowx.document.grpc.DocumentServiceGrpcImpl.buildDocumentEvidence(DocumentServiceGrpcImpl.java:142)
	at com.sparrowx.document.proto.DocumentServiceGrpc$MethodHandlers.invoke(DocumentServiceGrpc.java:690)
	at io.grpc.stub.ServerCalls$UnaryServerCallHandler$UnaryServerCallListener.onHalfClose(ServerCalls.java:182)
	at io.grpc.PartialForwardingServerCallListener.onHalfClose(PartialForwardingServerCallListener.java:35)
	at io.grpc.ForwardingServerCallListener.onHalfClose(ForwardingServerCallListener.java:23)
	at io.grpc.ForwardingServerCallListener$SimpleForwardingServerCallListener.onHalfClose(ForwardingServerCallListener.java:40)
	at io.grpc.Contexts$ContextualizedServerCallListener.onHalfClose(Contexts.java:86)
	at io.grpc.PartialForwardingServerCallListener.onHalfClose(PartialForwardingServerCallListener.java:35)
	at io.grpc.ForwardingServerCallListener.onHalfClose(ForwardingServerCallListener.java:23)
	at io.grpc.ForwardingServerCallListener$SimpleForwardingServerCallListener.onHalfClose(ForwardingServerCallListener.java:40)
	at buildingblocks.infrastructure.grpc.interceptors.GrpcExceptionInterceptor$2.onHalfClose(GrpcExceptionInterceptor.java:38)
	at io.grpc.PartialForwardingServerCallListener.onHalfClose(PartialForwardingServerCallListener.java:35)
	at io.grpc.ForwardingServerCallListener.onHalfClose(ForwardingServerCallListener.java:23)
	at io.grpc.ForwardingServerCallListener$SimpleForwardingServerCallListener.onHalfClose(ForwardingServerCallListener.java:40)
	at buildingblocks.infrastructure.grpc.interceptors.GrpcTracingInterceptor$2.lambda$onHalfClose$0(GrpcTracingInterceptor.java:103)
	at buildingblocks.infrastructure.grpc.interceptors.GrpcTracingInterceptor.withTraceMdc(GrpcTracingInterceptor.java:137)
	at buildingblocks.infrastructure.grpc.interceptors.GrpcTracingInterceptor$2.onHalfClose(GrpcTracingInterceptor.java:103)
	at io.grpc.PartialForwardingServerCallListener.onHalfClose(PartialForwardingServerCallListener.java:35)
	at io.grpc.ForwardingServerCallListener.onHalfClose(ForwardingServerCallListener.java:23)
	at io.grpc.ForwardingServerCallListener$SimpleForwardingServerCallListener.onHalfClose(ForwardingServerCallListener.java:40)
	at buildingblocks.infrastructure.grpc.interceptors.GrpcRequestContextMdcInterceptor$1.onHalfClose(GrpcRequestContextMdcInterceptor.java:38)
	at io.grpc.PartialForwardingServerCallListener.onHalfClose(PartialForwardingServerCallListener.java:35)
	at io.grpc.ForwardingServerCallListener.onHalfClose(ForwardingServerCallListener.java:23)
	at io.grpc.ForwardingServerCallListener$SimpleForwardingServerCallListener.onHalfClose(ForwardingServerCallListener.java:40)
	at io.grpc.PartialForwardingServerCallListener.onHalfClose(PartialForwardingServerCallListener.java:35)
	at io.grpc.ForwardingServerCallListener.onHalfClose(ForwardingServerCallListener.java:23)
	at io.grpc.ForwardingServerCallListener$SimpleForwardingServerCallListener.onHalfClose(ForwardingServerCallListener.java:40)
	at buildingblocks.infrastructure.grpc.interceptors.GrpcLoggingInterceptor$2.onHalfClose(GrpcLoggingInterceptor.java:53)
	at io.github.resilience4j.ratelimiter.RateLimiter.lambda$decorateCheckedRunnable$4(RateLimiter.java:253)
	at io.github.resilience4j.core.functions.CheckedRunnable.lambda$unchecked$0(CheckedRunnable.java:32)
	at io.github.resilience4j.bulkhead.Bulkhead.lambda$decorateRunnable$9(Bulkhead.java:249)
	at io.github.resilience4j.circuitbreaker.CircuitBreaker.lambda$decorateRunnable$8(CircuitBreaker.java:269)
	at buildingblocks.infrastructure.grpc.interceptors.GrpcResilienceInterceptor.runGuarded(GrpcResilienceInterceptor.java:70)
	at buildingblocks.infrastructure.grpc.interceptors.GrpcResilienceInterceptor$1.onHalfClose(GrpcResilienceInterceptor.java:42)
	at io.grpc.internal.ServerCallImpl$ServerStreamListenerImpl.halfClosed(ServerCallImpl.java:356)
	at io.grpc.internal.ServerImpl$JumpToApplicationThreadServerStreamListener$1HalfClosed.runInContext(ServerImpl.java:861)
	at io.grpc.internal.ContextRunnable.run(ContextRunnable.java:37)
	at io.grpc.internal.SerializingExecutor.run(SerializingExecutor.java:133)
	at java.base/java.util.concurrent.ThreadPoolExecutor.runWorker(ThreadPoolExecutor.java:1090)
	at java.base/java.util.concurrent.ThreadPoolExecutor$Worker.run(ThreadPoolExecutor.java:614)
	at java.base/java.lang.Thread.run(Thread.java:1474)
Caused by: java.lang.NullPointerException
	at java.base/java.util.Objects.requireNonNull(Objects.java:220)
	at java.base/java.util.ImmutableCollections$List12.<init>(ImmutableCollections.java:583)
	at java.base/java.util.List.of(List.java:935)
	at com.sparrowx.document.evidencegraph.EvidenceGraphPolicy.buildIntentTerms(EvidenceGraphPolicy.java:201)
	at com.sparrowx.document.evidencegraph.EvidenceGraphPolicy.evaluateIntentRelevance(EvidenceGraphPolicy.java:136)
	at com.sparrowx.document.evidencegraph.EvidenceGraphPolicy.evaluate(EvidenceGraphPolicy.java:104)
	at com.sparrowx.document.evidencegraph.EvidenceBuildOrchestrator.build(EvidenceBuildOrchestrator.java:128)
	at com.sparrowx.document.evidencegraph.DocumentEvidenceRuntime.build(DocumentEvidenceRuntime.java:35)
	at com.sparrowx.document.features.builddocumentevidence.BuildDocumentEvidenceCommandHandler.handle(BuildDocumentEvidenceCommandHandler.java:44)
	... 68 more
}
2026-06-04 12:29:53.276 [grpc-default-executor-0] INFO  b.i.g.i.GrpcLoggingInterceptor$2 otel_trace_id= otel_span_id= request_id= business_trace_id= tenant_id= document_id= ingestion_job_id= - grpc.call.complete document.DocumentService/BuildDocumentEvidence
2026-06-04 12:33:37.665 [SpringApplicationShutdownHook] INFO  n.d.b.g.s.s.GrpcServerLifecycle otel_trace_id= otel_span_id= request_id= business_trace_id= tenant_id= document_id= ingestion_job_id= - Completed gRPC server shutdown
2026-06-04 12:33:37.667 [SpringApplicationShutdownHook] INFO  o.s.boot.tomcat.GracefulShutdown otel_trace_id= otel_span_id= request_id= business_trace_id= tenant_id= document_id= ingestion_job_id= - Commencing graceful shutdown. Waiting for active requests to complete
2026-06-04 12:33:37.672 [tomcat-shutdown] INFO  o.s.boot.tomcat.GracefulShutdown otel_trace_id= otel_span_id= request_id= business_trace_id= tenant_id= document_id= ingestion_job_id= - Graceful shutdown complete
2026-06-04 12:33:37.689 [SpringApplicationShutdownHook] INFO  b.i.grpc.health.GrpcHealthAdapter otel_trace_id= otel_span_id= request_id= business_trace_id= tenant_id= document_id= ingestion_job_id= - Shutting down — setting gRPC global health to NOT_SERVING
2026-06-04 12:33:37.702 [SpringApplicationShutdownHook] INFO  o.s.o.j.LocalContainerEntityManagerFactoryBean otel_trace_id= otel_span_id= request_id= business_trace_id= tenant_id= document_id= ingestion_job_id= - Closing JPA EntityManagerFactory for persistence unit 'default'
2026-06-04 12:33:37.704 [SpringApplicationShutdownHook] INFO  com.zaxxer.hikari.HikariDataSource otel_trace_id= otel_span_id= request_id= business_trace_id= tenant_id= document_id= ingestion_job_id= - HikariPool-1 - Shutdown initiated...
2026-06-04 12:33:37.706 [SpringApplicationShutdownHook] INFO  com.zaxxer.hikari.HikariDataSource otel_trace_id= otel_span_id= request_id= business_trace_id= tenant_id= document_id= ingestion_job_id= - HikariPool-1 - Shutdown completed.
2026-06-04 12:34:51.205 [main] INFO  c.s.document.DocumentApplication otel_trace_id= otel_span_id= request_id= business_trace_id= tenant_id= document_id= ingestion_job_id= - Starting DocumentApplication using Java 25.0.2 with PID 27640 (D:\Projects\Sparrow-x\document-service\target\classes started by aggre in D:\Projects\Sparrow-x\document-service)
2026-06-04 12:34:51.206 [main] INFO  c.s.document.DocumentApplication otel_trace_id= otel_span_id= request_id= business_trace_id= tenant_id= document_id= ingestion_job_id= - The following 1 profile is active: "dev"
2026-06-04 12:34:51.906 [main] INFO  o.s.d.r.c.RepositoryConfigurationDelegate otel_trace_id= otel_span_id= request_id= business_trace_id= tenant_id= document_id= ingestion_job_id= - Multiple Spring Data modules found, entering strict repository configuration mode
2026-06-04 12:34:51.907 [main] INFO  o.s.d.r.c.RepositoryConfigurationDelegate otel_trace_id= otel_span_id= request_id= business_trace_id= tenant_id= document_id= ingestion_job_id= - Bootstrapping Spring Data JPA repositories in DEFAULT mode.
2026-06-04 12:34:51.998 [main] INFO  o.s.d.r.c.RepositoryConfigurationDelegate otel_trace_id= otel_span_id= request_id= business_trace_id= tenant_id= document_id= ingestion_job_id= - Finished Spring Data repository scanning in 85 ms. Found 5 JPA repository interfaces.
2026-06-04 12:34:52.952 [main] INFO  o.s.d.r.c.RepositoryConfigurationDelegate otel_trace_id= otel_span_id= request_id= business_trace_id= tenant_id= document_id= ingestion_job_id= - Multiple Spring Data modules found, entering strict repository configuration mode
2026-06-04 12:34:52.953 [main] INFO  o.s.d.r.c.RepositoryConfigurationDelegate otel_trace_id= otel_span_id= request_id= business_trace_id= tenant_id= document_id= ingestion_job_id= - Bootstrapping Spring Data Redis repositories in DEFAULT mode.
2026-06-04 12:34:52.993 [main] INFO  o.s.d.r.c.RepositoryConfigurationExtensionSupport otel_trace_id= otel_span_id= request_id= business_trace_id= tenant_id= document_id= ingestion_job_id= - Spring Data Redis - Could not safely identify store assignment for repository candidate interface com.sparrowx.document.data.postgres.repositories.DocumentChunkRepository; If you want this repository to be a Redis repository, consider annotating your entities with one of these annotations: org.springframework.data.redis.core.RedisHash (preferred), or consider extending one of the following types with your repository: org.springframework.data.keyvalue.repository.KeyValueRepository
2026-06-04 12:34:52.994 [main] INFO  o.s.d.r.c.RepositoryConfigurationExtensionSupport otel_trace_id= otel_span_id= request_id= business_trace_id= tenant_id= document_id= ingestion_job_id= - Spring Data Redis - Could not safely identify store assignment for repository candidate interface com.sparrowx.document.data.postgres.repositories.DocumentRepository; If you want this repository to be a Redis repository, consider annotating your entities with one of these annotations: org.springframework.data.redis.core.RedisHash (preferred), or consider extending one of the following types with your repository: org.springframework.data.keyvalue.repository.KeyValueRepository
2026-06-04 12:34:52.995 [main] INFO  o.s.d.r.c.RepositoryConfigurationExtensionSupport otel_trace_id= otel_span_id= request_id= business_trace_id= tenant_id= document_id= ingestion_job_id= - Spring Data Redis - Could not safely identify store assignment for repository candidate interface com.sparrowx.document.data.postgres.repositories.IngestionJobRepository; If you want this repository to be a Redis repository, consider annotating your entities with one of these annotations: org.springframework.data.redis.core.RedisHash (preferred), or consider extending one of the following types with your repository: org.springframework.data.keyvalue.repository.KeyValueRepository
2026-06-04 12:34:52.995 [main] INFO  o.s.d.r.c.RepositoryConfigurationDelegate otel_trace_id= otel_span_id= request_id= business_trace_id= tenant_id= document_id= ingestion_job_id= - Finished Spring Data repository scanning in 32 ms. Found 0 Redis repository interfaces.
2026-06-04 12:34:54.557 [main] INFO  o.s.boot.tomcat.TomcatWebServer otel_trace_id= otel_span_id= request_id= business_trace_id= tenant_id= document_id= ingestion_job_id= - Tomcat initialized with port 8081 (http)
2026-06-04 12:34:54.577 [main] INFO  o.a.catalina.core.StandardService otel_trace_id= otel_span_id= request_id= business_trace_id= tenant_id= document_id= ingestion_job_id= - Starting service [Tomcat]
2026-06-04 12:34:54.577 [main] INFO  o.a.catalina.core.StandardEngine otel_trace_id= otel_span_id= request_id= business_trace_id= tenant_id= document_id= ingestion_job_id= - Starting Servlet engine: [Apache Tomcat/11.0.21]
2026-06-04 12:34:54.705 [main] INFO  o.s.b.w.c.s.WebApplicationContextInitializer otel_trace_id= otel_span_id= request_id= business_trace_id= tenant_id= document_id= ingestion_job_id= - Root WebApplicationContext: initialization completed in 3468 ms
2026-06-04 12:34:55.058 [main] INFO  org.hibernate.orm.jpa otel_trace_id= otel_span_id= request_id= business_trace_id= tenant_id= document_id= ingestion_job_id= - HHH008540: Processing PersistenceUnitInfo [name: default]
2026-06-04 12:34:55.134 [main] INFO  org.hibernate.orm.core otel_trace_id= otel_span_id= request_id= business_trace_id= tenant_id= document_id= ingestion_job_id= - HHH000001: Hibernate ORM core version 7.2.12.Final
2026-06-04 12:34:55.735 [main] INFO  o.s.o.j.p.SpringPersistenceUnitInfo otel_trace_id= otel_span_id= request_id= business_trace_id= tenant_id= document_id= ingestion_job_id= - No LoadTimeWeaver setup: ignoring JPA class transformer
2026-06-04 12:34:55.782 [main] INFO  com.zaxxer.hikari.HikariDataSource otel_trace_id= otel_span_id= request_id= business_trace_id= tenant_id= document_id= ingestion_job_id= - HikariPool-1 - Starting...
2026-06-04 12:34:55.971 [main] INFO  com.zaxxer.hikari.pool.HikariPool otel_trace_id= otel_span_id= request_id= business_trace_id= tenant_id= document_id= ingestion_job_id= - HikariPool-1 - Added connection org.postgresql.jdbc.PgConnection@79f6b43a
2026-06-04 12:34:55.973 [main] INFO  com.zaxxer.hikari.HikariDataSource otel_trace_id= otel_span_id= request_id= business_trace_id= tenant_id= document_id= ingestion_job_id= - HikariPool-1 - Start completed.
2026-06-04 12:34:56.055 [main] INFO  o.hibernate.orm.connections.pooling otel_trace_id= otel_span_id= request_id= business_trace_id= tenant_id= document_id= ingestion_job_id= - HHH10001005: Database info:
	Database JDBC URL [jdbc:postgresql://localhost:5432/postgres]
	Database driver: PostgreSQL JDBC Driver
	Database dialect: PostgreSQLDialect
	Database version: 16.13
	Default catalog/schema: postgres/public
	Autocommit mode: undefined/unknown
	Isolation level: READ_COMMITTED [default READ_COMMITTED]
	JDBC fetch size: none
	Pool: DataSourceConnectionProvider
	Minimum pool size: undefined/unknown
	Maximum pool size: undefined/unknown
2026-06-04 12:34:57.297 [main] INFO  org.hibernate.orm.core otel_trace_id= otel_span_id= request_id= business_trace_id= tenant_id= document_id= ingestion_job_id= - HHH000489: No JTA platform available (set 'hibernate.transaction.jta.platform' to enable JTA platform integration)
2026-06-04 12:34:57.354 [main] INFO  o.s.o.j.LocalContainerEntityManagerFactoryBean otel_trace_id= otel_span_id= request_id= business_trace_id= tenant_id= document_id= ingestion_job_id= - Initialized JPA EntityManagerFactory for persistence unit 'default'
2026-06-04 12:34:58.000 [main] INFO  o.s.d.j.r.q.QueryEnhancerFactories otel_trace_id= otel_span_id= request_id= business_trace_id= tenant_id= document_id= ingestion_job_id= - Hibernate is in classpath; If applicable, HQL parser will be used.
2026-06-04 12:34:59.822 [main] INFO  n.d.b.g.s.a.GrpcServerFactoryAutoConfiguration otel_trace_id= otel_span_id= request_id= business_trace_id= tenant_id= document_id= ingestion_job_id= - Detected grpc-netty-shaded: Creating ShadedNettyGrpcServerFactory
2026-06-04 12:35:00.416 [main] INFO  o.s.b.a.e.web.EndpointLinksResolver otel_trace_id= otel_span_id= request_id= business_trace_id= tenant_id= document_id= ingestion_job_id= - Exposing 3 endpoints beneath base path '/actuator'
2026-06-04 12:35:00.445 [main] WARN  o.s.a.m.a.p.s.SyncMcpSamplingProvider otel_trace_id= otel_span_id= request_id= business_trace_id= tenant_id= document_id= ingestion_job_id= - No sampling methods found
2026-06-04 12:35:00.446 [main] WARN  o.s.a.m.a.p.e.SyncMcpElicitationProvider otel_trace_id= otel_span_id= request_id= business_trace_id= tenant_id= document_id= ingestion_job_id= - No elicitation methods found
2026-06-04 12:35:00.507 [main] INFO  o.s.boot.tomcat.TomcatWebServer otel_trace_id= otel_span_id= request_id= business_trace_id= tenant_id= document_id= ingestion_job_id= - Tomcat started on port 8081 (http) with context path '/'
2026-06-04 12:35:00.580 [main] INFO  n.d.b.g.s.s.AbstractGrpcServerFactory otel_trace_id= otel_span_id= request_id= business_trace_id= tenant_id= document_id= ingestion_job_id= - Registered gRPC service: document.DocumentService, bean: documentServiceGrpcImpl, class: com.sparrowx.document.grpc.DocumentServiceGrpcImpl
2026-06-04 12:35:00.580 [main] INFO  n.d.b.g.s.s.AbstractGrpcServerFactory otel_trace_id= otel_span_id= request_id= business_trace_id= tenant_id= document_id= ingestion_job_id= - Registered gRPC service: grpc.health.v1.Health, bean: grpcHealthService, class: io.grpc.protobuf.services.HealthServiceImpl
2026-06-04 12:35:00.580 [main] INFO  n.d.b.g.s.s.AbstractGrpcServerFactory otel_trace_id= otel_span_id= request_id= business_trace_id= tenant_id= document_id= ingestion_job_id= - Registered gRPC service: grpc.reflection.v1alpha.ServerReflection, bean: protoReflectionService, class: io.grpc.protobuf.services.ProtoReflectionService
2026-06-04 12:35:00.730 [main] INFO  n.d.b.g.s.s.GrpcServerLifecycle otel_trace_id= otel_span_id= request_id= business_trace_id= tenant_id= document_id= ingestion_job_id= - gRPC Server started, listening on address: *, port: 50054
2026-06-04 12:35:00.747 [main] INFO  c.s.document.DocumentApplication otel_trace_id= otel_span_id= request_id= business_trace_id= tenant_id= document_id= ingestion_job_id= - Started DocumentApplication in 9.928 seconds (process running for 10.361)
2026-06-04 12:35:00.853 [http-nio-8081-exec-1] INFO  o.a.c.c.C.[Tomcat].[localhost].[/] otel_trace_id= otel_span_id= request_id= business_trace_id= tenant_id= document_id= ingestion_job_id= - Initializing Spring DispatcherServlet 'dispatcherServlet'
2026-06-04 12:35:00.854 [http-nio-8081-exec-1] INFO  o.s.web.servlet.DispatcherServlet otel_trace_id= otel_span_id= request_id= business_trace_id= tenant_id= document_id= ingestion_job_id= - Initializing Servlet 'dispatcherServlet'
2026-06-04 12:35:00.857 [http-nio-8081-exec-1] INFO  o.s.web.servlet.DispatcherServlet otel_trace_id= otel_span_id= request_id= business_trace_id= tenant_id= document_id= ingestion_job_id= - Completed initialization in 3 ms
2026-06-04 12:35:00.919 [main] INFO  c.s.d.d.q.QdrantCollectionInitializer otel_trace_id= otel_span_id= request_id= business_trace_id= tenant_id= document_id= ingestion_job_id= - Qdrant collection already exists: sparrowx_document_chunks
2026-06-04 12:35:00.921 [main] WARN  o.s.c.events.SpringDocAppInitializer otel_trace_id= otel_span_id= request_id= business_trace_id= tenant_id= document_id= ingestion_job_id= - SpringDoc /v3/api-docs endpoint is enabled by default. To disable it in production, set the property 'springdoc.api-docs.enabled=false'
2026-06-04 12:35:00.921 [main] WARN  o.s.c.events.SpringDocAppInitializer otel_trace_id= otel_span_id= request_id= business_trace_id= tenant_id= document_id= ingestion_job_id= - SpringDoc /swagger-ui.html endpoint is enabled by default. To disable it in production, set the property 'springdoc.swagger-ui.enabled=false'
2026-06-04 12:35:01.175 [main] INFO  c.s.d.g.h.DocumentServiceStartupCheck otel_trace_id= otel_span_id= request_id= business_trace_id= tenant_id= document_id= ingestion_job_id= - Document service startup check complete documentCount=27 storageProvider=MinioDocumentStorage
2026-06-04 12:35:01.190 [main] INFO  b.i.grpc.health.GrpcHealthAdapter otel_trace_id= otel_span_id= request_id= business_trace_id= tenant_id= document_id= ingestion_job_id= - Application ready — setting gRPC global health to SERVING
2026-06-04 12:35:35.628 [grpc-default-executor-0] INFO  b.i.g.i.GrpcLoggingInterceptor otel_trace_id= otel_span_id= request_id= business_trace_id= tenant_id= document_id= ingestion_job_id= - grpc.call.start document.DocumentService/BuildDocumentEvidence
2026-06-04 12:35:35.709 [grpc-default-executor-0] INFO  b.i.g.i.GrpcTracingInterceptor otel_trace_id=52bf549e6856047c156025164d98da68 otel_span_id=2a6b8bc9556a3a3f request_id= business_trace_id= tenant_id= document_id= ingestion_job_id= - trace.start: 52bf549e6856047c156025164d98da68
2026-06-04 12:35:35.944 [grpc-default-executor-0] INFO  b.i.g.i.GrpcLoggingInterceptor$2 otel_trace_id= otel_span_id= request_id= business_trace_id= tenant_id= document_id= ingestion_job_id= - grpc.request.message document.DocumentService/BuildDocumentEvidence
2026-06-04 12:35:35.952 [grpc-default-executor-0] INFO  b.i.g.i.GrpcLoggingInterceptor$2 otel_trace_id= otel_span_id= request_id=req-build-evidence-contradiction-activity-more-than-mindwandering-002 business_trace_id=trace-build-evidence-contradiction-activity-more-than-mindwandering-002 tenant_id=tenant-001 document_id= ingestion_job_id= - grpc.request.complete document.DocumentService/BuildDocumentEvidence
2026-06-04 12:35:35.969 [grpc-default-executor-0] INFO  b.c.c.i.CommandObservabilityInterceptor otel_trace_id=52bf549e6856047c156025164d98da68 otel_span_id=2a6b8bc9556a3a3f request_id=req-build-evidence-contradiction-activity-more-than-mindwandering-002 business_trace_id=trace-build-evidence-contradiction-activity-more-than-mindwandering-002 tenant_id=tenant-001 document_id= ingestion_job_id= - command.start BuildDocumentEvidenceCommand
2026-06-04 12:35:35.970 [grpc-default-executor-0] INFO  c.s.d.o.EvidenceBuildLogger otel_trace_id=52bf549e6856047c156025164d98da68 otel_span_id=2a6b8bc9556a3a3f request_id=req-build-evidence-contradiction-activity-more-than-mindwandering-002 business_trace_id=trace-build-evidence-contradiction-activity-more-than-mindwandering-002 tenant_id=tenant-001 document_id= ingestion_job_id= - Document evidence build requested tenantId=tenant-001 userId=user-001 projectId=project-001 teamId=team-001 goal=CONTRADICTION_DETECTION scopedDocumentCount=1 limit=6 allowClaimCache=false requireVerification=true
2026-06-04 12:36:21.523 [grpc-default-executor-0] INFO  c.s.d.o.EvidenceBuildLogger otel_trace_id=52bf549e6856047c156025164d98da68 otel_span_id=2a6b8bc9556a3a3f request_id=req-build-evidence-contradiction-activity-more-than-mindwandering-002 business_trace_id=trace-build-evidence-contradiction-activity-more-than-mindwandering-002 tenant_id=tenant-001 document_id= ingestion_job_id= - Document evidence build completed tenantId=tenant-001 userId=user-001 graphId=878a5370-7338-4979-b571-8899142dd70a nodeCount=7 edgeCount=8 usedChunkRetrieval=true usedClaimCache=false coverageScore=1.0
2026-06-04 12:36:21.524 [grpc-default-executor-0] INFO  b.c.c.i.CommandObservabilityInterceptor otel_trace_id=52bf549e6856047c156025164d98da68 otel_span_id=2a6b8bc9556a3a3f request_id=req-build-evidence-contradiction-activity-more-than-mindwandering-002 business_trace_id=trace-build-evidence-contradiction-activity-more-than-mindwandering-002 tenant_id=tenant-001 document_id= ingestion_job_id= - command.complete BuildDocumentEvidenceCommand in 45554 ms
2026-06-04 12:36:21.525 [grpc-default-executor-0] INFO  i.o.e.logging.LoggingSpanExporter otel_trace_id=52bf549e6856047c156025164d98da68 otel_span_id=2a6b8bc9556a3a3f request_id=req-build-evidence-contradiction-activity-more-than-mindwandering-002 business_trace_id=trace-build-evidence-contradiction-activity-more-than-mindwandering-002 tenant_id=tenant-001 document_id= ingestion_job_id= - 'command.BuildDocumentEvidenceCommand' : 52bf549e6856047c156025164d98da68 09cec0de6aa3c055 INTERNAL [tracer: sparrowx-document-service:] {}
2026-06-04 12:36:21.545 [grpc-default-executor-0] INFO  b.i.g.i.GrpcLoggingInterceptor$1 otel_trace_id=52bf549e6856047c156025164d98da68 otel_span_id=2a6b8bc9556a3a3f request_id=req-build-evidence-contradiction-activity-more-than-mindwandering-002 business_trace_id=trace-build-evidence-contradiction-activity-more-than-mindwandering-002 tenant_id=tenant-001 document_id= ingestion_job_id= - grpc.response.send document.DocumentService/BuildDocumentEvidence
2026-06-04 12:36:21.553 [grpc-default-executor-0] INFO  i.o.e.logging.LoggingSpanExporter otel_trace_id=52bf549e6856047c156025164d98da68 otel_span_id=2a6b8bc9556a3a3f request_id=req-build-evidence-contradiction-activity-more-than-mindwandering-002 business_trace_id=trace-build-evidence-contradiction-activity-more-than-mindwandering-002 tenant_id=tenant-001 document_id= ingestion_job_id= - 'document.DocumentService/BuildDocumentEvidence' : 52bf549e6856047c156025164d98da68 2a6b8bc9556a3a3f SERVER [tracer: sparrowx-document-service:] AttributesMap{data={rpc.method=document.DocumentService/BuildDocumentEvidence, rpc.grpc.status_code=OK, rpc.system=grpc}, capacity=128, totalAddedValues=3}
2026-06-04 12:36:21.557 [grpc-default-executor-0] INFO  b.i.g.i.GrpcLoggingInterceptor$1 otel_trace_id=52bf549e6856047c156025164d98da68 otel_span_id=2a6b8bc9556a3a3f request_id=req-build-evidence-contradiction-activity-more-than-mindwandering-002 business_trace_id=trace-build-evidence-contradiction-activity-more-than-mindwandering-002 tenant_id=tenant-001 document_id= ingestion_job_id= - grpc.call.close document.DocumentService/BuildDocumentEvidence status=Status{code=OK, description=null, cause=null}
2026-06-04 12:36:21.567 [grpc-default-executor-0] INFO  b.i.g.i.GrpcLoggingInterceptor$2 otel_trace_id= otel_span_id= request_id= business_trace_id= tenant_id= document_id= ingestion_job_id= - grpc.call.complete document.DocumentService/BuildDocumentEvidence
2026-06-04 12:37:04.721 [grpc-default-executor-0] INFO  b.i.g.i.GrpcLoggingInterceptor otel_trace_id= otel_span_id= request_id= business_trace_id= tenant_id= document_id= ingestion_job_id= - grpc.call.start document.DocumentService/VerifyEvidenceGraph
2026-06-04 12:37:04.721 [grpc-default-executor-0] INFO  b.i.g.i.GrpcTracingInterceptor otel_trace_id=3ad1a84ffb5e0e95f054c3870d22dbdb otel_span_id=9ba5bf14a2f2c542 request_id= business_trace_id= tenant_id= document_id= ingestion_job_id= - trace.start: 3ad1a84ffb5e0e95f054c3870d22dbdb
2026-06-04 12:37:04.723 [grpc-default-executor-0] INFO  b.i.g.i.GrpcLoggingInterceptor$2 otel_trace_id= otel_span_id= request_id= business_trace_id= tenant_id= document_id= ingestion_job_id= - grpc.request.message document.DocumentService/VerifyEvidenceGraph
2026-06-04 12:37:04.724 [grpc-default-executor-0] INFO  b.i.g.i.GrpcLoggingInterceptor$2 otel_trace_id= otel_span_id= request_id=req-verify-false-activity-more-than-mindwandering-RETEST-001 business_trace_id=trace-verify-false-activity-more-than-mindwandering-RETEST-001 tenant_id=tenant-001 document_id= ingestion_job_id= - grpc.request.complete document.DocumentService/VerifyEvidenceGraph
2026-06-04 12:37:04.728 [grpc-default-executor-0] INFO  b.c.q.i.QueryObservabilityInterceptor otel_trace_id=3ad1a84ffb5e0e95f054c3870d22dbdb otel_span_id=9ba5bf14a2f2c542 request_id=req-verify-false-activity-more-than-mindwandering-RETEST-001 business_trace_id=trace-verify-false-activity-more-than-mindwandering-RETEST-001 tenant_id=tenant-001 document_id= ingestion_job_id= - query.start VerifyEvidenceGraphQuery
2026-06-04 12:37:04.730 [grpc-default-executor-0] INFO  c.s.d.o.EvidenceGraphVerificationLogger otel_trace_id=3ad1a84ffb5e0e95f054c3870d22dbdb otel_span_id=9ba5bf14a2f2c542 request_id=req-verify-false-activity-more-than-mindwandering-RETEST-001 business_trace_id=trace-verify-false-activity-more-than-mindwandering-RETEST-001 tenant_id=tenant-001 document_id= ingestion_job_id= - Evidence graph verification requested tenantId=tenant-001 userId=user-001 nodeCount=1 edgeCount=0
2026-06-04 12:37:04.732 [grpc-default-executor-0] INFO  c.s.d.o.EvidenceGraphVerificationLogger otel_trace_id=3ad1a84ffb5e0e95f054c3870d22dbdb otel_span_id=9ba5bf14a2f2c542 request_id=req-verify-false-activity-more-than-mindwandering-RETEST-001 business_trace_id=trace-verify-false-activity-more-than-mindwandering-RETEST-001 tenant_id=tenant-001 document_id= ingestion_job_id= - Evidence graph verification completed tenantId=tenant-001 userId=user-001 supported=false verificationStatus=CONTRADICTED confidence=0.95 coverageScore=0.0
2026-06-04 12:37:04.732 [grpc-default-executor-0] INFO  b.c.q.i.QueryObservabilityInterceptor otel_trace_id=3ad1a84ffb5e0e95f054c3870d22dbdb otel_span_id=9ba5bf14a2f2c542 request_id=req-verify-false-activity-more-than-mindwandering-RETEST-001 business_trace_id=trace-verify-false-activity-more-than-mindwandering-RETEST-001 tenant_id=tenant-001 document_id= ingestion_job_id= - query.complete VerifyEvidenceGraphQuery in 3 ms
2026-06-04 12:37:04.733 [grpc-default-executor-0] INFO  i.o.e.logging.LoggingSpanExporter otel_trace_id=3ad1a84ffb5e0e95f054c3870d22dbdb otel_span_id=9ba5bf14a2f2c542 request_id=req-verify-false-activity-more-than-mindwandering-RETEST-001 business_trace_id=trace-verify-false-activity-more-than-mindwandering-RETEST-001 tenant_id=tenant-001 document_id= ingestion_job_id= - 'query.VerifyEvidenceGraphQuery' : 3ad1a84ffb5e0e95f054c3870d22dbdb 7bf836ee7415dd9f INTERNAL [tracer: sparrowx-document-service:] {}
2026-06-04 12:37:04.735 [grpc-default-executor-0] INFO  b.i.g.i.GrpcLoggingInterceptor$1 otel_trace_id=3ad1a84ffb5e0e95f054c3870d22dbdb otel_span_id=9ba5bf14a2f2c542 request_id=req-verify-false-activity-more-than-mindwandering-RETEST-001 business_trace_id=trace-verify-false-activity-more-than-mindwandering-RETEST-001 tenant_id=tenant-001 document_id= ingestion_job_id= - grpc.response.send document.DocumentService/VerifyEvidenceGraph
2026-06-04 12:37:04.736 [grpc-default-executor-0] INFO  i.o.e.logging.LoggingSpanExporter otel_trace_id=3ad1a84ffb5e0e95f054c3870d22dbdb otel_span_id=9ba5bf14a2f2c542 request_id=req-verify-false-activity-more-than-mindwandering-RETEST-001 business_trace_id=trace-verify-false-activity-more-than-mindwandering-RETEST-001 tenant_id=tenant-001 document_id= ingestion_job_id= - 'document.DocumentService/VerifyEvidenceGraph' : 3ad1a84ffb5e0e95f054c3870d22dbdb 9ba5bf14a2f2c542 SERVER [tracer: sparrowx-document-service:] AttributesMap{data={rpc.method=document.DocumentService/VerifyEvidenceGraph, rpc.grpc.status_code=OK, rpc.system=grpc}, capacity=128, totalAddedValues=3}
2026-06-04 12:37:04.736 [grpc-default-executor-0] INFO  b.i.g.i.GrpcLoggingInterceptor$1 otel_trace_id=3ad1a84ffb5e0e95f054c3870d22dbdb otel_span_id=9ba5bf14a2f2c542 request_id=req-verify-false-activity-more-than-mindwandering-RETEST-001 business_trace_id=trace-verify-false-activity-more-than-mindwandering-RETEST-001 tenant_id=tenant-001 document_id= ingestion_job_id= - grpc.call.close document.DocumentService/VerifyEvidenceGraph status=Status{code=OK, description=null, cause=null}
2026-06-04 12:37:04.737 [grpc-default-executor-0] INFO  b.i.g.i.GrpcLoggingInterceptor$2 otel_trace_id= otel_span_id= request_id= business_trace_id= tenant_id= document_id= ingestion_job_id= - grpc.call.complete document.DocumentService/VerifyEvidenceGraph
2026-06-04 12:41:23.506 [SpringApplicationShutdownHook] INFO  n.d.b.g.s.s.GrpcServerLifecycle otel_trace_id= otel_span_id= request_id= business_trace_id= tenant_id= document_id= ingestion_job_id= - Completed gRPC server shutdown
2026-06-04 12:41:23.508 [SpringApplicationShutdownHook] INFO  o.s.boot.tomcat.GracefulShutdown otel_trace_id= otel_span_id= request_id= business_trace_id= tenant_id= document_id= ingestion_job_id= - Commencing graceful shutdown. Waiting for active requests to complete
2026-06-04 12:41:23.512 [tomcat-shutdown] INFO  o.s.boot.tomcat.GracefulShutdown otel_trace_id= otel_span_id= request_id= business_trace_id= tenant_id= document_id= ingestion_job_id= - Graceful shutdown complete
2026-06-04 12:41:23.526 [SpringApplicationShutdownHook] INFO  b.i.grpc.health.GrpcHealthAdapter otel_trace_id= otel_span_id= request_id= business_trace_id= tenant_id= document_id= ingestion_job_id= - Shutting down — setting gRPC global health to NOT_SERVING
2026-06-04 12:41:23.536 [SpringApplicationShutdownHook] INFO  o.s.o.j.LocalContainerEntityManagerFactoryBean otel_trace_id= otel_span_id= request_id= business_trace_id= tenant_id= document_id= ingestion_job_id= - Closing JPA EntityManagerFactory for persistence unit 'default'
2026-06-04 12:41:23.538 [SpringApplicationShutdownHook] INFO  com.zaxxer.hikari.HikariDataSource otel_trace_id= otel_span_id= request_id= business_trace_id= tenant_id= document_id= ingestion_job_id= - HikariPool-1 - Shutdown initiated...
2026-06-04 12:41:23.544 [SpringApplicationShutdownHook] INFO  com.zaxxer.hikari.HikariDataSource otel_trace_id= otel_span_id= request_id= business_trace_id= tenant_id= document_id= ingestion_job_id= - HikariPool-1 - Shutdown completed.
2026-06-04 12:41:59.100 [main] INFO  c.s.document.DocumentApplication otel_trace_id= otel_span_id= request_id= business_trace_id= tenant_id= document_id= ingestion_job_id= - Starting DocumentApplication using Java 25.0.2 with PID 1712 (D:\Projects\Sparrow-x\document-service\target\classes started by aggre in D:\Projects\Sparrow-x\document-service)
2026-06-04 12:41:59.101 [main] INFO  c.s.document.DocumentApplication otel_trace_id= otel_span_id= request_id= business_trace_id= tenant_id= document_id= ingestion_job_id= - The following 1 profile is active: "dev"
2026-06-04 12:41:59.993 [main] INFO  o.s.d.r.c.RepositoryConfigurationDelegate otel_trace_id= otel_span_id= request_id= business_trace_id= tenant_id= document_id= ingestion_job_id= - Multiple Spring Data modules found, entering strict repository configuration mode
2026-06-04 12:41:59.995 [main] INFO  o.s.d.r.c.RepositoryConfigurationDelegate otel_trace_id= otel_span_id= request_id= business_trace_id= tenant_id= document_id= ingestion_job_id= - Bootstrapping Spring Data JPA repositories in DEFAULT mode.
2026-06-04 12:42:00.132 [main] INFO  o.s.d.r.c.RepositoryConfigurationDelegate otel_trace_id= otel_span_id= request_id= business_trace_id= tenant_id= document_id= ingestion_job_id= - Finished Spring Data repository scanning in 128 ms. Found 5 JPA repository interfaces.
2026-06-04 12:42:02.194 [main] INFO  o.s.d.r.c.RepositoryConfigurationDelegate otel_trace_id= otel_span_id= request_id= business_trace_id= tenant_id= document_id= ingestion_job_id= - Multiple Spring Data modules found, entering strict repository configuration mode
2026-06-04 12:42:02.197 [main] INFO  o.s.d.r.c.RepositoryConfigurationDelegate otel_trace_id= otel_span_id= request_id= business_trace_id= tenant_id= document_id= ingestion_job_id= - Bootstrapping Spring Data Redis repositories in DEFAULT mode.
2026-06-04 12:42:02.274 [main] INFO  o.s.d.r.c.RepositoryConfigurationExtensionSupport otel_trace_id= otel_span_id= request_id= business_trace_id= tenant_id= document_id= ingestion_job_id= - Spring Data Redis - Could not safely identify store assignment for repository candidate interface com.sparrowx.document.data.postgres.repositories.DocumentChunkRepository; If you want this repository to be a Redis repository, consider annotating your entities with one of these annotations: org.springframework.data.redis.core.RedisHash (preferred), or consider extending one of the following types with your repository: org.springframework.data.keyvalue.repository.KeyValueRepository
2026-06-04 12:42:02.274 [main] INFO  o.s.d.r.c.RepositoryConfigurationExtensionSupport otel_trace_id= otel_span_id= request_id= business_trace_id= tenant_id= document_id= ingestion_job_id= - Spring Data Redis - Could not safely identify store assignment for repository candidate interface com.sparrowx.document.data.postgres.repositories.DocumentRepository; If you want this repository to be a Redis repository, consider annotating your entities with one of these annotations: org.springframework.data.redis.core.RedisHash (preferred), or consider extending one of the following types with your repository: org.springframework.data.keyvalue.repository.KeyValueRepository
2026-06-04 12:42:02.275 [main] INFO  o.s.d.r.c.RepositoryConfigurationExtensionSupport otel_trace_id= otel_span_id= request_id= business_trace_id= tenant_id= document_id= ingestion_job_id= - Spring Data Redis - Could not safely identify store assignment for repository candidate interface com.sparrowx.document.data.postgres.repositories.IngestionJobRepository; If you want this repository to be a Redis repository, consider annotating your entities with one of these annotations: org.springframework.data.redis.core.RedisHash (preferred), or consider extending one of the following types with your repository: org.springframework.data.keyvalue.repository.KeyValueRepository
2026-06-04 12:42:02.275 [main] INFO  o.s.d.r.c.RepositoryConfigurationDelegate otel_trace_id= otel_span_id= request_id= business_trace_id= tenant_id= document_id= ingestion_job_id= - Finished Spring Data repository scanning in 60 ms. Found 0 Redis repository interfaces.
2026-06-04 12:42:04.414 [main] INFO  o.s.boot.tomcat.TomcatWebServer otel_trace_id= otel_span_id= request_id= business_trace_id= tenant_id= document_id= ingestion_job_id= - Tomcat initialized with port 8081 (http)
2026-06-04 12:42:04.438 [main] INFO  o.a.catalina.core.StandardService otel_trace_id= otel_span_id= request_id= business_trace_id= tenant_id= document_id= ingestion_job_id= - Starting service [Tomcat]
2026-06-04 12:42:04.439 [main] INFO  o.a.catalina.core.StandardEngine otel_trace_id= otel_span_id= request_id= business_trace_id= tenant_id= document_id= ingestion_job_id= - Starting Servlet engine: [Apache Tomcat/11.0.21]
2026-06-04 12:42:04.600 [main] INFO  o.s.b.w.c.s.WebApplicationContextInitializer otel_trace_id= otel_span_id= request_id= business_trace_id= tenant_id= document_id= ingestion_job_id= - Root WebApplicationContext: initialization completed in 5463 ms
2026-06-04 12:42:05.091 [main] INFO  org.hibernate.orm.jpa otel_trace_id= otel_span_id= request_id= business_trace_id= tenant_id= document_id= ingestion_job_id= - HHH008540: Processing PersistenceUnitInfo [name: default]
2026-06-04 12:42:05.158 [main] INFO  org.hibernate.orm.core otel_trace_id= otel_span_id= request_id= business_trace_id= tenant_id= document_id= ingestion_job_id= - HHH000001: Hibernate ORM core version 7.2.12.Final
2026-06-04 12:42:05.794 [main] INFO  o.s.o.j.p.SpringPersistenceUnitInfo otel_trace_id= otel_span_id= request_id= business_trace_id= tenant_id= document_id= ingestion_job_id= - No LoadTimeWeaver setup: ignoring JPA class transformer
2026-06-04 12:42:05.846 [main] INFO  com.zaxxer.hikari.HikariDataSource otel_trace_id= otel_span_id= request_id= business_trace_id= tenant_id= document_id= ingestion_job_id= - HikariPool-1 - Starting...
2026-06-04 12:42:06.065 [main] INFO  com.zaxxer.hikari.pool.HikariPool otel_trace_id= otel_span_id= request_id= business_trace_id= tenant_id= document_id= ingestion_job_id= - HikariPool-1 - Added connection org.postgresql.jdbc.PgConnection@7b80ac30
2026-06-04 12:42:06.067 [main] INFO  com.zaxxer.hikari.HikariDataSource otel_trace_id= otel_span_id= request_id= business_trace_id= tenant_id= document_id= ingestion_job_id= - HikariPool-1 - Start completed.
2026-06-04 12:42:06.165 [main] INFO  o.hibernate.orm.connections.pooling otel_trace_id= otel_span_id= request_id= business_trace_id= tenant_id= document_id= ingestion_job_id= - HHH10001005: Database info:
	Database JDBC URL [jdbc:postgresql://localhost:5432/postgres]
	Database driver: PostgreSQL JDBC Driver
	Database dialect: PostgreSQLDialect
	Database version: 16.13
	Default catalog/schema: postgres/public
	Autocommit mode: undefined/unknown
	Isolation level: READ_COMMITTED [default READ_COMMITTED]
	JDBC fetch size: none
	Pool: DataSourceConnectionProvider
	Minimum pool size: undefined/unknown
	Maximum pool size: undefined/unknown
2026-06-04 12:42:07.526 [main] INFO  org.hibernate.orm.core otel_trace_id= otel_span_id= request_id= business_trace_id= tenant_id= document_id= ingestion_job_id= - HHH000489: No JTA platform available (set 'hibernate.transaction.jta.platform' to enable JTA platform integration)
2026-06-04 12:42:07.591 [main] INFO  o.s.o.j.LocalContainerEntityManagerFactoryBean otel_trace_id= otel_span_id= request_id= business_trace_id= tenant_id= document_id= ingestion_job_id= - Initialized JPA EntityManagerFactory for persistence unit 'default'
2026-06-04 12:42:08.317 [main] INFO  o.s.d.j.r.q.QueryEnhancerFactories otel_trace_id= otel_span_id= request_id= business_trace_id= tenant_id= document_id= ingestion_job_id= - Hibernate is in classpath; If applicable, HQL parser will be used.
2026-06-04 12:42:10.495 [main] INFO  n.d.b.g.s.a.GrpcServerFactoryAutoConfiguration otel_trace_id= otel_span_id= request_id= business_trace_id= tenant_id= document_id= ingestion_job_id= - Detected grpc-netty-shaded: Creating ShadedNettyGrpcServerFactory
2026-06-04 12:42:11.220 [main] INFO  o.s.b.a.e.web.EndpointLinksResolver otel_trace_id= otel_span_id= request_id= business_trace_id= tenant_id= document_id= ingestion_job_id= - Exposing 3 endpoints beneath base path '/actuator'
2026-06-04 12:42:11.260 [main] WARN  o.s.a.m.a.p.s.SyncMcpSamplingProvider otel_trace_id= otel_span_id= request_id= business_trace_id= tenant_id= document_id= ingestion_job_id= - No sampling methods found
2026-06-04 12:42:11.262 [main] WARN  o.s.a.m.a.p.e.SyncMcpElicitationProvider otel_trace_id= otel_span_id= request_id= business_trace_id= tenant_id= document_id= ingestion_job_id= - No elicitation methods found
2026-06-04 12:42:11.342 [main] INFO  o.s.boot.tomcat.TomcatWebServer otel_trace_id= otel_span_id= request_id= business_trace_id= tenant_id= document_id= ingestion_job_id= - Tomcat started on port 8081 (http) with context path '/'
2026-06-04 12:42:11.446 [main] INFO  n.d.b.g.s.s.AbstractGrpcServerFactory otel_trace_id= otel_span_id= request_id= business_trace_id= tenant_id= document_id= ingestion_job_id= - Registered gRPC service: document.DocumentService, bean: documentServiceGrpcImpl, class: com.sparrowx.document.grpc.DocumentServiceGrpcImpl
2026-06-04 12:42:11.446 [main] INFO  n.d.b.g.s.s.AbstractGrpcServerFactory otel_trace_id= otel_span_id= request_id= business_trace_id= tenant_id= document_id= ingestion_job_id= - Registered gRPC service: grpc.health.v1.Health, bean: grpcHealthService, class: io.grpc.protobuf.services.HealthServiceImpl
2026-06-04 12:42:11.448 [main] INFO  n.d.b.g.s.s.AbstractGrpcServerFactory otel_trace_id= otel_span_id= request_id= business_trace_id= tenant_id= document_id= ingestion_job_id= - Registered gRPC service: grpc.reflection.v1alpha.ServerReflection, bean: protoReflectionService, class: io.grpc.protobuf.services.ProtoReflectionService
2026-06-04 12:42:11.650 [main] INFO  n.d.b.g.s.s.GrpcServerLifecycle otel_trace_id= otel_span_id= request_id= business_trace_id= tenant_id= document_id= ingestion_job_id= - gRPC Server started, listening on address: *, port: 50054
2026-06-04 12:42:11.678 [main] INFO  c.s.document.DocumentApplication otel_trace_id= otel_span_id= request_id= business_trace_id= tenant_id= document_id= ingestion_job_id= - Started DocumentApplication in 13.028 seconds (process running for 13.497)
2026-06-04 12:42:11.905 [main] INFO  c.s.d.d.q.QdrantCollectionInitializer otel_trace_id= otel_span_id= request_id= business_trace_id= tenant_id= document_id= ingestion_job_id= - Qdrant collection already exists: sparrowx_document_chunks
2026-06-04 12:42:11.908 [main] WARN  o.s.c.events.SpringDocAppInitializer otel_trace_id= otel_span_id= request_id= business_trace_id= tenant_id= document_id= ingestion_job_id= - SpringDoc /v3/api-docs endpoint is enabled by default. To disable it in production, set the property 'springdoc.api-docs.enabled=false'
2026-06-04 12:42:11.908 [main] WARN  o.s.c.events.SpringDocAppInitializer otel_trace_id= otel_span_id= request_id= business_trace_id= tenant_id= document_id= ingestion_job_id= - SpringDoc /swagger-ui.html endpoint is enabled by default. To disable it in production, set the property 'springdoc.swagger-ui.enabled=false'
2026-06-04 12:42:12.182 [main] INFO  c.s.d.g.h.DocumentServiceStartupCheck otel_trace_id= otel_span_id= request_id= business_trace_id= tenant_id= document_id= ingestion_job_id= - Document service startup check complete documentCount=27 storageProvider=MinioDocumentStorage
2026-06-04 12:42:12.200 [main] INFO  b.i.grpc.health.GrpcHealthAdapter otel_trace_id= otel_span_id= request_id= business_trace_id= tenant_id= document_id= ingestion_job_id= - Application ready — setting gRPC global health to SERVING
2026-06-04 12:42:20.834 [http-nio-8081-exec-1] INFO  o.a.c.c.C.[Tomcat].[localhost].[/] otel_trace_id= otel_span_id= request_id= business_trace_id= tenant_id= document_id= ingestion_job_id= - Initializing Spring DispatcherServlet 'dispatcherServlet'
2026-06-04 12:42:20.834 [http-nio-8081-exec-1] INFO  o.s.web.servlet.DispatcherServlet otel_trace_id= otel_span_id= request_id= business_trace_id= tenant_id= document_id= ingestion_job_id= - Initializing Servlet 'dispatcherServlet'
2026-06-04 12:42:20.838 [http-nio-8081-exec-1] INFO  o.s.web.servlet.DispatcherServlet otel_trace_id= otel_span_id= request_id= business_trace_id= tenant_id= document_id= ingestion_job_id= - Completed initialization in 4 ms
2026-06-04 12:42:32.150 [grpc-default-executor-0] INFO  b.i.g.i.GrpcLoggingInterceptor otel_trace_id= otel_span_id= request_id= business_trace_id= tenant_id= document_id= ingestion_job_id= - grpc.call.start document.DocumentService/BuildDocumentEvidence
2026-06-04 12:42:32.182 [grpc-default-executor-0] INFO  b.i.g.i.GrpcTracingInterceptor otel_trace_id=6df8c85da9fcdb4eb3762faf2c1d20f1 otel_span_id=a8c78c1b4520a850 request_id= business_trace_id= tenant_id= document_id= ingestion_job_id= - trace.start: 6df8c85da9fcdb4eb3762faf2c1d20f1
2026-06-04 12:42:32.335 [grpc-default-executor-0] INFO  b.i.g.i.GrpcLoggingInterceptor$2 otel_trace_id= otel_span_id= request_id= business_trace_id= tenant_id= document_id= ingestion_job_id= - grpc.request.message document.DocumentService/BuildDocumentEvidence
2026-06-04 12:42:32.346 [grpc-default-executor-0] INFO  b.i.g.i.GrpcLoggingInterceptor$2 otel_trace_id= otel_span_id= request_id=req-build-evidence-contradiction-activity-more-than-mindwandering-002 business_trace_id=trace-build-evidence-contradiction-activity-more-than-mindwandering-002 tenant_id=tenant-001 document_id= ingestion_job_id= - grpc.request.complete document.DocumentService/BuildDocumentEvidence
2026-06-04 12:42:32.360 [grpc-default-executor-0] INFO  b.c.c.i.CommandObservabilityInterceptor otel_trace_id=6df8c85da9fcdb4eb3762faf2c1d20f1 otel_span_id=a8c78c1b4520a850 request_id=req-build-evidence-contradiction-activity-more-than-mindwandering-002 business_trace_id=trace-build-evidence-contradiction-activity-more-than-mindwandering-002 tenant_id=tenant-001 document_id= ingestion_job_id= - command.start BuildDocumentEvidenceCommand
2026-06-04 12:42:32.360 [grpc-default-executor-0] INFO  c.s.d.o.EvidenceBuildLogger otel_trace_id=6df8c85da9fcdb4eb3762faf2c1d20f1 otel_span_id=a8c78c1b4520a850 request_id=req-build-evidence-contradiction-activity-more-than-mindwandering-002 business_trace_id=trace-build-evidence-contradiction-activity-more-than-mindwandering-002 tenant_id=tenant-001 document_id= ingestion_job_id= - Document evidence build requested tenantId=tenant-001 userId=user-001 projectId=project-001 teamId=team-001 goal=CONTRADICTION_DETECTION scopedDocumentCount=1 limit=6 allowClaimCache=false requireVerification=true
2026-06-04 12:43:12.003 [grpc-default-executor-0] INFO  c.s.d.o.EvidenceBuildLogger otel_trace_id=6df8c85da9fcdb4eb3762faf2c1d20f1 otel_span_id=a8c78c1b4520a850 request_id=req-build-evidence-contradiction-activity-more-than-mindwandering-002 business_trace_id=trace-build-evidence-contradiction-activity-more-than-mindwandering-002 tenant_id=tenant-001 document_id= ingestion_job_id= - Document evidence build completed tenantId=tenant-001 userId=user-001 graphId=8b6c3d1c-7dcb-4583-abf0-c9ff10fb335c nodeCount=7 edgeCount=8 usedChunkRetrieval=true usedClaimCache=false coverageScore=0.8571428571428571
2026-06-04 12:43:12.004 [grpc-default-executor-0] INFO  b.c.c.i.CommandObservabilityInterceptor otel_trace_id=6df8c85da9fcdb4eb3762faf2c1d20f1 otel_span_id=a8c78c1b4520a850 request_id=req-build-evidence-contradiction-activity-more-than-mindwandering-002 business_trace_id=trace-build-evidence-contradiction-activity-more-than-mindwandering-002 tenant_id=tenant-001 document_id= ingestion_job_id= - command.complete BuildDocumentEvidenceCommand in 39644 ms
2026-06-04 12:43:12.006 [grpc-default-executor-0] INFO  i.o.e.logging.LoggingSpanExporter otel_trace_id=6df8c85da9fcdb4eb3762faf2c1d20f1 otel_span_id=a8c78c1b4520a850 request_id=req-build-evidence-contradiction-activity-more-than-mindwandering-002 business_trace_id=trace-build-evidence-contradiction-activity-more-than-mindwandering-002 tenant_id=tenant-001 document_id= ingestion_job_id= - 'command.BuildDocumentEvidenceCommand' : 6df8c85da9fcdb4eb3762faf2c1d20f1 35790659e868fc2b INTERNAL [tracer: sparrowx-document-service:] {}
2026-06-04 12:43:12.050 [grpc-default-executor-0] INFO  b.i.g.i.GrpcLoggingInterceptor$1 otel_trace_id=6df8c85da9fcdb4eb3762faf2c1d20f1 otel_span_id=a8c78c1b4520a850 request_id=req-build-evidence-contradiction-activity-more-than-mindwandering-002 business_trace_id=trace-build-evidence-contradiction-activity-more-than-mindwandering-002 tenant_id=tenant-001 document_id= ingestion_job_id= - grpc.response.send document.DocumentService/BuildDocumentEvidence
2026-06-04 12:43:12.067 [grpc-default-executor-0] INFO  i.o.e.logging.LoggingSpanExporter otel_trace_id=6df8c85da9fcdb4eb3762faf2c1d20f1 otel_span_id=a8c78c1b4520a850 request_id=req-build-evidence-contradiction-activity-more-than-mindwandering-002 business_trace_id=trace-build-evidence-contradiction-activity-more-than-mindwandering-002 tenant_id=tenant-001 document_id= ingestion_job_id= - 'document.DocumentService/BuildDocumentEvidence' : 6df8c85da9fcdb4eb3762faf2c1d20f1 a8c78c1b4520a850 SERVER [tracer: sparrowx-document-service:] AttributesMap{data={rpc.system=grpc, rpc.grpc.status_code=OK, rpc.method=document.DocumentService/BuildDocumentEvidence}, capacity=128, totalAddedValues=3}
2026-06-04 12:43:12.072 [grpc-default-executor-0] INFO  b.i.g.i.GrpcLoggingInterceptor$1 otel_trace_id=6df8c85da9fcdb4eb3762faf2c1d20f1 otel_span_id=a8c78c1b4520a850 request_id=req-build-evidence-contradiction-activity-more-than-mindwandering-002 business_trace_id=trace-build-evidence-contradiction-activity-more-than-mindwandering-002 tenant_id=tenant-001 document_id= ingestion_job_id= - grpc.call.close document.DocumentService/BuildDocumentEvidence status=Status{code=OK, description=null, cause=null}
2026-06-04 12:43:12.091 [grpc-default-executor-0] INFO  b.i.g.i.GrpcLoggingInterceptor$2 otel_trace_id= otel_span_id= request_id= business_trace_id= tenant_id= document_id= ingestion_job_id= - grpc.call.complete document.DocumentService/BuildDocumentEvidence
2026-06-04 12:45:27.583 [SpringApplicationShutdownHook] INFO  n.d.b.g.s.s.GrpcServerLifecycle otel_trace_id= otel_span_id= request_id= business_trace_id= tenant_id= document_id= ingestion_job_id= - Completed gRPC server shutdown
2026-06-04 12:45:27.584 [SpringApplicationShutdownHook] INFO  o.s.boot.tomcat.GracefulShutdown otel_trace_id= otel_span_id= request_id= business_trace_id= tenant_id= document_id= ingestion_job_id= - Commencing graceful shutdown. Waiting for active requests to complete
2026-06-04 12:45:27.589 [tomcat-shutdown] INFO  o.s.boot.tomcat.GracefulShutdown otel_trace_id= otel_span_id= request_id= business_trace_id= tenant_id= document_id= ingestion_job_id= - Graceful shutdown complete
2026-06-04 12:45:27.604 [SpringApplicationShutdownHook] INFO  b.i.grpc.health.GrpcHealthAdapter otel_trace_id= otel_span_id= request_id= business_trace_id= tenant_id= document_id= ingestion_job_id= - Shutting down — setting gRPC global health to NOT_SERVING
2026-06-04 12:45:27.616 [SpringApplicationShutdownHook] INFO  o.s.o.j.LocalContainerEntityManagerFactoryBean otel_trace_id= otel_span_id= request_id= business_trace_id= tenant_id= document_id= ingestion_job_id= - Closing JPA EntityManagerFactory for persistence unit 'default'
2026-06-04 12:45:27.618 [SpringApplicationShutdownHook] INFO  com.zaxxer.hikari.HikariDataSource otel_trace_id= otel_span_id= request_id= business_trace_id= tenant_id= document_id= ingestion_job_id= - HikariPool-1 - Shutdown initiated...
2026-06-04 12:45:27.623 [SpringApplicationShutdownHook] INFO  com.zaxxer.hikari.HikariDataSource otel_trace_id= otel_span_id= request_id= business_trace_id= tenant_id= document_id= ingestion_job_id= - HikariPool-1 - Shutdown completed.
2026-06-04 12:46:43.555 [main] INFO  c.s.document.DocumentApplication otel_trace_id= otel_span_id= request_id= business_trace_id= tenant_id= document_id= ingestion_job_id= - Starting DocumentApplication using Java 25.0.2 with PID 31012 (D:\Projects\Sparrow-x\document-service\target\classes started by aggre in D:\Projects\Sparrow-x\document-service)
2026-06-04 12:46:43.556 [main] INFO  c.s.document.DocumentApplication otel_trace_id= otel_span_id= request_id= business_trace_id= tenant_id= document_id= ingestion_job_id= - The following 1 profile is active: "dev"
2026-06-04 12:46:44.345 [main] INFO  o.s.d.r.c.RepositoryConfigurationDelegate otel_trace_id= otel_span_id= request_id= business_trace_id= tenant_id= document_id= ingestion_job_id= - Multiple Spring Data modules found, entering strict repository configuration mode
2026-06-04 12:46:44.346 [main] INFO  o.s.d.r.c.RepositoryConfigurationDelegate otel_trace_id= otel_span_id= request_id= business_trace_id= tenant_id= document_id= ingestion_job_id= - Bootstrapping Spring Data JPA repositories in DEFAULT mode.
2026-06-04 12:46:44.452 [main] INFO  o.s.d.r.c.RepositoryConfigurationDelegate otel_trace_id= otel_span_id= request_id= business_trace_id= tenant_id= document_id= ingestion_job_id= - Finished Spring Data repository scanning in 97 ms. Found 5 JPA repository interfaces.
2026-06-04 12:46:45.282 [main] INFO  o.s.d.r.c.RepositoryConfigurationDelegate otel_trace_id= otel_span_id= request_id= business_trace_id= tenant_id= document_id= ingestion_job_id= - Multiple Spring Data modules found, entering strict repository configuration mode
2026-06-04 12:46:45.284 [main] INFO  o.s.d.r.c.RepositoryConfigurationDelegate otel_trace_id= otel_span_id= request_id= business_trace_id= tenant_id= document_id= ingestion_job_id= - Bootstrapping Spring Data Redis repositories in DEFAULT mode.
2026-06-04 12:46:45.318 [main] INFO  o.s.d.r.c.RepositoryConfigurationExtensionSupport otel_trace_id= otel_span_id= request_id= business_trace_id= tenant_id= document_id= ingestion_job_id= - Spring Data Redis - Could not safely identify store assignment for repository candidate interface com.sparrowx.document.data.postgres.repositories.DocumentChunkRepository; If you want this repository to be a Redis repository, consider annotating your entities with one of these annotations: org.springframework.data.redis.core.RedisHash (preferred), or consider extending one of the following types with your repository: org.springframework.data.keyvalue.repository.KeyValueRepository
2026-06-04 12:46:45.319 [main] INFO  o.s.d.r.c.RepositoryConfigurationExtensionSupport otel_trace_id= otel_span_id= request_id= business_trace_id= tenant_id= document_id= ingestion_job_id= - Spring Data Redis - Could not safely identify store assignment for repository candidate interface com.sparrowx.document.data.postgres.repositories.DocumentRepository; If you want this repository to be a Redis repository, consider annotating your entities with one of these annotations: org.springframework.data.redis.core.RedisHash (preferred), or consider extending one of the following types with your repository: org.springframework.data.keyvalue.repository.KeyValueRepository
2026-06-04 12:46:45.319 [main] INFO  o.s.d.r.c.RepositoryConfigurationExtensionSupport otel_trace_id= otel_span_id= request_id= business_trace_id= tenant_id= document_id= ingestion_job_id= - Spring Data Redis - Could not safely identify store assignment for repository candidate interface com.sparrowx.document.data.postgres.repositories.IngestionJobRepository; If you want this repository to be a Redis repository, consider annotating your entities with one of these annotations: org.springframework.data.redis.core.RedisHash (preferred), or consider extending one of the following types with your repository: org.springframework.data.keyvalue.repository.KeyValueRepository
2026-06-04 12:46:45.320 [main] INFO  o.s.d.r.c.RepositoryConfigurationDelegate otel_trace_id= otel_span_id= request_id= business_trace_id= tenant_id= document_id= ingestion_job_id= - Finished Spring Data repository scanning in 26 ms. Found 0 Redis repository interfaces.
2026-06-04 12:46:47.039 [main] INFO  o.s.boot.tomcat.TomcatWebServer otel_trace_id= otel_span_id= request_id= business_trace_id= tenant_id= document_id= ingestion_job_id= - Tomcat initialized with port 8081 (http)
2026-06-04 12:46:47.056 [main] INFO  o.a.catalina.core.StandardService otel_trace_id= otel_span_id= request_id= business_trace_id= tenant_id= document_id= ingestion_job_id= - Starting service [Tomcat]
2026-06-04 12:46:47.057 [main] INFO  o.a.catalina.core.StandardEngine otel_trace_id= otel_span_id= request_id= business_trace_id= tenant_id= document_id= ingestion_job_id= - Starting Servlet engine: [Apache Tomcat/11.0.21]
2026-06-04 12:46:47.181 [main] INFO  o.s.b.w.c.s.WebApplicationContextInitializer otel_trace_id= otel_span_id= request_id= business_trace_id= tenant_id= document_id= ingestion_job_id= - Root WebApplicationContext: initialization completed in 3585 ms
2026-06-04 12:46:47.555 [main] INFO  org.hibernate.orm.jpa otel_trace_id= otel_span_id= request_id= business_trace_id= tenant_id= document_id= ingestion_job_id= - HHH008540: Processing PersistenceUnitInfo [name: default]
2026-06-04 12:46:47.633 [main] INFO  org.hibernate.orm.core otel_trace_id= otel_span_id= request_id= business_trace_id= tenant_id= document_id= ingestion_job_id= - HHH000001: Hibernate ORM core version 7.2.12.Final
2026-06-04 12:46:48.279 [main] INFO  o.s.o.j.p.SpringPersistenceUnitInfo otel_trace_id= otel_span_id= request_id= business_trace_id= tenant_id= document_id= ingestion_job_id= - No LoadTimeWeaver setup: ignoring JPA class transformer
2026-06-04 12:46:48.321 [main] INFO  com.zaxxer.hikari.HikariDataSource otel_trace_id= otel_span_id= request_id= business_trace_id= tenant_id= document_id= ingestion_job_id= - HikariPool-1 - Starting...
2026-06-04 12:46:48.537 [main] INFO  com.zaxxer.hikari.pool.HikariPool otel_trace_id= otel_span_id= request_id= business_trace_id= tenant_id= document_id= ingestion_job_id= - HikariPool-1 - Added connection org.postgresql.jdbc.PgConnection@79f6b43a
2026-06-04 12:46:48.540 [main] INFO  com.zaxxer.hikari.HikariDataSource otel_trace_id= otel_span_id= request_id= business_trace_id= tenant_id= document_id= ingestion_job_id= - HikariPool-1 - Start completed.
2026-06-04 12:46:48.637 [main] INFO  o.hibernate.orm.connections.pooling otel_trace_id= otel_span_id= request_id= business_trace_id= tenant_id= document_id= ingestion_job_id= - HHH10001005: Database info:
	Database JDBC URL [jdbc:postgresql://localhost:5432/postgres]
	Database driver: PostgreSQL JDBC Driver
	Database dialect: PostgreSQLDialect
	Database version: 16.13
	Default catalog/schema: postgres/public
	Autocommit mode: undefined/unknown
	Isolation level: READ_COMMITTED [default READ_COMMITTED]
	JDBC fetch size: none
	Pool: DataSourceConnectionProvider
	Minimum pool size: undefined/unknown
	Maximum pool size: undefined/unknown
2026-06-04 12:46:49.986 [main] INFO  org.hibernate.orm.core otel_trace_id= otel_span_id= request_id= business_trace_id= tenant_id= document_id= ingestion_job_id= - HHH000489: No JTA platform available (set 'hibernate.transaction.jta.platform' to enable JTA platform integration)
2026-06-04 12:46:50.060 [main] INFO  o.s.o.j.LocalContainerEntityManagerFactoryBean otel_trace_id= otel_span_id= request_id= business_trace_id= tenant_id= document_id= ingestion_job_id= - Initialized JPA EntityManagerFactory for persistence unit 'default'
2026-06-04 12:46:50.841 [main] INFO  o.s.d.j.r.q.QueryEnhancerFactories otel_trace_id= otel_span_id= request_id= business_trace_id= tenant_id= document_id= ingestion_job_id= - Hibernate is in classpath; If applicable, HQL parser will be used.
2026-06-04 12:46:52.290 [main] INFO  n.d.b.g.s.a.GrpcServerFactoryAutoConfiguration otel_trace_id= otel_span_id= request_id= business_trace_id= tenant_id= document_id= ingestion_job_id= - Detected grpc-netty-shaded: Creating ShadedNettyGrpcServerFactory
2026-06-04 12:46:52.655 [main] INFO  o.s.b.a.e.web.EndpointLinksResolver otel_trace_id= otel_span_id= request_id= business_trace_id= tenant_id= document_id= ingestion_job_id= - Exposing 3 endpoints beneath base path '/actuator'
2026-06-04 12:46:52.676 [main] WARN  o.s.a.m.a.p.s.SyncMcpSamplingProvider otel_trace_id= otel_span_id= request_id= business_trace_id= tenant_id= document_id= ingestion_job_id= - No sampling methods found
2026-06-04 12:46:52.677 [main] WARN  o.s.a.m.a.p.e.SyncMcpElicitationProvider otel_trace_id= otel_span_id= request_id= business_trace_id= tenant_id= document_id= ingestion_job_id= - No elicitation methods found
2026-06-04 12:46:52.730 [main] INFO  o.s.boot.tomcat.TomcatWebServer otel_trace_id= otel_span_id= request_id= business_trace_id= tenant_id= document_id= ingestion_job_id= - Tomcat started on port 8081 (http) with context path '/'
2026-06-04 12:46:52.792 [main] INFO  n.d.b.g.s.s.AbstractGrpcServerFactory otel_trace_id= otel_span_id= request_id= business_trace_id= tenant_id= document_id= ingestion_job_id= - Registered gRPC service: document.DocumentService, bean: documentServiceGrpcImpl, class: com.sparrowx.document.grpc.DocumentServiceGrpcImpl
2026-06-04 12:46:52.792 [main] INFO  n.d.b.g.s.s.AbstractGrpcServerFactory otel_trace_id= otel_span_id= request_id= business_trace_id= tenant_id= document_id= ingestion_job_id= - Registered gRPC service: grpc.health.v1.Health, bean: grpcHealthService, class: io.grpc.protobuf.services.HealthServiceImpl
2026-06-04 12:46:52.792 [main] INFO  n.d.b.g.s.s.AbstractGrpcServerFactory otel_trace_id= otel_span_id= request_id= business_trace_id= tenant_id= document_id= ingestion_job_id= - Registered gRPC service: grpc.reflection.v1alpha.ServerReflection, bean: protoReflectionService, class: io.grpc.protobuf.services.ProtoReflectionService
2026-06-04 12:46:52.931 [main] INFO  n.d.b.g.s.s.GrpcServerLifecycle otel_trace_id= otel_span_id= request_id= business_trace_id= tenant_id= document_id= ingestion_job_id= - gRPC Server started, listening on address: *, port: 50054
2026-06-04 12:46:52.943 [main] INFO  c.s.document.DocumentApplication otel_trace_id= otel_span_id= request_id= business_trace_id= tenant_id= document_id= ingestion_job_id= - Started DocumentApplication in 10.02 seconds (process running for 10.603)
2026-06-04 12:46:53.057 [main] INFO  c.s.d.d.q.QdrantCollectionInitializer otel_trace_id= otel_span_id= request_id= business_trace_id= tenant_id= document_id= ingestion_job_id= - Qdrant collection already exists: sparrowx_document_chunks
2026-06-04 12:46:53.058 [main] WARN  o.s.c.events.SpringDocAppInitializer otel_trace_id= otel_span_id= request_id= business_trace_id= tenant_id= document_id= ingestion_job_id= - SpringDoc /v3/api-docs endpoint is enabled by default. To disable it in production, set the property 'springdoc.api-docs.enabled=false'
2026-06-04 12:46:53.058 [main] WARN  o.s.c.events.SpringDocAppInitializer otel_trace_id= otel_span_id= request_id= business_trace_id= tenant_id= document_id= ingestion_job_id= - SpringDoc /swagger-ui.html endpoint is enabled by default. To disable it in production, set the property 'springdoc.swagger-ui.enabled=false'
2026-06-04 12:46:53.237 [main] INFO  c.s.d.g.h.DocumentServiceStartupCheck otel_trace_id= otel_span_id= request_id= business_trace_id= tenant_id= document_id= ingestion_job_id= - Document service startup check complete documentCount=27 storageProvider=MinioDocumentStorage
2026-06-04 12:46:53.250 [main] INFO  b.i.grpc.health.GrpcHealthAdapter otel_trace_id= otel_span_id= request_id= business_trace_id= tenant_id= document_id= ingestion_job_id= - Application ready — setting gRPC global health to SERVING
2026-06-04 12:47:00.801 [http-nio-8081-exec-1] INFO  o.a.c.c.C.[Tomcat].[localhost].[/] otel_trace_id= otel_span_id= request_id= business_trace_id= tenant_id= document_id= ingestion_job_id= - Initializing Spring DispatcherServlet 'dispatcherServlet'
2026-06-04 12:47:00.802 [http-nio-8081-exec-1] INFO  o.s.web.servlet.DispatcherServlet otel_trace_id= otel_span_id= request_id= business_trace_id= tenant_id= document_id= ingestion_job_id= - Initializing Servlet 'dispatcherServlet'
2026-06-04 12:47:00.804 [http-nio-8081-exec-1] INFO  o.s.web.servlet.DispatcherServlet otel_trace_id= otel_span_id= request_id= business_trace_id= tenant_id= document_id= ingestion_job_id= - Completed initialization in 2 ms
2026-06-04 12:47:04.839 [grpc-default-executor-0] INFO  b.i.g.i.GrpcLoggingInterceptor otel_trace_id= otel_span_id= request_id= business_trace_id= tenant_id= document_id= ingestion_job_id= - grpc.call.start document.DocumentService/BuildDocumentEvidence
2026-06-04 12:47:04.868 [grpc-default-executor-0] INFO  b.i.g.i.GrpcTracingInterceptor otel_trace_id=2f86f0104d6a98c2dcce9bd569c84be1 otel_span_id=2aad79353c7079b1 request_id= business_trace_id= tenant_id= document_id= ingestion_job_id= - trace.start: 2f86f0104d6a98c2dcce9bd569c84be1
2026-06-04 12:47:05.046 [grpc-default-executor-0] INFO  b.i.g.i.GrpcLoggingInterceptor$2 otel_trace_id= otel_span_id= request_id= business_trace_id= tenant_id= document_id= ingestion_job_id= - grpc.request.message document.DocumentService/BuildDocumentEvidence
2026-06-04 12:47:05.053 [grpc-default-executor-0] INFO  b.i.g.i.GrpcLoggingInterceptor$2 otel_trace_id= otel_span_id= request_id=req-build-evidence-contradiction-activity-more-than-mindwandering-002 business_trace_id=trace-build-evidence-contradiction-activity-more-than-mindwandering-002 tenant_id=tenant-001 document_id= ingestion_job_id= - grpc.request.complete document.DocumentService/BuildDocumentEvidence
2026-06-04 12:47:05.068 [grpc-default-executor-0] INFO  b.c.c.i.CommandObservabilityInterceptor otel_trace_id=2f86f0104d6a98c2dcce9bd569c84be1 otel_span_id=2aad79353c7079b1 request_id=req-build-evidence-contradiction-activity-more-than-mindwandering-002 business_trace_id=trace-build-evidence-contradiction-activity-more-than-mindwandering-002 tenant_id=tenant-001 document_id= ingestion_job_id= - command.start BuildDocumentEvidenceCommand
2026-06-04 12:47:05.069 [grpc-default-executor-0] INFO  c.s.d.o.EvidenceBuildLogger otel_trace_id=2f86f0104d6a98c2dcce9bd569c84be1 otel_span_id=2aad79353c7079b1 request_id=req-build-evidence-contradiction-activity-more-than-mindwandering-002 business_trace_id=trace-build-evidence-contradiction-activity-more-than-mindwandering-002 tenant_id=tenant-001 document_id= ingestion_job_id= - Document evidence build requested tenantId=tenant-001 userId=user-001 projectId=project-001 teamId=team-001 goal=CONTRADICTION_DETECTION scopedDocumentCount=1 limit=6 allowClaimCache=false requireVerification=true
2026-06-04 12:51:00.862 [grpc-default-executor-1] INFO  b.i.g.i.GrpcLoggingInterceptor otel_trace_id= otel_span_id= request_id= business_trace_id= tenant_id= document_id= ingestion_job_id= - grpc.call.start document.DocumentService/BuildDocumentEvidence
2026-06-04 12:51:00.862 [grpc-default-executor-1] INFO  b.i.g.i.GrpcTracingInterceptor otel_trace_id=a5e26b707859aee54c2717386bee1712 otel_span_id=09ad6d40db4ddc13 request_id= business_trace_id= tenant_id= document_id= ingestion_job_id= - trace.start: a5e26b707859aee54c2717386bee1712
2026-06-04 12:51:00.862 [grpc-default-executor-1] INFO  b.i.g.i.GrpcLoggingInterceptor$2 otel_trace_id= otel_span_id= request_id= business_trace_id= tenant_id= document_id= ingestion_job_id= - grpc.request.message document.DocumentService/BuildDocumentEvidence
2026-06-04 12:51:00.866 [grpc-default-executor-1] INFO  b.i.g.i.GrpcLoggingInterceptor$2 otel_trace_id= otel_span_id= request_id=req-build-evidence-contradiction-light-RETEST-002 business_trace_id=trace-build-evidence-contradiction-light-RETEST-002 tenant_id=tenant-001 document_id= ingestion_job_id= - grpc.request.complete document.DocumentService/BuildDocumentEvidence
2026-06-04 12:51:00.866 [grpc-default-executor-1] INFO  b.c.c.i.CommandObservabilityInterceptor otel_trace_id=a5e26b707859aee54c2717386bee1712 otel_span_id=09ad6d40db4ddc13 request_id=req-build-evidence-contradiction-light-RETEST-002 business_trace_id=trace-build-evidence-contradiction-light-RETEST-002 tenant_id=tenant-001 document_id= ingestion_job_id= - command.start BuildDocumentEvidenceCommand
2026-06-04 12:51:00.866 [grpc-default-executor-1] INFO  c.s.d.o.EvidenceBuildLogger otel_trace_id=a5e26b707859aee54c2717386bee1712 otel_span_id=09ad6d40db4ddc13 request_id=req-build-evidence-contradiction-light-RETEST-002 business_trace_id=trace-build-evidence-contradiction-light-RETEST-002 tenant_id=tenant-001 document_id= ingestion_job_id= - Document evidence build requested tenantId=tenant-001 userId=user-001 projectId=project-001 teamId=team-001 goal=CONTRADICTION_DETECTION scopedDocumentCount=1 limit=3 allowClaimCache=false requireVerification=true
2026-06-04 12:51:18.788 [grpc-default-executor-1] INFO  c.s.d.o.EvidenceBuildLogger otel_trace_id=a5e26b707859aee54c2717386bee1712 otel_span_id=09ad6d40db4ddc13 request_id=req-build-evidence-contradiction-light-RETEST-002 business_trace_id=trace-build-evidence-contradiction-light-RETEST-002 tenant_id=tenant-001 document_id= ingestion_job_id= - Document evidence build completed tenantId=tenant-001 userId=user-001 graphId=82114d1a-2818-4c42-896d-c676927821ad nodeCount=4 edgeCount=3 usedChunkRetrieval=true usedClaimCache=false coverageScore=0.75
2026-06-04 12:51:18.788 [grpc-default-executor-1] INFO  b.c.c.i.CommandObservabilityInterceptor otel_trace_id=a5e26b707859aee54c2717386bee1712 otel_span_id=09ad6d40db4ddc13 request_id=req-build-evidence-contradiction-light-RETEST-002 business_trace_id=trace-build-evidence-contradiction-light-RETEST-002 tenant_id=tenant-001 document_id= ingestion_job_id= - command.complete BuildDocumentEvidenceCommand in 17921 ms
2026-06-04 12:51:18.789 [grpc-default-executor-1] INFO  i.o.e.logging.LoggingSpanExporter otel_trace_id=a5e26b707859aee54c2717386bee1712 otel_span_id=09ad6d40db4ddc13 request_id=req-build-evidence-contradiction-light-RETEST-002 business_trace_id=trace-build-evidence-contradiction-light-RETEST-002 tenant_id=tenant-001 document_id= ingestion_job_id= - 'command.BuildDocumentEvidenceCommand' : a5e26b707859aee54c2717386bee1712 9dcbc386bdc1bffc INTERNAL [tracer: sparrowx-document-service:] {}
2026-06-04 12:51:18.820 [grpc-default-executor-1] INFO  b.i.g.i.GrpcLoggingInterceptor$1 otel_trace_id=a5e26b707859aee54c2717386bee1712 otel_span_id=09ad6d40db4ddc13 request_id=req-build-evidence-contradiction-light-RETEST-002 business_trace_id=trace-build-evidence-contradiction-light-RETEST-002 tenant_id=tenant-001 document_id= ingestion_job_id= - grpc.response.send document.DocumentService/BuildDocumentEvidence
2026-06-04 12:51:18.832 [grpc-default-executor-1] INFO  i.o.e.logging.LoggingSpanExporter otel_trace_id=a5e26b707859aee54c2717386bee1712 otel_span_id=09ad6d40db4ddc13 request_id=req-build-evidence-contradiction-light-RETEST-002 business_trace_id=trace-build-evidence-contradiction-light-RETEST-002 tenant_id=tenant-001 document_id= ingestion_job_id= - 'document.DocumentService/BuildDocumentEvidence' : a5e26b707859aee54c2717386bee1712 09ad6d40db4ddc13 SERVER [tracer: sparrowx-document-service:] AttributesMap{data={rpc.method=document.DocumentService/BuildDocumentEvidence, rpc.grpc.status_code=OK, rpc.system=grpc}, capacity=128, totalAddedValues=3}
2026-06-04 12:51:18.837 [grpc-default-executor-1] INFO  b.i.g.i.GrpcLoggingInterceptor$1 otel_trace_id=a5e26b707859aee54c2717386bee1712 otel_span_id=09ad6d40db4ddc13 request_id=req-build-evidence-contradiction-light-RETEST-002 business_trace_id=trace-build-evidence-contradiction-light-RETEST-002 tenant_id=tenant-001 document_id= ingestion_job_id= - grpc.call.close document.DocumentService/BuildDocumentEvidence status=Status{code=OK, description=null, cause=null}
2026-06-04 12:51:18.852 [grpc-default-executor-1] INFO  b.i.g.i.GrpcLoggingInterceptor$2 otel_trace_id= otel_span_id= request_id= business_trace_id= tenant_id= document_id= ingestion_job_id= - grpc.call.complete document.DocumentService/BuildDocumentEvidence
2026-06-04 12:51:58.528 [grpc-default-executor-0] INFO  c.s.d.o.EvidenceBuildLogger otel_trace_id=2f86f0104d6a98c2dcce9bd569c84be1 otel_span_id=2aad79353c7079b1 request_id=req-build-evidence-contradiction-activity-more-than-mindwandering-002 business_trace_id=trace-build-evidence-contradiction-activity-more-than-mindwandering-002 tenant_id=tenant-001 document_id= ingestion_job_id= - Document evidence build completed tenantId=tenant-001 userId=user-001 graphId=d4e75f31-4c0a-438a-8c40-d3b7cceb1b55 nodeCount=7 edgeCount=8 usedChunkRetrieval=true usedClaimCache=false coverageScore=0.8571428571428571
2026-06-04 12:51:58.529 [grpc-default-executor-0] INFO  b.c.c.i.CommandObservabilityInterceptor otel_trace_id=2f86f0104d6a98c2dcce9bd569c84be1 otel_span_id=2aad79353c7079b1 request_id=req-build-evidence-contradiction-activity-more-than-mindwandering-002 business_trace_id=trace-build-evidence-contradiction-activity-more-than-mindwandering-002 tenant_id=tenant-001 document_id= ingestion_job_id= - command.complete BuildDocumentEvidenceCommand in 293461 ms
2026-06-04 12:51:58.530 [grpc-default-executor-0] INFO  i.o.e.logging.LoggingSpanExporter otel_trace_id=2f86f0104d6a98c2dcce9bd569c84be1 otel_span_id=2aad79353c7079b1 request_id=req-build-evidence-contradiction-activity-more-than-mindwandering-002 business_trace_id=trace-build-evidence-contradiction-activity-more-than-mindwandering-002 tenant_id=tenant-001 document_id= ingestion_job_id= - 'command.BuildDocumentEvidenceCommand' : 2f86f0104d6a98c2dcce9bd569c84be1 98d307db7856ccce INTERNAL [tracer: sparrowx-document-service:] {}
2026-06-04 12:51:58.533 [grpc-default-executor-0] INFO  b.i.g.i.GrpcLoggingInterceptor$1 otel_trace_id=2f86f0104d6a98c2dcce9bd569c84be1 otel_span_id=2aad79353c7079b1 request_id=req-build-evidence-contradiction-activity-more-than-mindwandering-002 business_trace_id=trace-build-evidence-contradiction-activity-more-than-mindwandering-002 tenant_id=tenant-001 document_id= ingestion_job_id= - grpc.response.send document.DocumentService/BuildDocumentEvidence
2026-06-04 12:51:58.536 [grpc-default-executor-0] INFO  i.o.e.logging.LoggingSpanExporter otel_trace_id=2f86f0104d6a98c2dcce9bd569c84be1 otel_span_id=2aad79353c7079b1 request_id=req-build-evidence-contradiction-activity-more-than-mindwandering-002 business_trace_id=trace-build-evidence-contradiction-activity-more-than-mindwandering-002 tenant_id=tenant-001 document_id= ingestion_job_id= - 'document.DocumentService/BuildDocumentEvidence' : 2f86f0104d6a98c2dcce9bd569c84be1 2aad79353c7079b1 SERVER [tracer: sparrowx-document-service:] AttributesMap{data={rpc.method=document.DocumentService/BuildDocumentEvidence, rpc.grpc.status_code=OK, rpc.system=grpc}, capacity=128, totalAddedValues=3}
2026-06-04 12:51:58.536 [grpc-default-executor-0] INFO  b.i.g.i.GrpcLoggingInterceptor$1 otel_trace_id=2f86f0104d6a98c2dcce9bd569c84be1 otel_span_id=2aad79353c7079b1 request_id=req-build-evidence-contradiction-activity-more-than-mindwandering-002 business_trace_id=trace-build-evidence-contradiction-activity-more-than-mindwandering-002 tenant_id=tenant-001 document_id= ingestion_job_id= - grpc.call.close document.DocumentService/BuildDocumentEvidence status=Status{code=OK, description=null, cause=null}
2026-06-04 12:51:58.536 [grpc-default-executor-0] WARN  b.i.g.i.GrpcLoggingInterceptor$2 otel_trace_id= otel_span_id= request_id= business_trace_id= tenant_id= document_id= ingestion_job_id= - grpc.call.cancel document.DocumentService/BuildDocumentEvidence
2026-06-04 12:54:43.047 [grpc-default-executor-2] INFO  b.i.g.i.GrpcLoggingInterceptor otel_trace_id= otel_span_id= request_id= business_trace_id= tenant_id= document_id= ingestion_job_id= - grpc.call.start document.DocumentService/BuildDocumentEvidence
2026-06-04 12:54:43.047 [grpc-default-executor-2] INFO  b.i.g.i.GrpcTracingInterceptor otel_trace_id=6d686734cd55b7d28a80f466527a1af2 otel_span_id=ca01103d008075d7 request_id= business_trace_id= tenant_id= document_id= ingestion_job_id= - trace.start: 6d686734cd55b7d28a80f466527a1af2
2026-06-04 12:54:43.049 [grpc-default-executor-2] INFO  b.i.g.i.GrpcLoggingInterceptor$2 otel_trace_id= otel_span_id= request_id= business_trace_id= tenant_id= document_id= ingestion_job_id= - grpc.request.message document.DocumentService/BuildDocumentEvidence
2026-06-04 12:54:43.049 [grpc-default-executor-2] INFO  b.i.g.i.GrpcLoggingInterceptor$2 otel_trace_id= otel_span_id= request_id=req-build-evidence-contradiction-false-activity-more-001 business_trace_id=trace-build-evidence-contradiction-false-activity-more-001 tenant_id=tenant-001 document_id= ingestion_job_id= - grpc.request.complete document.DocumentService/BuildDocumentEvidence
2026-06-04 12:54:43.051 [grpc-default-executor-2] INFO  b.c.c.i.CommandObservabilityInterceptor otel_trace_id=6d686734cd55b7d28a80f466527a1af2 otel_span_id=ca01103d008075d7 request_id=req-build-evidence-contradiction-false-activity-more-001 business_trace_id=trace-build-evidence-contradiction-false-activity-more-001 tenant_id=tenant-001 document_id= ingestion_job_id= - command.start BuildDocumentEvidenceCommand
2026-06-04 12:54:43.051 [grpc-default-executor-2] INFO  c.s.d.o.EvidenceBuildLogger otel_trace_id=6d686734cd55b7d28a80f466527a1af2 otel_span_id=ca01103d008075d7 request_id=req-build-evidence-contradiction-false-activity-more-001 business_trace_id=trace-build-evidence-contradiction-false-activity-more-001 tenant_id=tenant-001 document_id= ingestion_job_id= - Document evidence build requested tenantId=tenant-001 userId=user-001 projectId=project-001 teamId=team-001 goal=CONTRADICTION_DETECTION scopedDocumentCount=1 limit=3 allowClaimCache=false requireVerification=true
2026-06-04 12:55:00.692 [grpc-default-executor-2] INFO  c.s.d.o.EvidenceBuildLogger otel_trace_id=6d686734cd55b7d28a80f466527a1af2 otel_span_id=ca01103d008075d7 request_id=req-build-evidence-contradiction-false-activity-more-001 business_trace_id=trace-build-evidence-contradiction-false-activity-more-001 tenant_id=tenant-001 document_id= ingestion_job_id= - Document evidence build completed tenantId=tenant-001 userId=user-001 graphId=deeb8d3f-c8d8-4fb6-a8b3-b3787367be85 nodeCount=4 edgeCount=3 usedChunkRetrieval=true usedClaimCache=false coverageScore=0.75
2026-06-04 12:55:00.693 [grpc-default-executor-2] INFO  b.c.c.i.CommandObservabilityInterceptor otel_trace_id=6d686734cd55b7d28a80f466527a1af2 otel_span_id=ca01103d008075d7 request_id=req-build-evidence-contradiction-false-activity-more-001 business_trace_id=trace-build-evidence-contradiction-false-activity-more-001 tenant_id=tenant-001 document_id= ingestion_job_id= - command.complete BuildDocumentEvidenceCommand in 17642 ms
2026-06-04 12:55:00.693 [grpc-default-executor-2] INFO  i.o.e.logging.LoggingSpanExporter otel_trace_id=6d686734cd55b7d28a80f466527a1af2 otel_span_id=ca01103d008075d7 request_id=req-build-evidence-contradiction-false-activity-more-001 business_trace_id=trace-build-evidence-contradiction-false-activity-more-001 tenant_id=tenant-001 document_id= ingestion_job_id= - 'command.BuildDocumentEvidenceCommand' : 6d686734cd55b7d28a80f466527a1af2 47c8c55a5977cafe INTERNAL [tracer: sparrowx-document-service:] {}
2026-06-04 12:55:00.695 [grpc-default-executor-2] INFO  b.i.g.i.GrpcLoggingInterceptor$1 otel_trace_id=6d686734cd55b7d28a80f466527a1af2 otel_span_id=ca01103d008075d7 request_id=req-build-evidence-contradiction-false-activity-more-001 business_trace_id=trace-build-evidence-contradiction-false-activity-more-001 tenant_id=tenant-001 document_id= ingestion_job_id= - grpc.response.send document.DocumentService/BuildDocumentEvidence
2026-06-04 12:55:00.697 [grpc-default-executor-2] INFO  i.o.e.logging.LoggingSpanExporter otel_trace_id=6d686734cd55b7d28a80f466527a1af2 otel_span_id=ca01103d008075d7 request_id=req-build-evidence-contradiction-false-activity-more-001 business_trace_id=trace-build-evidence-contradiction-false-activity-more-001 tenant_id=tenant-001 document_id= ingestion_job_id= - 'document.DocumentService/BuildDocumentEvidence' : 6d686734cd55b7d28a80f466527a1af2 ca01103d008075d7 SERVER [tracer: sparrowx-document-service:] AttributesMap{data={rpc.method=document.DocumentService/BuildDocumentEvidence, rpc.grpc.status_code=OK, rpc.system=grpc}, capacity=128, totalAddedValues=3}
2026-06-04 12:55:00.697 [grpc-default-executor-2] INFO  b.i.g.i.GrpcLoggingInterceptor$1 otel_trace_id=6d686734cd55b7d28a80f466527a1af2 otel_span_id=ca01103d008075d7 request_id=req-build-evidence-contradiction-false-activity-more-001 business_trace_id=trace-build-evidence-contradiction-false-activity-more-001 tenant_id=tenant-001 document_id= ingestion_job_id= - grpc.call.close document.DocumentService/BuildDocumentEvidence status=Status{code=OK, description=null, cause=null}
2026-06-04 12:55:00.699 [grpc-default-executor-2] INFO  b.i.g.i.GrpcLoggingInterceptor$2 otel_trace_id= otel_span_id= request_id= business_trace_id= tenant_id= document_id= ingestion_job_id= - grpc.call.complete document.DocumentService/BuildDocumentEvidence
2026-06-04 12:55:57.895 [grpc-default-executor-2] INFO  b.i.g.i.GrpcLoggingInterceptor otel_trace_id= otel_span_id= request_id= business_trace_id= tenant_id= document_id= ingestion_job_id= - grpc.call.start document.DocumentService/BuildDocumentEvidence
2026-06-04 12:55:57.897 [grpc-default-executor-2] INFO  b.i.g.i.GrpcTracingInterceptor otel_trace_id=5f4e6cc2a086cd83fcf9d3d16a89fa82 otel_span_id=e672e82615b50ea8 request_id= business_trace_id= tenant_id= document_id= ingestion_job_id= - trace.start: 5f4e6cc2a086cd83fcf9d3d16a89fa82
2026-06-04 12:55:57.897 [grpc-default-executor-2] INFO  b.i.g.i.GrpcLoggingInterceptor$2 otel_trace_id= otel_span_id= request_id= business_trace_id= tenant_id= document_id= ingestion_job_id= - grpc.request.message document.DocumentService/BuildDocumentEvidence
2026-06-04 12:55:57.898 [grpc-default-executor-2] INFO  b.i.g.i.GrpcLoggingInterceptor$2 otel_trace_id= otel_span_id= request_id=req-build-evidence-supported-mindwandering-more-001 business_trace_id=trace-build-evidence-supported-mindwandering-more-001 tenant_id=tenant-001 document_id= ingestion_job_id= - grpc.request.complete document.DocumentService/BuildDocumentEvidence
2026-06-04 12:55:57.900 [grpc-default-executor-2] INFO  b.c.c.i.CommandObservabilityInterceptor otel_trace_id=5f4e6cc2a086cd83fcf9d3d16a89fa82 otel_span_id=e672e82615b50ea8 request_id=req-build-evidence-supported-mindwandering-more-001 business_trace_id=trace-build-evidence-supported-mindwandering-more-001 tenant_id=tenant-001 document_id= ingestion_job_id= - command.start BuildDocumentEvidenceCommand
2026-06-04 12:55:57.902 [grpc-default-executor-2] INFO  c.s.d.o.EvidenceBuildLogger otel_trace_id=5f4e6cc2a086cd83fcf9d3d16a89fa82 otel_span_id=e672e82615b50ea8 request_id=req-build-evidence-supported-mindwandering-more-001 business_trace_id=trace-build-evidence-supported-mindwandering-more-001 tenant_id=tenant-001 document_id= ingestion_job_id= - Document evidence build requested tenantId=tenant-001 userId=user-001 projectId=project-001 teamId=team-001 goal=COMPARISON scopedDocumentCount=1 limit=4 allowClaimCache=false requireVerification=true
2026-06-04 12:56:18.374 [grpc-default-executor-2] INFO  c.s.d.o.EvidenceBuildLogger otel_trace_id=5f4e6cc2a086cd83fcf9d3d16a89fa82 otel_span_id=e672e82615b50ea8 request_id=req-build-evidence-supported-mindwandering-more-001 business_trace_id=trace-build-evidence-supported-mindwandering-more-001 tenant_id=tenant-001 document_id= ingestion_job_id= - Document evidence build completed tenantId=tenant-001 userId=user-001 graphId=cef2c011-52c0-414e-8b51-947beb491884 nodeCount=3 edgeCount=4 usedChunkRetrieval=true usedClaimCache=false coverageScore=1.0
2026-06-04 12:56:18.374 [grpc-default-executor-2] INFO  b.c.c.i.CommandObservabilityInterceptor otel_trace_id=5f4e6cc2a086cd83fcf9d3d16a89fa82 otel_span_id=e672e82615b50ea8 request_id=req-build-evidence-supported-mindwandering-more-001 business_trace_id=trace-build-evidence-supported-mindwandering-more-001 tenant_id=tenant-001 document_id= ingestion_job_id= - command.complete BuildDocumentEvidenceCommand in 20473 ms
2026-06-04 12:56:18.374 [grpc-default-executor-2] INFO  i.o.e.logging.LoggingSpanExporter otel_trace_id=5f4e6cc2a086cd83fcf9d3d16a89fa82 otel_span_id=e672e82615b50ea8 request_id=req-build-evidence-supported-mindwandering-more-001 business_trace_id=trace-build-evidence-supported-mindwandering-more-001 tenant_id=tenant-001 document_id= ingestion_job_id= - 'command.BuildDocumentEvidenceCommand' : 5f4e6cc2a086cd83fcf9d3d16a89fa82 d88fddb6a76dc036 INTERNAL [tracer: sparrowx-document-service:] {}
2026-06-04 12:56:18.377 [grpc-default-executor-2] INFO  b.i.g.i.GrpcLoggingInterceptor$1 otel_trace_id=5f4e6cc2a086cd83fcf9d3d16a89fa82 otel_span_id=e672e82615b50ea8 request_id=req-build-evidence-supported-mindwandering-more-001 business_trace_id=trace-build-evidence-supported-mindwandering-more-001 tenant_id=tenant-001 document_id= ingestion_job_id= - grpc.response.send document.DocumentService/BuildDocumentEvidence
2026-06-04 12:56:18.377 [grpc-default-executor-2] INFO  i.o.e.logging.LoggingSpanExporter otel_trace_id=5f4e6cc2a086cd83fcf9d3d16a89fa82 otel_span_id=e672e82615b50ea8 request_id=req-build-evidence-supported-mindwandering-more-001 business_trace_id=trace-build-evidence-supported-mindwandering-more-001 tenant_id=tenant-001 document_id= ingestion_job_id= - 'document.DocumentService/BuildDocumentEvidence' : 5f4e6cc2a086cd83fcf9d3d16a89fa82 e672e82615b50ea8 SERVER [tracer: sparrowx-document-service:] AttributesMap{data={rpc.method=document.DocumentService/BuildDocumentEvidence, rpc.grpc.status_code=OK, rpc.system=grpc}, capacity=128, totalAddedValues=3}
2026-06-04 12:56:18.377 [grpc-default-executor-2] INFO  b.i.g.i.GrpcLoggingInterceptor$1 otel_trace_id=5f4e6cc2a086cd83fcf9d3d16a89fa82 otel_span_id=e672e82615b50ea8 request_id=req-build-evidence-supported-mindwandering-more-001 business_trace_id=trace-build-evidence-supported-mindwandering-more-001 tenant_id=tenant-001 document_id= ingestion_job_id= - grpc.call.close document.DocumentService/BuildDocumentEvidence status=Status{code=OK, description=null, cause=null}
2026-06-04 12:56:18.378 [grpc-default-executor-2] INFO  b.i.g.i.GrpcLoggingInterceptor$2 otel_trace_id= otel_span_id= request_id= business_trace_id= tenant_id= document_id= ingestion_job_id= - grpc.call.complete document.DocumentService/BuildDocumentEvidence
2026-06-04 12:56:49.090 [grpc-default-executor-2] INFO  b.i.g.i.GrpcLoggingInterceptor otel_trace_id= otel_span_id= request_id= business_trace_id= tenant_id= document_id= ingestion_job_id= - grpc.call.start document.DocumentService/BuildDocumentEvidence
2026-06-04 12:56:49.090 [grpc-default-executor-2] INFO  b.i.g.i.GrpcTracingInterceptor otel_trace_id=1b6a3ae8adc343ff1e2bfbe92e1d7701 otel_span_id=7cb1562fd3dce23e request_id= business_trace_id= tenant_id= document_id= ingestion_job_id= - trace.start: 1b6a3ae8adc343ff1e2bfbe92e1d7701
2026-06-04 12:56:49.090 [grpc-default-executor-2] INFO  b.i.g.i.GrpcLoggingInterceptor$2 otel_trace_id= otel_span_id= request_id= business_trace_id= tenant_id= document_id= ingestion_job_id= - grpc.request.message document.DocumentService/BuildDocumentEvidence
2026-06-04 12:56:49.091 [grpc-default-executor-2] INFO  b.i.g.i.GrpcLoggingInterceptor$2 otel_trace_id= otel_span_id= request_id=req-build-evidence-negative-neural-imaging-001 business_trace_id=trace-build-evidence-negative-neural-imaging-001 tenant_id=tenant-001 document_id= ingestion_job_id= - grpc.request.complete document.DocumentService/BuildDocumentEvidence
2026-06-04 12:56:49.093 [grpc-default-executor-2] INFO  b.c.c.i.CommandObservabilityInterceptor otel_trace_id=1b6a3ae8adc343ff1e2bfbe92e1d7701 otel_span_id=7cb1562fd3dce23e request_id=req-build-evidence-negative-neural-imaging-001 business_trace_id=trace-build-evidence-negative-neural-imaging-001 tenant_id=tenant-001 document_id= ingestion_job_id= - command.start BuildDocumentEvidenceCommand
2026-06-04 12:56:49.093 [grpc-default-executor-2] INFO  c.s.d.o.EvidenceBuildLogger otel_trace_id=1b6a3ae8adc343ff1e2bfbe92e1d7701 otel_span_id=7cb1562fd3dce23e request_id=req-build-evidence-negative-neural-imaging-001 business_trace_id=trace-build-evidence-negative-neural-imaging-001 tenant_id=tenant-001 document_id= ingestion_job_id= - Document evidence build requested tenantId=tenant-001 userId=user-001 projectId=project-001 teamId=team-001 goal=EXTRACTION scopedDocumentCount=1 limit=4 allowClaimCache=false requireVerification=true
2026-06-04 12:57:05.222 [grpc-default-executor-2] INFO  c.s.d.o.EvidenceBuildLogger otel_trace_id=1b6a3ae8adc343ff1e2bfbe92e1d7701 otel_span_id=7cb1562fd3dce23e request_id=req-build-evidence-negative-neural-imaging-001 business_trace_id=trace-build-evidence-negative-neural-imaging-001 tenant_id=tenant-001 document_id= ingestion_job_id= - Document evidence build completed tenantId=tenant-001 userId=user-001 graphId=3f073dc8-9103-4303-b1f3-b45c8798897d nodeCount=3 edgeCount=1 usedChunkRetrieval=true usedClaimCache=false coverageScore=0.0
2026-06-04 12:57:05.223 [grpc-default-executor-2] INFO  b.c.c.i.CommandObservabilityInterceptor otel_trace_id=1b6a3ae8adc343ff1e2bfbe92e1d7701 otel_span_id=7cb1562fd3dce23e request_id=req-build-evidence-negative-neural-imaging-001 business_trace_id=trace-build-evidence-negative-neural-imaging-001 tenant_id=tenant-001 document_id= ingestion_job_id= - command.complete BuildDocumentEvidenceCommand in 16130 ms
2026-06-04 12:57:05.223 [grpc-default-executor-2] INFO  i.o.e.logging.LoggingSpanExporter otel_trace_id=1b6a3ae8adc343ff1e2bfbe92e1d7701 otel_span_id=7cb1562fd3dce23e request_id=req-build-evidence-negative-neural-imaging-001 business_trace_id=trace-build-evidence-negative-neural-imaging-001 tenant_id=tenant-001 document_id= ingestion_job_id= - 'command.BuildDocumentEvidenceCommand' : 1b6a3ae8adc343ff1e2bfbe92e1d7701 84392298cb8b9a00 INTERNAL [tracer: sparrowx-document-service:] {}
2026-06-04 12:57:05.227 [grpc-default-executor-2] INFO  b.i.g.i.GrpcLoggingInterceptor$1 otel_trace_id=1b6a3ae8adc343ff1e2bfbe92e1d7701 otel_span_id=7cb1562fd3dce23e request_id=req-build-evidence-negative-neural-imaging-001 business_trace_id=trace-build-evidence-negative-neural-imaging-001 tenant_id=tenant-001 document_id= ingestion_job_id= - grpc.response.send document.DocumentService/BuildDocumentEvidence
2026-06-04 12:57:05.228 [grpc-default-executor-2] INFO  i.o.e.logging.LoggingSpanExporter otel_trace_id=1b6a3ae8adc343ff1e2bfbe92e1d7701 otel_span_id=7cb1562fd3dce23e request_id=req-build-evidence-negative-neural-imaging-001 business_trace_id=trace-build-evidence-negative-neural-imaging-001 tenant_id=tenant-001 document_id= ingestion_job_id= - 'document.DocumentService/BuildDocumentEvidence' : 1b6a3ae8adc343ff1e2bfbe92e1d7701 7cb1562fd3dce23e SERVER [tracer: sparrowx-document-service:] AttributesMap{data={rpc.method=document.DocumentService/BuildDocumentEvidence, rpc.grpc.status_code=OK, rpc.system=grpc}, capacity=128, totalAddedValues=3}
2026-06-04 12:57:05.228 [grpc-default-executor-2] INFO  b.i.g.i.GrpcLoggingInterceptor$1 otel_trace_id=1b6a3ae8adc343ff1e2bfbe92e1d7701 otel_span_id=7cb1562fd3dce23e request_id=req-build-evidence-negative-neural-imaging-001 business_trace_id=trace-build-evidence-negative-neural-imaging-001 tenant_id=tenant-001 document_id= ingestion_job_id= - grpc.call.close document.DocumentService/BuildDocumentEvidence status=Status{code=OK, description=null, cause=null}
2026-06-04 12:57:05.230 [grpc-default-executor-2] INFO  b.i.g.i.GrpcLoggingInterceptor$2 otel_trace_id= otel_span_id= request_id= business_trace_id= tenant_id= document_id= ingestion_job_id= - grpc.call.complete document.DocumentService/BuildDocumentEvidence
2026-06-04 12:57:28.807 [grpc-default-executor-2] INFO  b.i.g.i.GrpcLoggingInterceptor otel_trace_id= otel_span_id= request_id= business_trace_id= tenant_id= document_id= ingestion_job_id= - grpc.call.start document.DocumentService/BuildDocumentEvidence
2026-06-04 12:57:28.807 [grpc-default-executor-2] INFO  b.i.g.i.GrpcTracingInterceptor otel_trace_id=663a8495eea9728c97463f3dfe472d2c otel_span_id=dae4087f5746230b request_id= business_trace_id= tenant_id= document_id= ingestion_job_id= - trace.start: 663a8495eea9728c97463f3dfe472d2c
2026-06-04 12:57:28.808 [grpc-default-executor-2] INFO  b.i.g.i.GrpcLoggingInterceptor$2 otel_trace_id= otel_span_id= request_id= business_trace_id= tenant_id= document_id= ingestion_job_id= - grpc.request.message document.DocumentService/BuildDocumentEvidence
2026-06-04 12:57:28.809 [grpc-default-executor-2] INFO  b.i.g.i.GrpcLoggingInterceptor$2 otel_trace_id= otel_span_id= request_id=req-build-evidence-framework-regression-001 business_trace_id=trace-build-evidence-framework-regression-001 tenant_id=tenant-001 document_id= ingestion_job_id= - grpc.request.complete document.DocumentService/BuildDocumentEvidence
2026-06-04 12:57:28.810 [grpc-default-executor-2] INFO  b.c.c.i.CommandObservabilityInterceptor otel_trace_id=663a8495eea9728c97463f3dfe472d2c otel_span_id=dae4087f5746230b request_id=req-build-evidence-framework-regression-001 business_trace_id=trace-build-evidence-framework-regression-001 tenant_id=tenant-001 document_id= ingestion_job_id= - command.start BuildDocumentEvidenceCommand
2026-06-04 12:57:28.811 [grpc-default-executor-2] INFO  c.s.d.o.EvidenceBuildLogger otel_trace_id=663a8495eea9728c97463f3dfe472d2c otel_span_id=dae4087f5746230b request_id=req-build-evidence-framework-regression-001 business_trace_id=trace-build-evidence-framework-regression-001 tenant_id=tenant-001 document_id= ingestion_job_id= - Document evidence build requested tenantId=tenant-001 userId=user-001 projectId=project-001 teamId=team-001 goal=EXTRACTION scopedDocumentCount=1 limit=5 allowClaimCache=false requireVerification=true
2026-06-04 12:58:45.909 [grpc-default-executor-2] INFO  c.s.d.o.EvidenceBuildLogger otel_trace_id=663a8495eea9728c97463f3dfe472d2c otel_span_id=dae4087f5746230b request_id=req-build-evidence-framework-regression-001 business_trace_id=trace-build-evidence-framework-regression-001 tenant_id=tenant-001 document_id= ingestion_job_id= - Document evidence build completed tenantId=tenant-001 userId=user-001 graphId=8d2fecbc-3262-4960-9ea8-e435816a6a1d nodeCount=3 edgeCount=2 usedChunkRetrieval=true usedClaimCache=false coverageScore=1.0
2026-06-04 12:58:45.909 [grpc-default-executor-2] INFO  b.c.c.i.CommandObservabilityInterceptor otel_trace_id=663a8495eea9728c97463f3dfe472d2c otel_span_id=dae4087f5746230b request_id=req-build-evidence-framework-regression-001 business_trace_id=trace-build-evidence-framework-regression-001 tenant_id=tenant-001 document_id= ingestion_job_id= - command.complete BuildDocumentEvidenceCommand in 77099 ms
2026-06-04 12:58:45.909 [grpc-default-executor-2] INFO  i.o.e.logging.LoggingSpanExporter otel_trace_id=663a8495eea9728c97463f3dfe472d2c otel_span_id=dae4087f5746230b request_id=req-build-evidence-framework-regression-001 business_trace_id=trace-build-evidence-framework-regression-001 tenant_id=tenant-001 document_id= ingestion_job_id= - 'command.BuildDocumentEvidenceCommand' : 663a8495eea9728c97463f3dfe472d2c 5a1ef572cb921022 INTERNAL [tracer: sparrowx-document-service:] {}
2026-06-04 12:58:45.912 [grpc-default-executor-2] INFO  b.i.g.i.GrpcLoggingInterceptor$1 otel_trace_id=663a8495eea9728c97463f3dfe472d2c otel_span_id=dae4087f5746230b request_id=req-build-evidence-framework-regression-001 business_trace_id=trace-build-evidence-framework-regression-001 tenant_id=tenant-001 document_id= ingestion_job_id= - grpc.response.send document.DocumentService/BuildDocumentEvidence
2026-06-04 12:58:45.913 [grpc-default-executor-2] INFO  i.o.e.logging.LoggingSpanExporter otel_trace_id=663a8495eea9728c97463f3dfe472d2c otel_span_id=dae4087f5746230b request_id=req-build-evidence-framework-regression-001 business_trace_id=trace-build-evidence-framework-regression-001 tenant_id=tenant-001 document_id= ingestion_job_id= - 'document.DocumentService/BuildDocumentEvidence' : 663a8495eea9728c97463f3dfe472d2c dae4087f5746230b SERVER [tracer: sparrowx-document-service:] AttributesMap{data={rpc.method=document.DocumentService/BuildDocumentEvidence, rpc.grpc.status_code=OK, rpc.system=grpc}, capacity=128, totalAddedValues=3}
2026-06-04 12:58:45.913 [grpc-default-executor-2] INFO  b.i.g.i.GrpcLoggingInterceptor$1 otel_trace_id=663a8495eea9728c97463f3dfe472d2c otel_span_id=dae4087f5746230b request_id=req-build-evidence-framework-regression-001 business_trace_id=trace-build-evidence-framework-regression-001 tenant_id=tenant-001 document_id= ingestion_job_id= - grpc.call.close document.DocumentService/BuildDocumentEvidence status=Status{code=OK, description=null, cause=null}
2026-06-04 12:58:45.915 [grpc-default-executor-2] INFO  b.i.g.i.GrpcLoggingInterceptor$2 otel_trace_id= otel_span_id= request_id= business_trace_id= tenant_id= document_id= ingestion_job_id= - grpc.call.complete document.DocumentService/BuildDocumentEvidence
2026-06-04 12:59:42.360 [grpc-default-executor-2] INFO  b.i.g.i.GrpcLoggingInterceptor otel_trace_id= otel_span_id= request_id= business_trace_id= tenant_id= document_id= ingestion_job_id= - grpc.call.start document.DocumentService/BuildDocumentEvidence
2026-06-04 12:59:42.361 [grpc-default-executor-2] INFO  b.i.g.i.GrpcTracingInterceptor otel_trace_id=ea70b3cec36461a0c4eead1093681ac2 otel_span_id=070e1a21653ceedf request_id= business_trace_id= tenant_id= document_id= ingestion_job_id= - trace.start: ea70b3cec36461a0c4eead1093681ac2
2026-06-04 12:59:42.361 [grpc-default-executor-2] INFO  b.i.g.i.GrpcLoggingInterceptor$2 otel_trace_id= otel_span_id= request_id= business_trace_id= tenant_id= document_id= ingestion_job_id= - grpc.request.message document.DocumentService/BuildDocumentEvidence
2026-06-04 12:59:42.362 [grpc-default-executor-2] INFO  b.i.g.i.GrpcLoggingInterceptor$2 otel_trace_id= otel_span_id= request_id=req-build-evidence-negative-neural-imaging-001 business_trace_id=trace-build-evidence-negative-neural-imaging-001 tenant_id=tenant-001 document_id= ingestion_job_id= - grpc.request.complete document.DocumentService/BuildDocumentEvidence
2026-06-04 12:59:42.364 [grpc-default-executor-2] INFO  b.c.c.i.CommandObservabilityInterceptor otel_trace_id=ea70b3cec36461a0c4eead1093681ac2 otel_span_id=070e1a21653ceedf request_id=req-build-evidence-negative-neural-imaging-001 business_trace_id=trace-build-evidence-negative-neural-imaging-001 tenant_id=tenant-001 document_id= ingestion_job_id= - command.start BuildDocumentEvidenceCommand
2026-06-04 12:59:42.365 [grpc-default-executor-2] INFO  c.s.d.o.EvidenceBuildLogger otel_trace_id=ea70b3cec36461a0c4eead1093681ac2 otel_span_id=070e1a21653ceedf request_id=req-build-evidence-negative-neural-imaging-001 business_trace_id=trace-build-evidence-negative-neural-imaging-001 tenant_id=tenant-001 document_id= ingestion_job_id= - Document evidence build requested tenantId=tenant-001 userId=user-001 projectId=project-001 teamId=team-001 goal=EXTRACTION scopedDocumentCount=1 limit=4 allowClaimCache=false requireVerification=true
2026-06-04 13:01:05.277 [grpc-default-executor-2] INFO  c.s.d.o.EvidenceBuildLogger otel_trace_id=ea70b3cec36461a0c4eead1093681ac2 otel_span_id=070e1a21653ceedf request_id=req-build-evidence-negative-neural-imaging-001 business_trace_id=trace-build-evidence-negative-neural-imaging-001 tenant_id=tenant-001 document_id= ingestion_job_id= - Document evidence build completed tenantId=tenant-001 userId=user-001 graphId=6ba18030-f709-4de1-8440-41c626f6f455 nodeCount=3 edgeCount=2 usedChunkRetrieval=true usedClaimCache=false coverageScore=1.0
2026-06-04 13:01:05.278 [grpc-default-executor-2] INFO  b.c.c.i.CommandObservabilityInterceptor otel_trace_id=ea70b3cec36461a0c4eead1093681ac2 otel_span_id=070e1a21653ceedf request_id=req-build-evidence-negative-neural-imaging-001 business_trace_id=trace-build-evidence-negative-neural-imaging-001 tenant_id=tenant-001 document_id= ingestion_job_id= - command.complete BuildDocumentEvidenceCommand in 82914 ms
2026-06-04 13:01:05.278 [grpc-default-executor-2] INFO  i.o.e.logging.LoggingSpanExporter otel_trace_id=ea70b3cec36461a0c4eead1093681ac2 otel_span_id=070e1a21653ceedf request_id=req-build-evidence-negative-neural-imaging-001 business_trace_id=trace-build-evidence-negative-neural-imaging-001 tenant_id=tenant-001 document_id= ingestion_job_id= - 'command.BuildDocumentEvidenceCommand' : ea70b3cec36461a0c4eead1093681ac2 c67fd7eed8a77b8c INTERNAL [tracer: sparrowx-document-service:] {}
2026-06-04 13:01:05.281 [grpc-default-executor-2] INFO  b.i.g.i.GrpcLoggingInterceptor$1 otel_trace_id=ea70b3cec36461a0c4eead1093681ac2 otel_span_id=070e1a21653ceedf request_id=req-build-evidence-negative-neural-imaging-001 business_trace_id=trace-build-evidence-negative-neural-imaging-001 tenant_id=tenant-001 document_id= ingestion_job_id= - grpc.response.send document.DocumentService/BuildDocumentEvidence
2026-06-04 13:01:05.282 [grpc-default-executor-2] INFO  i.o.e.logging.LoggingSpanExporter otel_trace_id=ea70b3cec36461a0c4eead1093681ac2 otel_span_id=070e1a21653ceedf request_id=req-build-evidence-negative-neural-imaging-001 business_trace_id=trace-build-evidence-negative-neural-imaging-001 tenant_id=tenant-001 document_id= ingestion_job_id= - 'document.DocumentService/BuildDocumentEvidence' : ea70b3cec36461a0c4eead1093681ac2 070e1a21653ceedf SERVER [tracer: sparrowx-document-service:] AttributesMap{data={rpc.method=document.DocumentService/BuildDocumentEvidence, rpc.grpc.status_code=OK, rpc.system=grpc}, capacity=128, totalAddedValues=3}
2026-06-04 13:01:05.282 [grpc-default-executor-2] INFO  b.i.g.i.GrpcLoggingInterceptor$1 otel_trace_id=ea70b3cec36461a0c4eead1093681ac2 otel_span_id=070e1a21653ceedf request_id=req-build-evidence-negative-neural-imaging-001 business_trace_id=trace-build-evidence-negative-neural-imaging-001 tenant_id=tenant-001 document_id= ingestion_job_id= - grpc.call.close document.DocumentService/BuildDocumentEvidence status=Status{code=OK, description=null, cause=null}
2026-06-04 13:01:05.284 [grpc-default-executor-2] INFO  b.i.g.i.GrpcLoggingInterceptor$2 otel_trace_id= otel_span_id= request_id= business_trace_id= tenant_id= document_id= ingestion_job_id= - grpc.call.complete document.DocumentService/BuildDocumentEvidence
2026-06-04 13:01:25.153 [grpc-default-executor-2] INFO  b.i.g.i.GrpcLoggingInterceptor otel_trace_id= otel_span_id= request_id= business_trace_id= tenant_id= document_id= ingestion_job_id= - grpc.call.start document.DocumentService/BuildDocumentEvidence
2026-06-04 13:01:25.154 [grpc-default-executor-2] INFO  b.i.g.i.GrpcTracingInterceptor otel_trace_id=2657968f4a7ce2676a834c89422dcaf3 otel_span_id=606aaf0db43a2930 request_id= business_trace_id= tenant_id= document_id= ingestion_job_id= - trace.start: 2657968f4a7ce2676a834c89422dcaf3
2026-06-04 13:01:25.155 [grpc-default-executor-2] INFO  b.i.g.i.GrpcLoggingInterceptor$2 otel_trace_id= otel_span_id= request_id= business_trace_id= tenant_id= document_id= ingestion_job_id= - grpc.request.message document.DocumentService/BuildDocumentEvidence
2026-06-04 13:01:25.155 [grpc-default-executor-2] INFO  b.i.g.i.GrpcLoggingInterceptor$2 otel_trace_id= otel_span_id= request_id=req-build-evidence-supported-mindwandering-more-001 business_trace_id=trace-build-evidence-supported-mindwandering-more-001 tenant_id=tenant-001 document_id= ingestion_job_id= - grpc.request.complete document.DocumentService/BuildDocumentEvidence
2026-06-04 13:01:25.156 [grpc-default-executor-2] INFO  b.c.c.i.CommandObservabilityInterceptor otel_trace_id=2657968f4a7ce2676a834c89422dcaf3 otel_span_id=606aaf0db43a2930 request_id=req-build-evidence-supported-mindwandering-more-001 business_trace_id=trace-build-evidence-supported-mindwandering-more-001 tenant_id=tenant-001 document_id= ingestion_job_id= - command.start BuildDocumentEvidenceCommand
2026-06-04 13:01:25.157 [grpc-default-executor-2] INFO  c.s.d.o.EvidenceBuildLogger otel_trace_id=2657968f4a7ce2676a834c89422dcaf3 otel_span_id=606aaf0db43a2930 request_id=req-build-evidence-supported-mindwandering-more-001 business_trace_id=trace-build-evidence-supported-mindwandering-more-001 tenant_id=tenant-001 document_id= ingestion_job_id= - Document evidence build requested tenantId=tenant-001 userId=user-001 projectId=project-001 teamId=team-001 goal=COMPARISON scopedDocumentCount=1 limit=4 allowClaimCache=false requireVerification=true
2026-06-04 13:02:48.215 [grpc-default-executor-2] INFO  c.s.d.o.EvidenceBuildLogger otel_trace_id=2657968f4a7ce2676a834c89422dcaf3 otel_span_id=606aaf0db43a2930 request_id=req-build-evidence-supported-mindwandering-more-001 business_trace_id=trace-build-evidence-supported-mindwandering-more-001 tenant_id=tenant-001 document_id= ingestion_job_id= - Document evidence build completed tenantId=tenant-001 userId=user-001 graphId=3c9391cb-d67e-4b61-867d-f86e8d6b2661 nodeCount=2 edgeCount=2 usedChunkRetrieval=true usedClaimCache=false coverageScore=1.0
2026-06-04 13:02:48.216 [grpc-default-executor-2] INFO  b.c.c.i.CommandObservabilityInterceptor otel_trace_id=2657968f4a7ce2676a834c89422dcaf3 otel_span_id=606aaf0db43a2930 request_id=req-build-evidence-supported-mindwandering-more-001 business_trace_id=trace-build-evidence-supported-mindwandering-more-001 tenant_id=tenant-001 document_id= ingestion_job_id= - command.complete BuildDocumentEvidenceCommand in 83058 ms
2026-06-04 13:02:48.216 [grpc-default-executor-2] INFO  i.o.e.logging.LoggingSpanExporter otel_trace_id=2657968f4a7ce2676a834c89422dcaf3 otel_span_id=606aaf0db43a2930 request_id=req-build-evidence-supported-mindwandering-more-001 business_trace_id=trace-build-evidence-supported-mindwandering-more-001 tenant_id=tenant-001 document_id= ingestion_job_id= - 'command.BuildDocumentEvidenceCommand' : 2657968f4a7ce2676a834c89422dcaf3 8839080e804eac3c INTERNAL [tracer: sparrowx-document-service:] {}
2026-06-04 13:02:48.218 [grpc-default-executor-2] INFO  b.i.g.i.GrpcLoggingInterceptor$1 otel_trace_id=2657968f4a7ce2676a834c89422dcaf3 otel_span_id=606aaf0db43a2930 request_id=req-build-evidence-supported-mindwandering-more-001 business_trace_id=trace-build-evidence-supported-mindwandering-more-001 tenant_id=tenant-001 document_id= ingestion_job_id= - grpc.response.send document.DocumentService/BuildDocumentEvidence
2026-06-04 13:02:48.219 [grpc-default-executor-2] INFO  i.o.e.logging.LoggingSpanExporter otel_trace_id=2657968f4a7ce2676a834c89422dcaf3 otel_span_id=606aaf0db43a2930 request_id=req-build-evidence-supported-mindwandering-more-001 business_trace_id=trace-build-evidence-supported-mindwandering-more-001 tenant_id=tenant-001 document_id= ingestion_job_id= - 'document.DocumentService/BuildDocumentEvidence' : 2657968f4a7ce2676a834c89422dcaf3 606aaf0db43a2930 SERVER [tracer: sparrowx-document-service:] AttributesMap{data={rpc.method=document.DocumentService/BuildDocumentEvidence, rpc.grpc.status_code=OK, rpc.system=grpc}, capacity=128, totalAddedValues=3}
2026-06-04 13:02:48.220 [grpc-default-executor-2] INFO  b.i.g.i.GrpcLoggingInterceptor$1 otel_trace_id=2657968f4a7ce2676a834c89422dcaf3 otel_span_id=606aaf0db43a2930 request_id=req-build-evidence-supported-mindwandering-more-001 business_trace_id=trace-build-evidence-supported-mindwandering-more-001 tenant_id=tenant-001 document_id= ingestion_job_id= - grpc.call.close document.DocumentService/BuildDocumentEvidence status=Status{code=OK, description=null, cause=null}
2026-06-04 13:02:48.221 [grpc-default-executor-2] INFO  b.i.g.i.GrpcLoggingInterceptor$2 otel_trace_id= otel_span_id= request_id= business_trace_id= tenant_id= document_id= ingestion_job_id= - grpc.call.complete document.DocumentService/BuildDocumentEvidence
2026-06-04 13:05:11.016 [SpringApplicationShutdownHook] INFO  n.d.b.g.s.s.GrpcServerLifecycle otel_trace_id= otel_span_id= request_id= business_trace_id= tenant_id= document_id= ingestion_job_id= - Completed gRPC server shutdown
2026-06-04 13:05:11.017 [SpringApplicationShutdownHook] INFO  o.s.boot.tomcat.GracefulShutdown otel_trace_id= otel_span_id= request_id= business_trace_id= tenant_id= document_id= ingestion_job_id= - Commencing graceful shutdown. Waiting for active requests to complete
2026-06-04 13:05:11.021 [tomcat-shutdown] INFO  o.s.boot.tomcat.GracefulShutdown otel_trace_id= otel_span_id= request_id= business_trace_id= tenant_id= document_id= ingestion_job_id= - Graceful shutdown complete
2026-06-04 13:05:11.040 [SpringApplicationShutdownHook] INFO  b.i.grpc.health.GrpcHealthAdapter otel_trace_id= otel_span_id= request_id= business_trace_id= tenant_id= document_id= ingestion_job_id= - Shutting down — setting gRPC global health to NOT_SERVING
2026-06-04 13:05:11.050 [SpringApplicationShutdownHook] INFO  o.s.o.j.LocalContainerEntityManagerFactoryBean otel_trace_id= otel_span_id= request_id= business_trace_id= tenant_id= document_id= ingestion_job_id= - Closing JPA EntityManagerFactory for persistence unit 'default'
2026-06-04 13:05:11.052 [SpringApplicationShutdownHook] INFO  com.zaxxer.hikari.HikariDataSource otel_trace_id= otel_span_id= request_id= business_trace_id= tenant_id= document_id= ingestion_job_id= - HikariPool-1 - Shutdown initiated...
2026-06-04 13:05:11.056 [SpringApplicationShutdownHook] INFO  com.zaxxer.hikari.HikariDataSource otel_trace_id= otel_span_id= request_id= business_trace_id= tenant_id= document_id= ingestion_job_id= - HikariPool-1 - Shutdown completed.
2026-06-04 13:05:39.642 [main] INFO  c.s.document.DocumentApplication otel_trace_id= otel_span_id= request_id= business_trace_id= tenant_id= document_id= ingestion_job_id= - Starting DocumentApplication using Java 25.0.2 with PID 27840 (D:\Projects\Sparrow-x\document-service\target\classes started by aggre in D:\Projects\Sparrow-x\document-service)
2026-06-04 13:05:39.643 [main] INFO  c.s.document.DocumentApplication otel_trace_id= otel_span_id= request_id= business_trace_id= tenant_id= document_id= ingestion_job_id= - The following 1 profile is active: "dev"
2026-06-04 13:05:40.505 [main] INFO  o.s.d.r.c.RepositoryConfigurationDelegate otel_trace_id= otel_span_id= request_id= business_trace_id= tenant_id= document_id= ingestion_job_id= - Multiple Spring Data modules found, entering strict repository configuration mode
2026-06-04 13:05:40.506 [main] INFO  o.s.d.r.c.RepositoryConfigurationDelegate otel_trace_id= otel_span_id= request_id= business_trace_id= tenant_id= document_id= ingestion_job_id= - Bootstrapping Spring Data JPA repositories in DEFAULT mode.
2026-06-04 13:05:40.628 [main] INFO  o.s.d.r.c.RepositoryConfigurationDelegate otel_trace_id= otel_span_id= request_id= business_trace_id= tenant_id= document_id= ingestion_job_id= - Finished Spring Data repository scanning in 114 ms. Found 5 JPA repository interfaces.
2026-06-04 13:05:41.442 [main] INFO  o.s.d.r.c.RepositoryConfigurationDelegate otel_trace_id= otel_span_id= request_id= business_trace_id= tenant_id= document_id= ingestion_job_id= - Multiple Spring Data modules found, entering strict repository configuration mode
2026-06-04 13:05:41.443 [main] INFO  o.s.d.r.c.RepositoryConfigurationDelegate otel_trace_id= otel_span_id= request_id= business_trace_id= tenant_id= document_id= ingestion_job_id= - Bootstrapping Spring Data Redis repositories in DEFAULT mode.
2026-06-04 13:05:41.477 [main] INFO  o.s.d.r.c.RepositoryConfigurationExtensionSupport otel_trace_id= otel_span_id= request_id= business_trace_id= tenant_id= document_id= ingestion_job_id= - Spring Data Redis - Could not safely identify store assignment for repository candidate interface com.sparrowx.document.data.postgres.repositories.DocumentChunkRepository; If you want this repository to be a Redis repository, consider annotating your entities with one of these annotations: org.springframework.data.redis.core.RedisHash (preferred), or consider extending one of the following types with your repository: org.springframework.data.keyvalue.repository.KeyValueRepository
2026-06-04 13:05:41.478 [main] INFO  o.s.d.r.c.RepositoryConfigurationExtensionSupport otel_trace_id= otel_span_id= request_id= business_trace_id= tenant_id= document_id= ingestion_job_id= - Spring Data Redis - Could not safely identify store assignment for repository candidate interface com.sparrowx.document.data.postgres.repositories.DocumentRepository; If you want this repository to be a Redis repository, consider annotating your entities with one of these annotations: org.springframework.data.redis.core.RedisHash (preferred), or consider extending one of the following types with your repository: org.springframework.data.keyvalue.repository.KeyValueRepository
2026-06-04 13:05:41.478 [main] INFO  o.s.d.r.c.RepositoryConfigurationExtensionSupport otel_trace_id= otel_span_id= request_id= business_trace_id= tenant_id= document_id= ingestion_job_id= - Spring Data Redis - Could not safely identify store assignment for repository candidate interface com.sparrowx.document.data.postgres.repositories.IngestionJobRepository; If you want this repository to be a Redis repository, consider annotating your entities with one of these annotations: org.springframework.data.redis.core.RedisHash (preferred), or consider extending one of the following types with your repository: org.springframework.data.keyvalue.repository.KeyValueRepository
2026-06-04 13:05:41.478 [main] INFO  o.s.d.r.c.RepositoryConfigurationDelegate otel_trace_id= otel_span_id= request_id= business_trace_id= tenant_id= document_id= ingestion_job_id= - Finished Spring Data repository scanning in 27 ms. Found 0 Redis repository interfaces.
2026-06-04 13:05:43.126 [main] INFO  o.s.boot.tomcat.TomcatWebServer otel_trace_id= otel_span_id= request_id= business_trace_id= tenant_id= document_id= ingestion_job_id= - Tomcat initialized with port 8081 (http)
2026-06-04 13:05:43.145 [main] INFO  o.a.catalina.core.StandardService otel_trace_id= otel_span_id= request_id= business_trace_id= tenant_id= document_id= ingestion_job_id= - Starting service [Tomcat]
2026-06-04 13:05:43.147 [main] INFO  o.a.catalina.core.StandardEngine otel_trace_id= otel_span_id= request_id= business_trace_id= tenant_id= document_id= ingestion_job_id= - Starting Servlet engine: [Apache Tomcat/11.0.21]
2026-06-04 13:05:43.286 [main] INFO  o.s.b.w.c.s.WebApplicationContextInitializer otel_trace_id= otel_span_id= request_id= business_trace_id= tenant_id= document_id= ingestion_job_id= - Root WebApplicationContext: initialization completed in 3610 ms
2026-06-04 13:05:43.683 [main] INFO  org.hibernate.orm.jpa otel_trace_id= otel_span_id= request_id= business_trace_id= tenant_id= document_id= ingestion_job_id= - HHH008540: Processing PersistenceUnitInfo [name: default]
2026-06-04 13:05:43.762 [main] INFO  org.hibernate.orm.core otel_trace_id= otel_span_id= request_id= business_trace_id= tenant_id= document_id= ingestion_job_id= - HHH000001: Hibernate ORM core version 7.2.12.Final
2026-06-04 13:05:44.390 [main] INFO  o.s.o.j.p.SpringPersistenceUnitInfo otel_trace_id= otel_span_id= request_id= business_trace_id= tenant_id= document_id= ingestion_job_id= - No LoadTimeWeaver setup: ignoring JPA class transformer
2026-06-04 13:05:44.432 [main] INFO  com.zaxxer.hikari.HikariDataSource otel_trace_id= otel_span_id= request_id= business_trace_id= tenant_id= document_id= ingestion_job_id= - HikariPool-1 - Starting...
2026-06-04 13:05:44.649 [main] INFO  com.zaxxer.hikari.pool.HikariPool otel_trace_id= otel_span_id= request_id= business_trace_id= tenant_id= document_id= ingestion_job_id= - HikariPool-1 - Added connection org.postgresql.jdbc.PgConnection@79f6b43a
2026-06-04 13:05:44.651 [main] INFO  com.zaxxer.hikari.HikariDataSource otel_trace_id= otel_span_id= request_id= business_trace_id= tenant_id= document_id= ingestion_job_id= - HikariPool-1 - Start completed.
2026-06-04 13:05:44.741 [main] INFO  o.hibernate.orm.connections.pooling otel_trace_id= otel_span_id= request_id= business_trace_id= tenant_id= document_id= ingestion_job_id= - HHH10001005: Database info:
	Database JDBC URL [jdbc:postgresql://localhost:5432/postgres]
	Database driver: PostgreSQL JDBC Driver
	Database dialect: PostgreSQLDialect
	Database version: 16.13
	Default catalog/schema: postgres/public
	Autocommit mode: undefined/unknown
	Isolation level: READ_COMMITTED [default READ_COMMITTED]
	JDBC fetch size: none
	Pool: DataSourceConnectionProvider
	Minimum pool size: undefined/unknown
	Maximum pool size: undefined/unknown
2026-06-04 13:05:46.177 [main] INFO  org.hibernate.orm.core otel_trace_id= otel_span_id= request_id= business_trace_id= tenant_id= document_id= ingestion_job_id= - HHH000489: No JTA platform available (set 'hibernate.transaction.jta.platform' to enable JTA platform integration)
2026-06-04 13:05:46.238 [main] INFO  o.s.o.j.LocalContainerEntityManagerFactoryBean otel_trace_id= otel_span_id= request_id= business_trace_id= tenant_id= document_id= ingestion_job_id= - Initialized JPA EntityManagerFactory for persistence unit 'default'
2026-06-04 13:05:46.972 [main] INFO  o.s.d.j.r.q.QueryEnhancerFactories otel_trace_id= otel_span_id= request_id= business_trace_id= tenant_id= document_id= ingestion_job_id= - Hibernate is in classpath; If applicable, HQL parser will be used.
2026-06-04 13:05:49.079 [main] INFO  n.d.b.g.s.a.GrpcServerFactoryAutoConfiguration otel_trace_id= otel_span_id= request_id= business_trace_id= tenant_id= document_id= ingestion_job_id= - Detected grpc-netty-shaded: Creating ShadedNettyGrpcServerFactory
2026-06-04 13:05:49.738 [main] INFO  o.s.b.a.e.web.EndpointLinksResolver otel_trace_id= otel_span_id= request_id= business_trace_id= tenant_id= document_id= ingestion_job_id= - Exposing 3 endpoints beneath base path '/actuator'
2026-06-04 13:05:49.776 [main] WARN  o.s.a.m.a.p.s.SyncMcpSamplingProvider otel_trace_id= otel_span_id= request_id= business_trace_id= tenant_id= document_id= ingestion_job_id= - No sampling methods found
2026-06-04 13:05:49.778 [main] WARN  o.s.a.m.a.p.e.SyncMcpElicitationProvider otel_trace_id= otel_span_id= request_id= business_trace_id= tenant_id= document_id= ingestion_job_id= - No elicitation methods found
2026-06-04 13:05:49.867 [main] INFO  o.s.boot.tomcat.TomcatWebServer otel_trace_id= otel_span_id= request_id= business_trace_id= tenant_id= document_id= ingestion_job_id= - Tomcat started on port 8081 (http) with context path '/'
2026-06-04 13:05:49.969 [main] INFO  n.d.b.g.s.s.AbstractGrpcServerFactory otel_trace_id= otel_span_id= request_id= business_trace_id= tenant_id= document_id= ingestion_job_id= - Registered gRPC service: document.DocumentService, bean: documentServiceGrpcImpl, class: com.sparrowx.document.grpc.DocumentServiceGrpcImpl
2026-06-04 13:05:49.970 [main] INFO  n.d.b.g.s.s.AbstractGrpcServerFactory otel_trace_id= otel_span_id= request_id= business_trace_id= tenant_id= document_id= ingestion_job_id= - Registered gRPC service: grpc.health.v1.Health, bean: grpcHealthService, class: io.grpc.protobuf.services.HealthServiceImpl
2026-06-04 13:05:49.970 [main] INFO  n.d.b.g.s.s.AbstractGrpcServerFactory otel_trace_id= otel_span_id= request_id= business_trace_id= tenant_id= document_id= ingestion_job_id= - Registered gRPC service: grpc.reflection.v1alpha.ServerReflection, bean: protoReflectionService, class: io.grpc.protobuf.services.ProtoReflectionService
2026-06-04 13:05:50.133 [main] INFO  n.d.b.g.s.s.GrpcServerLifecycle otel_trace_id= otel_span_id= request_id= business_trace_id= tenant_id= document_id= ingestion_job_id= - gRPC Server started, listening on address: *, port: 50054
2026-06-04 13:05:50.151 [main] INFO  c.s.document.DocumentApplication otel_trace_id= otel_span_id= request_id= business_trace_id= tenant_id= document_id= ingestion_job_id= - Started DocumentApplication in 11.028 seconds (process running for 11.595)
2026-06-04 13:05:50.340 [main] INFO  c.s.d.d.q.QdrantCollectionInitializer otel_trace_id= otel_span_id= request_id= business_trace_id= tenant_id= document_id= ingestion_job_id= - Qdrant collection already exists: sparrowx_document_chunks
2026-06-04 13:05:50.342 [main] WARN  o.s.c.events.SpringDocAppInitializer otel_trace_id= otel_span_id= request_id= business_trace_id= tenant_id= document_id= ingestion_job_id= - SpringDoc /v3/api-docs endpoint is enabled by default. To disable it in production, set the property 'springdoc.api-docs.enabled=false'
2026-06-04 13:05:50.343 [main] WARN  o.s.c.events.SpringDocAppInitializer otel_trace_id= otel_span_id= request_id= business_trace_id= tenant_id= document_id= ingestion_job_id= - SpringDoc /swagger-ui.html endpoint is enabled by default. To disable it in production, set the property 'springdoc.swagger-ui.enabled=false'
2026-06-04 13:05:50.590 [main] INFO  c.s.d.g.h.DocumentServiceStartupCheck otel_trace_id= otel_span_id= request_id= business_trace_id= tenant_id= document_id= ingestion_job_id= - Document service startup check complete documentCount=27 storageProvider=MinioDocumentStorage
2026-06-04 13:05:50.607 [main] INFO  b.i.grpc.health.GrpcHealthAdapter otel_trace_id= otel_span_id= request_id= business_trace_id= tenant_id= document_id= ingestion_job_id= - Application ready — setting gRPC global health to SERVING
2026-06-04 13:05:50.761 [http-nio-8081-exec-2] INFO  o.a.c.c.C.[Tomcat].[localhost].[/] otel_trace_id= otel_span_id= request_id= business_trace_id= tenant_id= document_id= ingestion_job_id= - Initializing Spring DispatcherServlet 'dispatcherServlet'
2026-06-04 13:05:50.762 [http-nio-8081-exec-2] INFO  o.s.web.servlet.DispatcherServlet otel_trace_id= otel_span_id= request_id= business_trace_id= tenant_id= document_id= ingestion_job_id= - Initializing Servlet 'dispatcherServlet'
2026-06-04 13:05:50.765 [http-nio-8081-exec-2] INFO  o.s.web.servlet.DispatcherServlet otel_trace_id= otel_span_id= request_id= business_trace_id= tenant_id= document_id= ingestion_job_id= - Completed initialization in 3 ms
2026-06-04 13:06:23.351 [grpc-default-executor-0] INFO  b.i.g.i.GrpcLoggingInterceptor otel_trace_id= otel_span_id= request_id= business_trace_id= tenant_id= document_id= ingestion_job_id= - grpc.call.start document.DocumentService/BuildDocumentEvidence
2026-06-04 13:06:23.377 [grpc-default-executor-0] INFO  b.i.g.i.GrpcTracingInterceptor otel_trace_id=6b093285fc083abbaa34c06d4d415fef otel_span_id=d9ca98559414777f request_id= business_trace_id= tenant_id= document_id= ingestion_job_id= - trace.start: 6b093285fc083abbaa34c06d4d415fef
2026-06-04 13:06:23.549 [grpc-default-executor-0] INFO  b.i.g.i.GrpcLoggingInterceptor$2 otel_trace_id= otel_span_id= request_id= business_trace_id= tenant_id= document_id= ingestion_job_id= - grpc.request.message document.DocumentService/BuildDocumentEvidence
2026-06-04 13:06:23.559 [grpc-default-executor-0] INFO  b.i.g.i.GrpcLoggingInterceptor$2 otel_trace_id= otel_span_id= request_id=req-build-evidence-contradiction-false-activity-more-001 business_trace_id=trace-build-evidence-contradiction-false-activity-more-001 tenant_id=tenant-001 document_id= ingestion_job_id= - grpc.request.complete document.DocumentService/BuildDocumentEvidence
2026-06-04 13:06:23.576 [grpc-default-executor-0] INFO  b.c.c.i.CommandObservabilityInterceptor otel_trace_id=6b093285fc083abbaa34c06d4d415fef otel_span_id=d9ca98559414777f request_id=req-build-evidence-contradiction-false-activity-more-001 business_trace_id=trace-build-evidence-contradiction-false-activity-more-001 tenant_id=tenant-001 document_id= ingestion_job_id= - command.start BuildDocumentEvidenceCommand
2026-06-04 13:06:23.576 [grpc-default-executor-0] INFO  c.s.d.o.EvidenceBuildLogger otel_trace_id=6b093285fc083abbaa34c06d4d415fef otel_span_id=d9ca98559414777f request_id=req-build-evidence-contradiction-false-activity-more-001 business_trace_id=trace-build-evidence-contradiction-false-activity-more-001 tenant_id=tenant-001 document_id= ingestion_job_id= - Document evidence build requested tenantId=tenant-001 userId=user-001 projectId=project-001 teamId=team-001 goal=CONTRADICTION_DETECTION scopedDocumentCount=1 limit=3 allowClaimCache=false requireVerification=true
2026-06-04 13:06:25.453 [grpc-default-executor-0] INFO  c.s.d.o.EvidenceBuildLogger otel_trace_id=6b093285fc083abbaa34c06d4d415fef otel_span_id=d9ca98559414777f request_id=req-build-evidence-contradiction-false-activity-more-001 business_trace_id=trace-build-evidence-contradiction-false-activity-more-001 tenant_id=tenant-001 document_id= ingestion_job_id= - Document evidence build completed tenantId=tenant-001 userId=user-001 graphId=8f1d9d86-f604-4604-b3f1-634e2d71666c nodeCount=3 edgeCount=2 usedChunkRetrieval=true usedClaimCache=false coverageScore=0.6666666666666666
2026-06-04 13:06:25.453 [grpc-default-executor-0] INFO  b.c.c.i.CommandObservabilityInterceptor otel_trace_id=6b093285fc083abbaa34c06d4d415fef otel_span_id=d9ca98559414777f request_id=req-build-evidence-contradiction-false-activity-more-001 business_trace_id=trace-build-evidence-contradiction-false-activity-more-001 tenant_id=tenant-001 document_id= ingestion_job_id= - command.complete BuildDocumentEvidenceCommand in 1879 ms
2026-06-04 13:06:25.456 [grpc-default-executor-0] INFO  i.o.e.logging.LoggingSpanExporter otel_trace_id=6b093285fc083abbaa34c06d4d415fef otel_span_id=d9ca98559414777f request_id=req-build-evidence-contradiction-false-activity-more-001 business_trace_id=trace-build-evidence-contradiction-false-activity-more-001 tenant_id=tenant-001 document_id= ingestion_job_id= - 'command.BuildDocumentEvidenceCommand' : 6b093285fc083abbaa34c06d4d415fef ec95bf1e237e5060 INTERNAL [tracer: sparrowx-document-service:] {}
2026-06-04 13:06:25.491 [grpc-default-executor-0] INFO  b.i.g.i.GrpcLoggingInterceptor$1 otel_trace_id=6b093285fc083abbaa34c06d4d415fef otel_span_id=d9ca98559414777f request_id=req-build-evidence-contradiction-false-activity-more-001 business_trace_id=trace-build-evidence-contradiction-false-activity-more-001 tenant_id=tenant-001 document_id= ingestion_job_id= - grpc.response.send document.DocumentService/BuildDocumentEvidence
2026-06-04 13:06:25.501 [grpc-default-executor-0] INFO  i.o.e.logging.LoggingSpanExporter otel_trace_id=6b093285fc083abbaa34c06d4d415fef otel_span_id=d9ca98559414777f request_id=req-build-evidence-contradiction-false-activity-more-001 business_trace_id=trace-build-evidence-contradiction-false-activity-more-001 tenant_id=tenant-001 document_id= ingestion_job_id= - 'document.DocumentService/BuildDocumentEvidence' : 6b093285fc083abbaa34c06d4d415fef d9ca98559414777f SERVER [tracer: sparrowx-document-service:] AttributesMap{data={rpc.method=document.DocumentService/BuildDocumentEvidence, rpc.grpc.status_code=OK, rpc.system=grpc}, capacity=128, totalAddedValues=3}
2026-06-04 13:06:25.506 [grpc-default-executor-0] INFO  b.i.g.i.GrpcLoggingInterceptor$1 otel_trace_id=6b093285fc083abbaa34c06d4d415fef otel_span_id=d9ca98559414777f request_id=req-build-evidence-contradiction-false-activity-more-001 business_trace_id=trace-build-evidence-contradiction-false-activity-more-001 tenant_id=tenant-001 document_id= ingestion_job_id= - grpc.call.close document.DocumentService/BuildDocumentEvidence status=Status{code=OK, description=null, cause=null}
2026-06-04 13:06:25.522 [grpc-default-executor-0] INFO  b.i.g.i.GrpcLoggingInterceptor$2 otel_trace_id= otel_span_id= request_id= business_trace_id= tenant_id= document_id= ingestion_job_id= - grpc.call.complete document.DocumentService/BuildDocumentEvidence
2026-06-04 13:07:27.474 [SpringApplicationShutdownHook] INFO  n.d.b.g.s.s.GrpcServerLifecycle otel_trace_id= otel_span_id= request_id= business_trace_id= tenant_id= document_id= ingestion_job_id= - Completed gRPC server shutdown
2026-06-04 13:07:27.476 [SpringApplicationShutdownHook] INFO  o.s.boot.tomcat.GracefulShutdown otel_trace_id= otel_span_id= request_id= business_trace_id= tenant_id= document_id= ingestion_job_id= - Commencing graceful shutdown. Waiting for active requests to complete
2026-06-04 13:07:27.484 [tomcat-shutdown] INFO  o.s.boot.tomcat.GracefulShutdown otel_trace_id= otel_span_id= request_id= business_trace_id= tenant_id= document_id= ingestion_job_id= - Graceful shutdown complete
2026-06-04 13:07:27.506 [SpringApplicationShutdownHook] INFO  b.i.grpc.health.GrpcHealthAdapter otel_trace_id= otel_span_id= request_id= business_trace_id= tenant_id= document_id= ingestion_job_id= - Shutting down — setting gRPC global health to NOT_SERVING
2026-06-04 13:07:27.527 [SpringApplicationShutdownHook] INFO  o.s.o.j.LocalContainerEntityManagerFactoryBean otel_trace_id= otel_span_id= request_id= business_trace_id= tenant_id= document_id= ingestion_job_id= - Closing JPA EntityManagerFactory for persistence unit 'default'
2026-06-04 13:07:27.533 [SpringApplicationShutdownHook] INFO  com.zaxxer.hikari.HikariDataSource otel_trace_id= otel_span_id= request_id= business_trace_id= tenant_id= document_id= ingestion_job_id= - HikariPool-1 - Shutdown initiated...
2026-06-04 13:07:27.541 [SpringApplicationShutdownHook] INFO  com.zaxxer.hikari.HikariDataSource otel_trace_id= otel_span_id= request_id= business_trace_id= tenant_id= document_id= ingestion_job_id= - HikariPool-1 - Shutdown completed.
2026-06-04 13:08:34.531 [main] INFO  c.s.document.DocumentApplication otel_trace_id= otel_span_id= request_id= business_trace_id= tenant_id= document_id= ingestion_job_id= - Starting DocumentApplication using Java 25.0.2 with PID 15204 (D:\Projects\Sparrow-x\document-service\target\classes started by aggre in D:\Projects\Sparrow-x\document-service)
2026-06-04 13:08:34.532 [main] INFO  c.s.document.DocumentApplication otel_trace_id= otel_span_id= request_id= business_trace_id= tenant_id= document_id= ingestion_job_id= - The following 1 profile is active: "dev"
2026-06-04 13:08:35.371 [main] INFO  o.s.d.r.c.RepositoryConfigurationDelegate otel_trace_id= otel_span_id= request_id= business_trace_id= tenant_id= document_id= ingestion_job_id= - Multiple Spring Data modules found, entering strict repository configuration mode
2026-06-04 13:08:35.372 [main] INFO  o.s.d.r.c.RepositoryConfigurationDelegate otel_trace_id= otel_span_id= request_id= business_trace_id= tenant_id= document_id= ingestion_job_id= - Bootstrapping Spring Data JPA repositories in DEFAULT mode.
2026-06-04 13:08:35.498 [main] INFO  o.s.d.r.c.RepositoryConfigurationDelegate otel_trace_id= otel_span_id= request_id= business_trace_id= tenant_id= document_id= ingestion_job_id= - Finished Spring Data repository scanning in 119 ms. Found 5 JPA repository interfaces.
2026-06-04 13:08:36.296 [main] INFO  o.s.d.r.c.RepositoryConfigurationDelegate otel_trace_id= otel_span_id= request_id= business_trace_id= tenant_id= document_id= ingestion_job_id= - Multiple Spring Data modules found, entering strict repository configuration mode
2026-06-04 13:08:36.297 [main] INFO  o.s.d.r.c.RepositoryConfigurationDelegate otel_trace_id= otel_span_id= request_id= business_trace_id= tenant_id= document_id= ingestion_job_id= - Bootstrapping Spring Data Redis repositories in DEFAULT mode.
2026-06-04 13:08:36.329 [main] INFO  o.s.d.r.c.RepositoryConfigurationExtensionSupport otel_trace_id= otel_span_id= request_id= business_trace_id= tenant_id= document_id= ingestion_job_id= - Spring Data Redis - Could not safely identify store assignment for repository candidate interface com.sparrowx.document.data.postgres.repositories.DocumentChunkRepository; If you want this repository to be a Redis repository, consider annotating your entities with one of these annotations: org.springframework.data.redis.core.RedisHash (preferred), or consider extending one of the following types with your repository: org.springframework.data.keyvalue.repository.KeyValueRepository
2026-06-04 13:08:36.330 [main] INFO  o.s.d.r.c.RepositoryConfigurationExtensionSupport otel_trace_id= otel_span_id= request_id= business_trace_id= tenant_id= document_id= ingestion_job_id= - Spring Data Redis - Could not safely identify store assignment for repository candidate interface com.sparrowx.document.data.postgres.repositories.DocumentRepository; If you want this repository to be a Redis repository, consider annotating your entities with one of these annotations: org.springframework.data.redis.core.RedisHash (preferred), or consider extending one of the following types with your repository: org.springframework.data.keyvalue.repository.KeyValueRepository
2026-06-04 13:08:36.331 [main] INFO  o.s.d.r.c.RepositoryConfigurationExtensionSupport otel_trace_id= otel_span_id= request_id= business_trace_id= tenant_id= document_id= ingestion_job_id= - Spring Data Redis - Could not safely identify store assignment for repository candidate interface com.sparrowx.document.data.postgres.repositories.IngestionJobRepository; If you want this repository to be a Redis repository, consider annotating your entities with one of these annotations: org.springframework.data.redis.core.RedisHash (preferred), or consider extending one of the following types with your repository: org.springframework.data.keyvalue.repository.KeyValueRepository
2026-06-04 13:08:36.331 [main] INFO  o.s.d.r.c.RepositoryConfigurationDelegate otel_trace_id= otel_span_id= request_id= business_trace_id= tenant_id= document_id= ingestion_job_id= - Finished Spring Data repository scanning in 27 ms. Found 0 Redis repository interfaces.
2026-06-04 13:08:37.356 [main] INFO  o.s.boot.tomcat.TomcatWebServer otel_trace_id= otel_span_id= request_id= business_trace_id= tenant_id= document_id= ingestion_job_id= - Tomcat initialized with port 8081 (http)
2026-06-04 13:08:37.368 [main] INFO  o.a.catalina.core.StandardService otel_trace_id= otel_span_id= request_id= business_trace_id= tenant_id= document_id= ingestion_job_id= - Starting service [Tomcat]
2026-06-04 13:08:37.368 [main] INFO  o.a.catalina.core.StandardEngine otel_trace_id= otel_span_id= request_id= business_trace_id= tenant_id= document_id= ingestion_job_id= - Starting Servlet engine: [Apache Tomcat/11.0.21]
2026-06-04 13:08:37.443 [main] INFO  o.s.b.w.c.s.WebApplicationContextInitializer otel_trace_id= otel_span_id= request_id= business_trace_id= tenant_id= document_id= ingestion_job_id= - Root WebApplicationContext: initialization completed in 2877 ms
2026-06-04 13:08:37.668 [main] INFO  org.hibernate.orm.jpa otel_trace_id= otel_span_id= request_id= business_trace_id= tenant_id= document_id= ingestion_job_id= - HHH008540: Processing PersistenceUnitInfo [name: default]
2026-06-04 13:08:37.714 [main] INFO  org.hibernate.orm.core otel_trace_id= otel_span_id= request_id= business_trace_id= tenant_id= document_id= ingestion_job_id= - HHH000001: Hibernate ORM core version 7.2.12.Final
2026-06-04 13:08:38.088 [main] INFO  o.s.o.j.p.SpringPersistenceUnitInfo otel_trace_id= otel_span_id= request_id= business_trace_id= tenant_id= document_id= ingestion_job_id= - No LoadTimeWeaver setup: ignoring JPA class transformer
2026-06-04 13:08:38.116 [main] INFO  com.zaxxer.hikari.HikariDataSource otel_trace_id= otel_span_id= request_id= business_trace_id= tenant_id= document_id= ingestion_job_id= - HikariPool-1 - Starting...
2026-06-04 13:08:38.266 [main] INFO  com.zaxxer.hikari.pool.HikariPool otel_trace_id= otel_span_id= request_id= business_trace_id= tenant_id= document_id= ingestion_job_id= - HikariPool-1 - Added connection org.postgresql.jdbc.PgConnection@79f6b43a
2026-06-04 13:08:38.268 [main] INFO  com.zaxxer.hikari.HikariDataSource otel_trace_id= otel_span_id= request_id= business_trace_id= tenant_id= document_id= ingestion_job_id= - HikariPool-1 - Start completed.
2026-06-04 13:08:38.334 [main] INFO  o.hibernate.orm.connections.pooling otel_trace_id= otel_span_id= request_id= business_trace_id= tenant_id= document_id= ingestion_job_id= - HHH10001005: Database info:
	Database JDBC URL [jdbc:postgresql://localhost:5432/postgres]
	Database driver: PostgreSQL JDBC Driver
	Database dialect: PostgreSQLDialect
	Database version: 16.13
	Default catalog/schema: postgres/public
	Autocommit mode: undefined/unknown
	Isolation level: READ_COMMITTED [default READ_COMMITTED]
	JDBC fetch size: none
	Pool: DataSourceConnectionProvider
	Minimum pool size: undefined/unknown
	Maximum pool size: undefined/unknown
2026-06-04 13:08:39.173 [main] INFO  org.hibernate.orm.core otel_trace_id= otel_span_id= request_id= business_trace_id= tenant_id= document_id= ingestion_job_id= - HHH000489: No JTA platform available (set 'hibernate.transaction.jta.platform' to enable JTA platform integration)
2026-06-04 13:08:39.224 [main] INFO  o.s.o.j.LocalContainerEntityManagerFactoryBean otel_trace_id= otel_span_id= request_id= business_trace_id= tenant_id= document_id= ingestion_job_id= - Initialized JPA EntityManagerFactory for persistence unit 'default'
2026-06-04 13:08:39.665 [main] INFO  o.s.d.j.r.q.QueryEnhancerFactories otel_trace_id= otel_span_id= request_id= business_trace_id= tenant_id= document_id= ingestion_job_id= - Hibernate is in classpath; If applicable, HQL parser will be used.
2026-06-04 13:08:40.940 [main] INFO  n.d.b.g.s.a.GrpcServerFactoryAutoConfiguration otel_trace_id= otel_span_id= request_id= business_trace_id= tenant_id= document_id= ingestion_job_id= - Detected grpc-netty-shaded: Creating ShadedNettyGrpcServerFactory
2026-06-04 13:08:41.315 [main] INFO  o.s.b.a.e.web.EndpointLinksResolver otel_trace_id= otel_span_id= request_id= business_trace_id= tenant_id= document_id= ingestion_job_id= - Exposing 3 endpoints beneath base path '/actuator'
2026-06-04 13:08:41.335 [main] WARN  o.s.a.m.a.p.s.SyncMcpSamplingProvider otel_trace_id= otel_span_id= request_id= business_trace_id= tenant_id= document_id= ingestion_job_id= - No sampling methods found
2026-06-04 13:08:41.337 [main] WARN  o.s.a.m.a.p.e.SyncMcpElicitationProvider otel_trace_id= otel_span_id= request_id= business_trace_id= tenant_id= document_id= ingestion_job_id= - No elicitation methods found
2026-06-04 13:08:41.390 [main] INFO  o.s.boot.tomcat.TomcatWebServer otel_trace_id= otel_span_id= request_id= business_trace_id= tenant_id= document_id= ingestion_job_id= - Tomcat started on port 8081 (http) with context path '/'
2026-06-04 13:08:41.455 [main] INFO  n.d.b.g.s.s.AbstractGrpcServerFactory otel_trace_id= otel_span_id= request_id= business_trace_id= tenant_id= document_id= ingestion_job_id= - Registered gRPC service: document.DocumentService, bean: documentServiceGrpcImpl, class: com.sparrowx.document.grpc.DocumentServiceGrpcImpl
2026-06-04 13:08:41.456 [main] INFO  n.d.b.g.s.s.AbstractGrpcServerFactory otel_trace_id= otel_span_id= request_id= business_trace_id= tenant_id= document_id= ingestion_job_id= - Registered gRPC service: grpc.health.v1.Health, bean: grpcHealthService, class: io.grpc.protobuf.services.HealthServiceImpl
2026-06-04 13:08:41.456 [main] INFO  n.d.b.g.s.s.AbstractGrpcServerFactory otel_trace_id= otel_span_id= request_id= business_trace_id= tenant_id= document_id= ingestion_job_id= - Registered gRPC service: grpc.reflection.v1alpha.ServerReflection, bean: protoReflectionService, class: io.grpc.protobuf.services.ProtoReflectionService
2026-06-04 13:08:41.556 [main] INFO  n.d.b.g.s.s.GrpcServerLifecycle otel_trace_id= otel_span_id= request_id= business_trace_id= tenant_id= document_id= ingestion_job_id= - gRPC Server started, listening on address: *, port: 50054
2026-06-04 13:08:41.567 [main] INFO  c.s.document.DocumentApplication otel_trace_id= otel_span_id= request_id= business_trace_id= tenant_id= document_id= ingestion_job_id= - Started DocumentApplication in 7.535 seconds (process running for 8.092)
2026-06-04 13:08:41.684 [main] INFO  c.s.d.d.q.QdrantCollectionInitializer otel_trace_id= otel_span_id= request_id= business_trace_id= tenant_id= document_id= ingestion_job_id= - Qdrant collection already exists: sparrowx_document_chunks
2026-06-04 13:08:41.685 [main] WARN  o.s.c.events.SpringDocAppInitializer otel_trace_id= otel_span_id= request_id= business_trace_id= tenant_id= document_id= ingestion_job_id= - SpringDoc /v3/api-docs endpoint is enabled by default. To disable it in production, set the property 'springdoc.api-docs.enabled=false'
2026-06-04 13:08:41.685 [main] WARN  o.s.c.events.SpringDocAppInitializer otel_trace_id= otel_span_id= request_id= business_trace_id= tenant_id= document_id= ingestion_job_id= - SpringDoc /swagger-ui.html endpoint is enabled by default. To disable it in production, set the property 'springdoc.swagger-ui.enabled=false'
2026-06-04 13:08:41.860 [main] INFO  c.s.d.g.h.DocumentServiceStartupCheck otel_trace_id= otel_span_id= request_id= business_trace_id= tenant_id= document_id= ingestion_job_id= - Document service startup check complete documentCount=27 storageProvider=MinioDocumentStorage
2026-06-04 13:08:41.874 [main] INFO  b.i.grpc.health.GrpcHealthAdapter otel_trace_id= otel_span_id= request_id= business_trace_id= tenant_id= document_id= ingestion_job_id= - Application ready — setting gRPC global health to SERVING
2026-06-04 13:08:49.158 [grpc-default-executor-0] INFO  b.i.g.i.GrpcLoggingInterceptor otel_trace_id= otel_span_id= request_id= business_trace_id= tenant_id= document_id= ingestion_job_id= - grpc.call.start document.DocumentService/BuildDocumentEvidence
2026-06-04 13:08:49.200 [grpc-default-executor-0] INFO  b.i.g.i.GrpcTracingInterceptor otel_trace_id=694c8489380959e260049e66b8f5fc3f otel_span_id=f4821f6bcf406cf8 request_id= business_trace_id= tenant_id= document_id= ingestion_job_id= - trace.start: 694c8489380959e260049e66b8f5fc3f
2026-06-04 13:08:49.373 [grpc-default-executor-0] INFO  b.i.g.i.GrpcLoggingInterceptor$2 otel_trace_id= otel_span_id= request_id= business_trace_id= tenant_id= document_id= ingestion_job_id= - grpc.request.message document.DocumentService/BuildDocumentEvidence
2026-06-04 13:08:49.380 [grpc-default-executor-0] INFO  b.i.g.i.GrpcLoggingInterceptor$2 otel_trace_id= otel_span_id= request_id=req-build-evidence-contradiction-false-activity-more-001 business_trace_id=trace-build-evidence-contradiction-false-activity-more-001 tenant_id=tenant-001 document_id= ingestion_job_id= - grpc.request.complete document.DocumentService/BuildDocumentEvidence
2026-06-04 13:08:49.396 [grpc-default-executor-0] INFO  b.c.c.i.CommandObservabilityInterceptor otel_trace_id=694c8489380959e260049e66b8f5fc3f otel_span_id=f4821f6bcf406cf8 request_id=req-build-evidence-contradiction-false-activity-more-001 business_trace_id=trace-build-evidence-contradiction-false-activity-more-001 tenant_id=tenant-001 document_id= ingestion_job_id= - command.start BuildDocumentEvidenceCommand
2026-06-04 13:08:49.397 [grpc-default-executor-0] INFO  c.s.d.o.EvidenceBuildLogger otel_trace_id=694c8489380959e260049e66b8f5fc3f otel_span_id=f4821f6bcf406cf8 request_id=req-build-evidence-contradiction-false-activity-more-001 business_trace_id=trace-build-evidence-contradiction-false-activity-more-001 tenant_id=tenant-001 document_id= ingestion_job_id= - Document evidence build requested tenantId=tenant-001 userId=user-001 projectId=project-001 teamId=team-001 goal=CONTRADICTION_DETECTION scopedDocumentCount=1 limit=3 allowClaimCache=false requireVerification=true
2026-06-04 13:08:50.760 [http-nio-8081-exec-1] INFO  o.a.c.c.C.[Tomcat].[localhost].[/] otel_trace_id= otel_span_id= request_id= business_trace_id= tenant_id= document_id= ingestion_job_id= - Initializing Spring DispatcherServlet 'dispatcherServlet'
2026-06-04 13:08:50.765 [http-nio-8081-exec-1] INFO  o.s.web.servlet.DispatcherServlet otel_trace_id= otel_span_id= request_id= business_trace_id= tenant_id= document_id= ingestion_job_id= - Initializing Servlet 'dispatcherServlet'
2026-06-04 13:08:50.768 [http-nio-8081-exec-1] INFO  o.s.web.servlet.DispatcherServlet otel_trace_id= otel_span_id= request_id= business_trace_id= tenant_id= document_id= ingestion_job_id= - Completed initialization in 3 ms
2026-06-04 13:09:27.896 [grpc-default-executor-0] INFO  c.s.d.o.EvidenceBuildLogger otel_trace_id=694c8489380959e260049e66b8f5fc3f otel_span_id=f4821f6bcf406cf8 request_id=req-build-evidence-contradiction-false-activity-more-001 business_trace_id=trace-build-evidence-contradiction-false-activity-more-001 tenant_id=tenant-001 document_id= ingestion_job_id= - Document evidence build completed tenantId=tenant-001 userId=user-001 graphId=2bf84951-0b77-4df0-8e30-1abb61f0ca86 nodeCount=3 edgeCount=2 usedChunkRetrieval=true usedClaimCache=false coverageScore=0.6666666666666666
2026-06-04 13:09:27.896 [grpc-default-executor-0] INFO  b.c.c.i.CommandObservabilityInterceptor otel_trace_id=694c8489380959e260049e66b8f5fc3f otel_span_id=f4821f6bcf406cf8 request_id=req-build-evidence-contradiction-false-activity-more-001 business_trace_id=trace-build-evidence-contradiction-false-activity-more-001 tenant_id=tenant-001 document_id= ingestion_job_id= - command.complete BuildDocumentEvidenceCommand in 38500 ms
2026-06-04 13:09:27.897 [grpc-default-executor-0] INFO  i.o.e.logging.LoggingSpanExporter otel_trace_id=694c8489380959e260049e66b8f5fc3f otel_span_id=f4821f6bcf406cf8 request_id=req-build-evidence-contradiction-false-activity-more-001 business_trace_id=trace-build-evidence-contradiction-false-activity-more-001 tenant_id=tenant-001 document_id= ingestion_job_id= - 'command.BuildDocumentEvidenceCommand' : 694c8489380959e260049e66b8f5fc3f 6cb7701502d588ef INTERNAL [tracer: sparrowx-document-service:] {}
2026-06-04 13:09:27.930 [grpc-default-executor-0] INFO  b.i.g.i.GrpcLoggingInterceptor$1 otel_trace_id=694c8489380959e260049e66b8f5fc3f otel_span_id=f4821f6bcf406cf8 request_id=req-build-evidence-contradiction-false-activity-more-001 business_trace_id=trace-build-evidence-contradiction-false-activity-more-001 tenant_id=tenant-001 document_id= ingestion_job_id= - grpc.response.send document.DocumentService/BuildDocumentEvidence
2026-06-04 13:09:27.946 [grpc-default-executor-0] INFO  i.o.e.logging.LoggingSpanExporter otel_trace_id=694c8489380959e260049e66b8f5fc3f otel_span_id=f4821f6bcf406cf8 request_id=req-build-evidence-contradiction-false-activity-more-001 business_trace_id=trace-build-evidence-contradiction-false-activity-more-001 tenant_id=tenant-001 document_id= ingestion_job_id= - 'document.DocumentService/BuildDocumentEvidence' : 694c8489380959e260049e66b8f5fc3f f4821f6bcf406cf8 SERVER [tracer: sparrowx-document-service:] AttributesMap{data={rpc.method=document.DocumentService/BuildDocumentEvidence, rpc.grpc.status_code=OK, rpc.system=grpc}, capacity=128, totalAddedValues=3}
2026-06-04 13:09:27.951 [grpc-default-executor-0] INFO  b.i.g.i.GrpcLoggingInterceptor$1 otel_trace_id=694c8489380959e260049e66b8f5fc3f otel_span_id=f4821f6bcf406cf8 request_id=req-build-evidence-contradiction-false-activity-more-001 business_trace_id=trace-build-evidence-contradiction-false-activity-more-001 tenant_id=tenant-001 document_id= ingestion_job_id= - grpc.call.close document.DocumentService/BuildDocumentEvidence status=Status{code=OK, description=null, cause=null}
2026-06-04 13:09:27.975 [grpc-default-executor-0] INFO  b.i.g.i.GrpcLoggingInterceptor$2 otel_trace_id= otel_span_id= request_id= business_trace_id= tenant_id= document_id= ingestion_job_id= - grpc.call.complete document.DocumentService/BuildDocumentEvidence
2026-06-04 13:11:16.362 [grpc-default-executor-1] INFO  b.i.g.i.GrpcLoggingInterceptor otel_trace_id= otel_span_id= request_id= business_trace_id= tenant_id= document_id= ingestion_job_id= - grpc.call.start grpc.reflection.v1alpha.ServerReflection/ServerReflectionInfo
2026-06-04 13:11:16.363 [grpc-default-executor-1] INFO  b.i.g.i.GrpcTracingInterceptor otel_trace_id=1c6e309573fc28bc50f10fc41e196258 otel_span_id=9fe1bf67c76cf11a request_id= business_trace_id= tenant_id= document_id= ingestion_job_id= - trace.start: 1c6e309573fc28bc50f10fc41e196258
2026-06-04 13:11:16.373 [grpc-default-executor-1] INFO  b.i.g.i.GrpcLoggingInterceptor$2 otel_trace_id= otel_span_id= request_id= business_trace_id= tenant_id= document_id= ingestion_job_id= - grpc.request.message grpc.reflection.v1alpha.ServerReflection/ServerReflectionInfo
2026-06-04 13:11:16.388 [grpc-default-executor-1] INFO  b.i.g.i.GrpcLoggingInterceptor$1 otel_trace_id=1c6e309573fc28bc50f10fc41e196258 otel_span_id=9fe1bf67c76cf11a request_id= business_trace_id= tenant_id= document_id= ingestion_job_id= - grpc.response.send grpc.reflection.v1alpha.ServerReflection/ServerReflectionInfo
2026-06-04 13:11:16.389 [grpc-default-executor-1] INFO  b.i.g.i.GrpcLoggingInterceptor$2 otel_trace_id= otel_span_id= request_id= business_trace_id= tenant_id= document_id= ingestion_job_id= - grpc.request.complete grpc.reflection.v1alpha.ServerReflection/ServerReflectionInfo
2026-06-04 13:11:16.389 [grpc-default-executor-1] INFO  i.o.e.logging.LoggingSpanExporter otel_trace_id=1c6e309573fc28bc50f10fc41e196258 otel_span_id=9fe1bf67c76cf11a request_id= business_trace_id= tenant_id= document_id= ingestion_job_id= - 'grpc.reflection.v1alpha.ServerReflection/ServerReflectionInfo' : 1c6e309573fc28bc50f10fc41e196258 9fe1bf67c76cf11a SERVER [tracer: sparrowx-document-service:] AttributesMap{data={rpc.method=grpc.reflection.v1alpha.ServerReflection/ServerReflectionInfo, rpc.grpc.status_code=OK, rpc.system=grpc}, capacity=128, totalAddedValues=3}
2026-06-04 13:11:16.390 [grpc-default-executor-1] INFO  b.i.g.i.GrpcLoggingInterceptor$1 otel_trace_id=1c6e309573fc28bc50f10fc41e196258 otel_span_id=9fe1bf67c76cf11a request_id= business_trace_id= tenant_id= document_id= ingestion_job_id= - grpc.call.close grpc.reflection.v1alpha.ServerReflection/ServerReflectionInfo status=Status{code=OK, description=null, cause=null}
2026-06-04 13:11:16.391 [grpc-default-executor-1] INFO  b.i.g.i.GrpcLoggingInterceptor$2 otel_trace_id= otel_span_id= request_id= business_trace_id= tenant_id= document_id= ingestion_job_id= - grpc.call.complete grpc.reflection.v1alpha.ServerReflection/ServerReflectionInfo
2026-06-04 13:11:16.394 [grpc-default-executor-1] INFO  b.i.g.i.GrpcLoggingInterceptor otel_trace_id= otel_span_id= request_id= business_trace_id= tenant_id= document_id= ingestion_job_id= - grpc.call.start grpc.reflection.v1alpha.ServerReflection/ServerReflectionInfo
2026-06-04 13:11:16.394 [grpc-default-executor-2] INFO  b.i.g.i.GrpcLoggingInterceptor otel_trace_id= otel_span_id= request_id= business_trace_id= tenant_id= document_id= ingestion_job_id= - grpc.call.start grpc.reflection.v1alpha.ServerReflection/ServerReflectionInfo
2026-06-04 13:11:16.395 [grpc-default-executor-1] INFO  b.i.g.i.GrpcTracingInterceptor otel_trace_id=b703d23bdea8a34610d7bd8a736c1ed6 otel_span_id=f370e87f145b2dfb request_id= business_trace_id= tenant_id= document_id= ingestion_job_id= - trace.start: b703d23bdea8a34610d7bd8a736c1ed6
2026-06-04 13:11:16.395 [grpc-default-executor-2] INFO  b.i.g.i.GrpcTracingInterceptor otel_trace_id=aa148c6fddf8134567470d1b1ed3155e otel_span_id=65bfb70ebfd6138f request_id= business_trace_id= tenant_id= document_id= ingestion_job_id= - trace.start: aa148c6fddf8134567470d1b1ed3155e
2026-06-04 13:11:16.395 [grpc-default-executor-1] INFO  b.i.g.i.GrpcLoggingInterceptor$2 otel_trace_id= otel_span_id= request_id= business_trace_id= tenant_id= document_id= ingestion_job_id= - grpc.request.message grpc.reflection.v1alpha.ServerReflection/ServerReflectionInfo
2026-06-04 13:11:16.395 [grpc-default-executor-2] INFO  b.i.g.i.GrpcLoggingInterceptor$2 otel_trace_id= otel_span_id= request_id= business_trace_id= tenant_id= document_id= ingestion_job_id= - grpc.request.message grpc.reflection.v1alpha.ServerReflection/ServerReflectionInfo
2026-06-04 13:11:16.399 [grpc-default-executor-2] INFO  b.i.g.i.GrpcLoggingInterceptor$1 otel_trace_id=aa148c6fddf8134567470d1b1ed3155e otel_span_id=65bfb70ebfd6138f request_id= business_trace_id= tenant_id= document_id= ingestion_job_id= - grpc.response.send grpc.reflection.v1alpha.ServerReflection/ServerReflectionInfo
2026-06-04 13:11:16.399 [grpc-default-executor-1] INFO  b.i.g.i.GrpcLoggingInterceptor$1 otel_trace_id=b703d23bdea8a34610d7bd8a736c1ed6 otel_span_id=f370e87f145b2dfb request_id= business_trace_id= tenant_id= document_id= ingestion_job_id= - grpc.response.send grpc.reflection.v1alpha.ServerReflection/ServerReflectionInfo
2026-06-04 13:11:16.401 [grpc-default-executor-1] INFO  b.i.g.i.GrpcLoggingInterceptor$2 otel_trace_id= otel_span_id= request_id= business_trace_id= tenant_id= document_id= ingestion_job_id= - grpc.request.complete grpc.reflection.v1alpha.ServerReflection/ServerReflectionInfo
2026-06-04 13:11:16.401 [grpc-default-executor-2] INFO  b.i.g.i.GrpcLoggingInterceptor$2 otel_trace_id= otel_span_id= request_id= business_trace_id= tenant_id= document_id= ingestion_job_id= - grpc.request.complete grpc.reflection.v1alpha.ServerReflection/ServerReflectionInfo
2026-06-04 13:11:16.402 [grpc-default-executor-2] INFO  i.o.e.logging.LoggingSpanExporter otel_trace_id=aa148c6fddf8134567470d1b1ed3155e otel_span_id=65bfb70ebfd6138f request_id= business_trace_id= tenant_id= document_id= ingestion_job_id= - 'grpc.reflection.v1alpha.ServerReflection/ServerReflectionInfo' : aa148c6fddf8134567470d1b1ed3155e 65bfb70ebfd6138f SERVER [tracer: sparrowx-document-service:] AttributesMap{data={rpc.method=grpc.reflection.v1alpha.ServerReflection/ServerReflectionInfo, rpc.grpc.status_code=OK, rpc.system=grpc}, capacity=128, totalAddedValues=3}
2026-06-04 13:11:16.402 [grpc-default-executor-1] INFO  i.o.e.logging.LoggingSpanExporter otel_trace_id=b703d23bdea8a34610d7bd8a736c1ed6 otel_span_id=f370e87f145b2dfb request_id= business_trace_id= tenant_id= document_id= ingestion_job_id= - 'grpc.reflection.v1alpha.ServerReflection/ServerReflectionInfo' : b703d23bdea8a34610d7bd8a736c1ed6 f370e87f145b2dfb SERVER [tracer: sparrowx-document-service:] AttributesMap{data={rpc.method=grpc.reflection.v1alpha.ServerReflection/ServerReflectionInfo, rpc.grpc.status_code=OK, rpc.system=grpc}, capacity=128, totalAddedValues=3}
2026-06-04 13:11:16.402 [grpc-default-executor-2] INFO  b.i.g.i.GrpcLoggingInterceptor$1 otel_trace_id=aa148c6fddf8134567470d1b1ed3155e otel_span_id=65bfb70ebfd6138f request_id= business_trace_id= tenant_id= document_id= ingestion_job_id= - grpc.call.close grpc.reflection.v1alpha.ServerReflection/ServerReflectionInfo status=Status{code=OK, description=null, cause=null}
2026-06-04 13:11:16.402 [grpc-default-executor-1] INFO  b.i.g.i.GrpcLoggingInterceptor$1 otel_trace_id=b703d23bdea8a34610d7bd8a736c1ed6 otel_span_id=f370e87f145b2dfb request_id= business_trace_id= tenant_id= document_id= ingestion_job_id= - grpc.call.close grpc.reflection.v1alpha.ServerReflection/ServerReflectionInfo status=Status{code=OK, description=null, cause=null}
2026-06-04 13:11:16.403 [grpc-default-executor-1] INFO  b.i.g.i.GrpcLoggingInterceptor$2 otel_trace_id= otel_span_id= request_id= business_trace_id= tenant_id= document_id= ingestion_job_id= - grpc.call.complete grpc.reflection.v1alpha.ServerReflection/ServerReflectionInfo
2026-06-04 13:11:16.403 [grpc-default-executor-2] INFO  b.i.g.i.GrpcLoggingInterceptor$2 otel_trace_id= otel_span_id= request_id= business_trace_id= tenant_id= document_id= ingestion_job_id= - grpc.call.complete grpc.reflection.v1alpha.ServerReflection/ServerReflectionInfo
2026-06-04 14:29:46.697 [SpringApplicationShutdownHook] INFO  n.d.b.g.s.s.GrpcServerLifecycle otel_trace_id= otel_span_id= request_id= business_trace_id= tenant_id= document_id= ingestion_job_id= - Completed gRPC server shutdown
2026-06-04 14:29:46.698 [SpringApplicationShutdownHook] INFO  o.s.boot.tomcat.GracefulShutdown otel_trace_id= otel_span_id= request_id= business_trace_id= tenant_id= document_id= ingestion_job_id= - Commencing graceful shutdown. Waiting for active requests to complete
2026-06-04 14:29:46.703 [tomcat-shutdown] INFO  o.s.boot.tomcat.GracefulShutdown otel_trace_id= otel_span_id= request_id= business_trace_id= tenant_id= document_id= ingestion_job_id= - Graceful shutdown complete
2026-06-04 14:29:46.716 [SpringApplicationShutdownHook] INFO  b.i.grpc.health.GrpcHealthAdapter otel_trace_id= otel_span_id= request_id= business_trace_id= tenant_id= document_id= ingestion_job_id= - Shutting down — setting gRPC global health to NOT_SERVING
2026-06-04 14:29:46.725 [SpringApplicationShutdownHook] INFO  o.s.o.j.LocalContainerEntityManagerFactoryBean otel_trace_id= otel_span_id= request_id= business_trace_id= tenant_id= document_id= ingestion_job_id= - Closing JPA EntityManagerFactory for persistence unit 'default'
2026-06-04 14:29:46.727 [SpringApplicationShutdownHook] INFO  com.zaxxer.hikari.HikariDataSource otel_trace_id= otel_span_id= request_id= business_trace_id= tenant_id= document_id= ingestion_job_id= - HikariPool-1 - Shutdown initiated...
2026-06-04 14:29:46.729 [SpringApplicationShutdownHook] INFO  com.zaxxer.hikari.HikariDataSource otel_trace_id= otel_span_id= request_id= business_trace_id= tenant_id= document_id= ingestion_job_id= - HikariPool-1 - Shutdown completed.
2026-06-04 14:30:16.060 [main] INFO  c.s.document.DocumentApplication otel_trace_id= otel_span_id= request_id= business_trace_id= tenant_id= document_id= ingestion_job_id= - Starting DocumentApplication using Java 25.0.2 with PID 29008 (D:\Projects\Sparrow-x\document-service\target\classes started by aggre in D:\Projects\Sparrow-x\document-service)
2026-06-04 14:30:16.071 [main] INFO  c.s.document.DocumentApplication otel_trace_id= otel_span_id= request_id= business_trace_id= tenant_id= document_id= ingestion_job_id= - The following 1 profile is active: "dev"
2026-06-04 14:30:16.916 [main] INFO  o.s.d.r.c.RepositoryConfigurationDelegate otel_trace_id= otel_span_id= request_id= business_trace_id= tenant_id= document_id= ingestion_job_id= - Multiple Spring Data modules found, entering strict repository configuration mode
2026-06-04 14:30:16.917 [main] INFO  o.s.d.r.c.RepositoryConfigurationDelegate otel_trace_id= otel_span_id= request_id= business_trace_id= tenant_id= document_id= ingestion_job_id= - Bootstrapping Spring Data JPA repositories in DEFAULT mode.
2026-06-04 14:30:17.036 [main] INFO  o.s.d.r.c.RepositoryConfigurationDelegate otel_trace_id= otel_span_id= request_id= business_trace_id= tenant_id= document_id= ingestion_job_id= - Finished Spring Data repository scanning in 112 ms. Found 5 JPA repository interfaces.
2026-06-04 14:30:17.817 [main] INFO  o.s.d.r.c.RepositoryConfigurationDelegate otel_trace_id= otel_span_id= request_id= business_trace_id= tenant_id= document_id= ingestion_job_id= - Multiple Spring Data modules found, entering strict repository configuration mode
2026-06-04 14:30:17.818 [main] INFO  o.s.d.r.c.RepositoryConfigurationDelegate otel_trace_id= otel_span_id= request_id= business_trace_id= tenant_id= document_id= ingestion_job_id= - Bootstrapping Spring Data Redis repositories in DEFAULT mode.
2026-06-04 14:30:17.850 [main] INFO  o.s.d.r.c.RepositoryConfigurationExtensionSupport otel_trace_id= otel_span_id= request_id= business_trace_id= tenant_id= document_id= ingestion_job_id= - Spring Data Redis - Could not safely identify store assignment for repository candidate interface com.sparrowx.document.data.postgres.repositories.DocumentChunkRepository; If you want this repository to be a Redis repository, consider annotating your entities with one of these annotations: org.springframework.data.redis.core.RedisHash (preferred), or consider extending one of the following types with your repository: org.springframework.data.keyvalue.repository.KeyValueRepository
2026-06-04 14:30:17.851 [main] INFO  o.s.d.r.c.RepositoryConfigurationExtensionSupport otel_trace_id= otel_span_id= request_id= business_trace_id= tenant_id= document_id= ingestion_job_id= - Spring Data Redis - Could not safely identify store assignment for repository candidate interface com.sparrowx.document.data.postgres.repositories.DocumentRepository; If you want this repository to be a Redis repository, consider annotating your entities with one of these annotations: org.springframework.data.redis.core.RedisHash (preferred), or consider extending one of the following types with your repository: org.springframework.data.keyvalue.repository.KeyValueRepository
2026-06-04 14:30:17.851 [main] INFO  o.s.d.r.c.RepositoryConfigurationExtensionSupport otel_trace_id= otel_span_id= request_id= business_trace_id= tenant_id= document_id= ingestion_job_id= - Spring Data Redis - Could not safely identify store assignment for repository candidate interface com.sparrowx.document.data.postgres.repositories.IngestionJobRepository; If you want this repository to be a Redis repository, consider annotating your entities with one of these annotations: org.springframework.data.redis.core.RedisHash (preferred), or consider extending one of the following types with your repository: org.springframework.data.keyvalue.repository.KeyValueRepository
2026-06-04 14:30:17.851 [main] INFO  o.s.d.r.c.RepositoryConfigurationDelegate otel_trace_id= otel_span_id= request_id= business_trace_id= tenant_id= document_id= ingestion_job_id= - Finished Spring Data repository scanning in 26 ms. Found 0 Redis repository interfaces.
2026-06-04 14:30:19.384 [main] INFO  o.s.boot.tomcat.TomcatWebServer otel_trace_id= otel_span_id= request_id= business_trace_id= tenant_id= document_id= ingestion_job_id= - Tomcat initialized with port 8081 (http)
2026-06-04 14:30:19.399 [main] INFO  o.a.catalina.core.StandardService otel_trace_id= otel_span_id= request_id= business_trace_id= tenant_id= document_id= ingestion_job_id= - Starting service [Tomcat]
2026-06-04 14:30:19.400 [main] INFO  o.a.catalina.core.StandardEngine otel_trace_id= otel_span_id= request_id= business_trace_id= tenant_id= document_id= ingestion_job_id= - Starting Servlet engine: [Apache Tomcat/11.0.21]
2026-06-04 14:30:19.534 [main] INFO  o.s.b.w.c.s.WebApplicationContextInitializer otel_trace_id= otel_span_id= request_id= business_trace_id= tenant_id= document_id= ingestion_job_id= - Root WebApplicationContext: initialization completed in 3432 ms
2026-06-04 14:30:19.908 [main] INFO  org.hibernate.orm.jpa otel_trace_id= otel_span_id= request_id= business_trace_id= tenant_id= document_id= ingestion_job_id= - HHH008540: Processing PersistenceUnitInfo [name: default]
2026-06-04 14:30:19.969 [main] INFO  org.hibernate.orm.core otel_trace_id= otel_span_id= request_id= business_trace_id= tenant_id= document_id= ingestion_job_id= - HHH000001: Hibernate ORM core version 7.2.12.Final
2026-06-04 14:30:20.411 [main] INFO  o.s.o.j.p.SpringPersistenceUnitInfo otel_trace_id= otel_span_id= request_id= business_trace_id= tenant_id= document_id= ingestion_job_id= - No LoadTimeWeaver setup: ignoring JPA class transformer
2026-06-04 14:30:20.438 [main] INFO  com.zaxxer.hikari.HikariDataSource otel_trace_id= otel_span_id= request_id= business_trace_id= tenant_id= document_id= ingestion_job_id= - HikariPool-1 - Starting...
2026-06-04 14:30:20.586 [main] INFO  com.zaxxer.hikari.pool.HikariPool otel_trace_id= otel_span_id= request_id= business_trace_id= tenant_id= document_id= ingestion_job_id= - HikariPool-1 - Added connection org.postgresql.jdbc.PgConnection@79f6b43a
2026-06-04 14:30:20.588 [main] INFO  com.zaxxer.hikari.HikariDataSource otel_trace_id= otel_span_id= request_id= business_trace_id= tenant_id= document_id= ingestion_job_id= - HikariPool-1 - Start completed.
2026-06-04 14:30:20.646 [main] INFO  o.hibernate.orm.connections.pooling otel_trace_id= otel_span_id= request_id= business_trace_id= tenant_id= document_id= ingestion_job_id= - HHH10001005: Database info:
	Database JDBC URL [jdbc:postgresql://localhost:5432/postgres]
	Database driver: PostgreSQL JDBC Driver
	Database dialect: PostgreSQLDialect
	Database version: 16.13
	Default catalog/schema: postgres/public
	Autocommit mode: undefined/unknown
	Isolation level: READ_COMMITTED [default READ_COMMITTED]
	JDBC fetch size: none
	Pool: DataSourceConnectionProvider
	Minimum pool size: undefined/unknown
	Maximum pool size: undefined/unknown
2026-06-04 14:30:21.418 [main] INFO  org.hibernate.orm.core otel_trace_id= otel_span_id= request_id= business_trace_id= tenant_id= document_id= ingestion_job_id= - HHH000489: No JTA platform available (set 'hibernate.transaction.jta.platform' to enable JTA platform integration)
2026-06-04 14:30:21.458 [main] INFO  o.s.o.j.LocalContainerEntityManagerFactoryBean otel_trace_id= otel_span_id= request_id= business_trace_id= tenant_id= document_id= ingestion_job_id= - Initialized JPA EntityManagerFactory for persistence unit 'default'
2026-06-04 14:30:21.851 [main] INFO  o.s.d.j.r.q.QueryEnhancerFactories otel_trace_id= otel_span_id= request_id= business_trace_id= tenant_id= document_id= ingestion_job_id= - Hibernate is in classpath; If applicable, HQL parser will be used.
2026-06-04 14:30:22.994 [main] INFO  n.d.b.g.s.a.GrpcServerFactoryAutoConfiguration otel_trace_id= otel_span_id= request_id= business_trace_id= tenant_id= document_id= ingestion_job_id= - Detected grpc-netty-shaded: Creating ShadedNettyGrpcServerFactory
2026-06-04 14:30:23.557 [main] INFO  o.s.b.a.e.web.EndpointLinksResolver otel_trace_id= otel_span_id= request_id= business_trace_id= tenant_id= document_id= ingestion_job_id= - Exposing 3 endpoints beneath base path '/actuator'
2026-06-04 14:30:23.590 [main] WARN  o.s.a.m.a.p.s.SyncMcpSamplingProvider otel_trace_id= otel_span_id= request_id= business_trace_id= tenant_id= document_id= ingestion_job_id= - No sampling methods found
2026-06-04 14:30:23.594 [main] WARN  o.s.a.m.a.p.e.SyncMcpElicitationProvider otel_trace_id= otel_span_id= request_id= business_trace_id= tenant_id= document_id= ingestion_job_id= - No elicitation methods found
2026-06-04 14:30:23.668 [main] INFO  o.s.boot.tomcat.TomcatWebServer otel_trace_id= otel_span_id= request_id= business_trace_id= tenant_id= document_id= ingestion_job_id= - Tomcat started on port 8081 (http) with context path '/'
2026-06-04 14:30:23.752 [main] INFO  n.d.b.g.s.s.AbstractGrpcServerFactory otel_trace_id= otel_span_id= request_id= business_trace_id= tenant_id= document_id= ingestion_job_id= - Registered gRPC service: document.DocumentService, bean: documentServiceGrpcImpl, class: com.sparrowx.document.grpc.DocumentServiceGrpcImpl
2026-06-04 14:30:23.753 [main] INFO  n.d.b.g.s.s.AbstractGrpcServerFactory otel_trace_id= otel_span_id= request_id= business_trace_id= tenant_id= document_id= ingestion_job_id= - Registered gRPC service: grpc.health.v1.Health, bean: grpcHealthService, class: io.grpc.protobuf.services.HealthServiceImpl
2026-06-04 14:30:23.753 [main] INFO  n.d.b.g.s.s.AbstractGrpcServerFactory otel_trace_id= otel_span_id= request_id= business_trace_id= tenant_id= document_id= ingestion_job_id= - Registered gRPC service: grpc.reflection.v1alpha.ServerReflection, bean: protoReflectionService, class: io.grpc.protobuf.services.ProtoReflectionService
2026-06-04 14:30:23.924 [main] INFO  n.d.b.g.s.s.GrpcServerLifecycle otel_trace_id= otel_span_id= request_id= business_trace_id= tenant_id= document_id= ingestion_job_id= - gRPC Server started, listening on address: *, port: 50054
2026-06-04 14:30:23.944 [main] INFO  c.s.document.DocumentApplication otel_trace_id= otel_span_id= request_id= business_trace_id= tenant_id= document_id= ingestion_job_id= - Started DocumentApplication in 8.299 seconds (process running for 8.895)
2026-06-04 14:30:24.172 [main] INFO  c.s.d.d.q.QdrantCollectionInitializer otel_trace_id= otel_span_id= request_id= business_trace_id= tenant_id= document_id= ingestion_job_id= - Qdrant collection already exists: sparrowx_document_chunks
2026-06-04 14:30:24.173 [main] WARN  o.s.c.events.SpringDocAppInitializer otel_trace_id= otel_span_id= request_id= business_trace_id= tenant_id= document_id= ingestion_job_id= - SpringDoc /v3/api-docs endpoint is enabled by default. To disable it in production, set the property 'springdoc.api-docs.enabled=false'
2026-06-04 14:30:24.173 [main] WARN  o.s.c.events.SpringDocAppInitializer otel_trace_id= otel_span_id= request_id= business_trace_id= tenant_id= document_id= ingestion_job_id= - SpringDoc /swagger-ui.html endpoint is enabled by default. To disable it in production, set the property 'springdoc.swagger-ui.enabled=false'
2026-06-04 14:30:24.445 [main] INFO  c.s.d.g.h.DocumentServiceStartupCheck otel_trace_id= otel_span_id= request_id= business_trace_id= tenant_id= document_id= ingestion_job_id= - Document service startup check complete documentCount=27 storageProvider=MinioDocumentStorage
2026-06-04 14:30:24.463 [main] INFO  b.i.grpc.health.GrpcHealthAdapter otel_trace_id= otel_span_id= request_id= business_trace_id= tenant_id= document_id= ingestion_job_id= - Application ready — setting gRPC global health to SERVING
2026-06-04 14:30:30.456 [http-nio-8081-exec-1] INFO  o.a.c.c.C.[Tomcat].[localhost].[/] otel_trace_id= otel_span_id= request_id= business_trace_id= tenant_id= document_id= ingestion_job_id= - Initializing Spring DispatcherServlet 'dispatcherServlet'
2026-06-04 14:30:30.456 [http-nio-8081-exec-1] INFO  o.s.web.servlet.DispatcherServlet otel_trace_id= otel_span_id= request_id= business_trace_id= tenant_id= document_id= ingestion_job_id= - Initializing Servlet 'dispatcherServlet'
2026-06-04 14:30:30.459 [http-nio-8081-exec-1] INFO  o.s.web.servlet.DispatcherServlet otel_trace_id= otel_span_id= request_id= business_trace_id= tenant_id= document_id= ingestion_job_id= - Completed initialization in 2 ms
2026-06-04 14:30:40.350 [grpc-default-executor-0] INFO  b.i.g.i.GrpcLoggingInterceptor otel_trace_id= otel_span_id= request_id= business_trace_id= tenant_id= document_id= ingestion_job_id= - grpc.call.start document.DocumentService/BuildDocumentEvidence
2026-06-04 14:30:40.402 [grpc-default-executor-0] INFO  b.i.g.i.GrpcTracingInterceptor otel_trace_id=1cd18ec6a23a3615665605edb8d9ffb2 otel_span_id=508dc33a1e9c7d30 request_id= business_trace_id= tenant_id= document_id= ingestion_job_id= - trace.start: 1cd18ec6a23a3615665605edb8d9ffb2
2026-06-04 14:30:40.568 [grpc-default-executor-0] INFO  b.i.g.i.GrpcLoggingInterceptor$2 otel_trace_id= otel_span_id= request_id= business_trace_id= tenant_id= document_id= ingestion_job_id= - grpc.request.message document.DocumentService/BuildDocumentEvidence
2026-06-04 14:30:40.579 [grpc-default-executor-0] INFO  b.i.g.i.GrpcLoggingInterceptor$2 otel_trace_id= otel_span_id= request_id=req-build-evidence-contradiction-false-activity-more-001 business_trace_id=trace-build-evidence-contradiction-false-activity-more-001 tenant_id=tenant-001 document_id= ingestion_job_id= - grpc.request.complete document.DocumentService/BuildDocumentEvidence
2026-06-04 14:30:40.593 [grpc-default-executor-0] INFO  b.c.c.i.CommandObservabilityInterceptor otel_trace_id=1cd18ec6a23a3615665605edb8d9ffb2 otel_span_id=508dc33a1e9c7d30 request_id=req-build-evidence-contradiction-false-activity-more-001 business_trace_id=trace-build-evidence-contradiction-false-activity-more-001 tenant_id=tenant-001 document_id= ingestion_job_id= - command.start BuildDocumentEvidenceCommand
2026-06-04 14:30:40.593 [grpc-default-executor-0] INFO  c.s.d.o.EvidenceBuildLogger otel_trace_id=1cd18ec6a23a3615665605edb8d9ffb2 otel_span_id=508dc33a1e9c7d30 request_id=req-build-evidence-contradiction-false-activity-more-001 business_trace_id=trace-build-evidence-contradiction-false-activity-more-001 tenant_id=tenant-001 document_id= ingestion_job_id= - Document evidence build requested tenantId=tenant-001 userId=user-001 projectId=project-001 teamId=team-001 goal=CONTRADICTION_DETECTION scopedDocumentCount=1 limit=3 allowClaimCache=false requireVerification=true
2026-06-04 14:31:25.912 [grpc-default-executor-0] INFO  c.s.d.o.EvidenceBuildLogger otel_trace_id=1cd18ec6a23a3615665605edb8d9ffb2 otel_span_id=508dc33a1e9c7d30 request_id=req-build-evidence-contradiction-false-activity-more-001 business_trace_id=trace-build-evidence-contradiction-false-activity-more-001 tenant_id=tenant-001 document_id= ingestion_job_id= - Document evidence build completed tenantId=tenant-001 userId=user-001 graphId=1ed91fb1-a331-4e11-b708-447f16a7d56c nodeCount=3 edgeCount=2 usedChunkRetrieval=true usedClaimCache=false coverageScore=0.6666666666666666
2026-06-04 14:31:25.913 [grpc-default-executor-0] INFO  b.c.c.i.CommandObservabilityInterceptor otel_trace_id=1cd18ec6a23a3615665605edb8d9ffb2 otel_span_id=508dc33a1e9c7d30 request_id=req-build-evidence-contradiction-false-activity-more-001 business_trace_id=trace-build-evidence-contradiction-false-activity-more-001 tenant_id=tenant-001 document_id= ingestion_job_id= - command.complete BuildDocumentEvidenceCommand in 45320 ms
2026-06-04 14:31:25.913 [grpc-default-executor-0] INFO  i.o.e.logging.LoggingSpanExporter otel_trace_id=1cd18ec6a23a3615665605edb8d9ffb2 otel_span_id=508dc33a1e9c7d30 request_id=req-build-evidence-contradiction-false-activity-more-001 business_trace_id=trace-build-evidence-contradiction-false-activity-more-001 tenant_id=tenant-001 document_id= ingestion_job_id= - 'command.BuildDocumentEvidenceCommand' : 1cd18ec6a23a3615665605edb8d9ffb2 276a9b478edfef85 INTERNAL [tracer: sparrowx-document-service:] {}
2026-06-04 14:31:25.944 [grpc-default-executor-0] INFO  b.i.g.i.GrpcLoggingInterceptor$1 otel_trace_id=1cd18ec6a23a3615665605edb8d9ffb2 otel_span_id=508dc33a1e9c7d30 request_id=req-build-evidence-contradiction-false-activity-more-001 business_trace_id=trace-build-evidence-contradiction-false-activity-more-001 tenant_id=tenant-001 document_id= ingestion_job_id= - grpc.response.send document.DocumentService/BuildDocumentEvidence
2026-06-04 14:31:25.957 [grpc-default-executor-0] INFO  i.o.e.logging.LoggingSpanExporter otel_trace_id=1cd18ec6a23a3615665605edb8d9ffb2 otel_span_id=508dc33a1e9c7d30 request_id=req-build-evidence-contradiction-false-activity-more-001 business_trace_id=trace-build-evidence-contradiction-false-activity-more-001 tenant_id=tenant-001 document_id= ingestion_job_id= - 'document.DocumentService/BuildDocumentEvidence' : 1cd18ec6a23a3615665605edb8d9ffb2 508dc33a1e9c7d30 SERVER [tracer: sparrowx-document-service:] AttributesMap{data={rpc.method=document.DocumentService/BuildDocumentEvidence, rpc.grpc.status_code=OK, rpc.system=grpc}, capacity=128, totalAddedValues=3}
2026-06-04 14:31:25.971 [grpc-default-executor-0] INFO  b.i.g.i.GrpcLoggingInterceptor$1 otel_trace_id=1cd18ec6a23a3615665605edb8d9ffb2 otel_span_id=508dc33a1e9c7d30 request_id=req-build-evidence-contradiction-false-activity-more-001 business_trace_id=trace-build-evidence-contradiction-false-activity-more-001 tenant_id=tenant-001 document_id= ingestion_job_id= - grpc.call.close document.DocumentService/BuildDocumentEvidence status=Status{code=OK, description=null, cause=null}
2026-06-04 14:31:25.988 [grpc-default-executor-0] INFO  b.i.g.i.GrpcLoggingInterceptor$2 otel_trace_id= otel_span_id= request_id= business_trace_id= tenant_id= document_id= ingestion_job_id= - grpc.call.complete document.DocumentService/BuildDocumentEvidence
2026-06-04 14:33:51.070 [SpringApplicationShutdownHook] INFO  n.d.b.g.s.s.GrpcServerLifecycle otel_trace_id= otel_span_id= request_id= business_trace_id= tenant_id= document_id= ingestion_job_id= - Completed gRPC server shutdown
2026-06-04 14:33:51.071 [SpringApplicationShutdownHook] INFO  o.s.boot.tomcat.GracefulShutdown otel_trace_id= otel_span_id= request_id= business_trace_id= tenant_id= document_id= ingestion_job_id= - Commencing graceful shutdown. Waiting for active requests to complete
2026-06-04 14:33:51.075 [tomcat-shutdown] INFO  o.s.boot.tomcat.GracefulShutdown otel_trace_id= otel_span_id= request_id= business_trace_id= tenant_id= document_id= ingestion_job_id= - Graceful shutdown complete
2026-06-04 14:33:51.089 [SpringApplicationShutdownHook] INFO  b.i.grpc.health.GrpcHealthAdapter otel_trace_id= otel_span_id= request_id= business_trace_id= tenant_id= document_id= ingestion_job_id= - Shutting down — setting gRPC global health to NOT_SERVING
2026-06-04 14:33:51.100 [SpringApplicationShutdownHook] INFO  o.s.o.j.LocalContainerEntityManagerFactoryBean otel_trace_id= otel_span_id= request_id= business_trace_id= tenant_id= document_id= ingestion_job_id= - Closing JPA EntityManagerFactory for persistence unit 'default'
2026-06-04 14:33:51.103 [SpringApplicationShutdownHook] INFO  com.zaxxer.hikari.HikariDataSource otel_trace_id= otel_span_id= request_id= business_trace_id= tenant_id= document_id= ingestion_job_id= - HikariPool-1 - Shutdown initiated...
2026-06-04 14:33:51.105 [SpringApplicationShutdownHook] INFO  com.zaxxer.hikari.HikariDataSource otel_trace_id= otel_span_id= request_id= business_trace_id= tenant_id= document_id= ingestion_job_id= - HikariPool-1 - Shutdown completed.
2026-06-04 14:34:11.132 [main] INFO  c.s.document.DocumentApplication otel_trace_id= otel_span_id= request_id= business_trace_id= tenant_id= document_id= ingestion_job_id= - Starting DocumentApplication using Java 25.0.2 with PID 32708 (D:\Projects\Sparrow-x\document-service\target\classes started by aggre in D:\Projects\Sparrow-x\document-service)
2026-06-04 14:34:11.133 [main] INFO  c.s.document.DocumentApplication otel_trace_id= otel_span_id= request_id= business_trace_id= tenant_id= document_id= ingestion_job_id= - The following 1 profile is active: "dev"
2026-06-04 14:34:11.994 [main] INFO  o.s.d.r.c.RepositoryConfigurationDelegate otel_trace_id= otel_span_id= request_id= business_trace_id= tenant_id= document_id= ingestion_job_id= - Multiple Spring Data modules found, entering strict repository configuration mode
2026-06-04 14:34:11.994 [main] INFO  o.s.d.r.c.RepositoryConfigurationDelegate otel_trace_id= otel_span_id= request_id= business_trace_id= tenant_id= document_id= ingestion_job_id= - Bootstrapping Spring Data JPA repositories in DEFAULT mode.
2026-06-04 14:34:12.089 [main] INFO  o.s.d.r.c.RepositoryConfigurationDelegate otel_trace_id= otel_span_id= request_id= business_trace_id= tenant_id= document_id= ingestion_job_id= - Finished Spring Data repository scanning in 87 ms. Found 5 JPA repository interfaces.
2026-06-04 14:34:12.878 [main] INFO  o.s.d.r.c.RepositoryConfigurationDelegate otel_trace_id= otel_span_id= request_id= business_trace_id= tenant_id= document_id= ingestion_job_id= - Multiple Spring Data modules found, entering strict repository configuration mode
2026-06-04 14:34:12.880 [main] INFO  o.s.d.r.c.RepositoryConfigurationDelegate otel_trace_id= otel_span_id= request_id= business_trace_id= tenant_id= document_id= ingestion_job_id= - Bootstrapping Spring Data Redis repositories in DEFAULT mode.
2026-06-04 14:34:12.919 [main] INFO  o.s.d.r.c.RepositoryConfigurationExtensionSupport otel_trace_id= otel_span_id= request_id= business_trace_id= tenant_id= document_id= ingestion_job_id= - Spring Data Redis - Could not safely identify store assignment for repository candidate interface com.sparrowx.document.data.postgres.repositories.DocumentChunkRepository; If you want this repository to be a Redis repository, consider annotating your entities with one of these annotations: org.springframework.data.redis.core.RedisHash (preferred), or consider extending one of the following types with your repository: org.springframework.data.keyvalue.repository.KeyValueRepository
2026-06-04 14:34:12.920 [main] INFO  o.s.d.r.c.RepositoryConfigurationExtensionSupport otel_trace_id= otel_span_id= request_id= business_trace_id= tenant_id= document_id= ingestion_job_id= - Spring Data Redis - Could not safely identify store assignment for repository candidate interface com.sparrowx.document.data.postgres.repositories.DocumentRepository; If you want this repository to be a Redis repository, consider annotating your entities with one of these annotations: org.springframework.data.redis.core.RedisHash (preferred), or consider extending one of the following types with your repository: org.springframework.data.keyvalue.repository.KeyValueRepository
2026-06-04 14:34:12.921 [main] INFO  o.s.d.r.c.RepositoryConfigurationExtensionSupport otel_trace_id= otel_span_id= request_id= business_trace_id= tenant_id= document_id= ingestion_job_id= - Spring Data Redis - Could not safely identify store assignment for repository candidate interface com.sparrowx.document.data.postgres.repositories.IngestionJobRepository; If you want this repository to be a Redis repository, consider annotating your entities with one of these annotations: org.springframework.data.redis.core.RedisHash (preferred), or consider extending one of the following types with your repository: org.springframework.data.keyvalue.repository.KeyValueRepository
2026-06-04 14:34:12.921 [main] INFO  o.s.d.r.c.RepositoryConfigurationDelegate otel_trace_id= otel_span_id= request_id= business_trace_id= tenant_id= document_id= ingestion_job_id= - Finished Spring Data repository scanning in 31 ms. Found 0 Redis repository interfaces.
2026-06-04 14:34:15.527 [main] INFO  o.s.boot.tomcat.TomcatWebServer otel_trace_id= otel_span_id= request_id= business_trace_id= tenant_id= document_id= ingestion_job_id= - Tomcat initialized with port 8081 (http)
2026-06-04 14:34:15.545 [main] INFO  o.a.catalina.core.StandardService otel_trace_id= otel_span_id= request_id= business_trace_id= tenant_id= document_id= ingestion_job_id= - Starting service [Tomcat]
2026-06-04 14:34:15.546 [main] INFO  o.a.catalina.core.StandardEngine otel_trace_id= otel_span_id= request_id= business_trace_id= tenant_id= document_id= ingestion_job_id= - Starting Servlet engine: [Apache Tomcat/11.0.21]
2026-06-04 14:34:15.704 [main] INFO  o.s.b.w.c.s.WebApplicationContextInitializer otel_trace_id= otel_span_id= request_id= business_trace_id= tenant_id= document_id= ingestion_job_id= - Root WebApplicationContext: initialization completed in 4539 ms
2026-06-04 14:34:16.112 [main] INFO  org.hibernate.orm.jpa otel_trace_id= otel_span_id= request_id= business_trace_id= tenant_id= document_id= ingestion_job_id= - HHH008540: Processing PersistenceUnitInfo [name: default]
2026-06-04 14:34:16.197 [main] INFO  org.hibernate.orm.core otel_trace_id= otel_span_id= request_id= business_trace_id= tenant_id= document_id= ingestion_job_id= - HHH000001: Hibernate ORM core version 7.2.12.Final
2026-06-04 14:34:16.824 [main] INFO  o.s.o.j.p.SpringPersistenceUnitInfo otel_trace_id= otel_span_id= request_id= business_trace_id= tenant_id= document_id= ingestion_job_id= - No LoadTimeWeaver setup: ignoring JPA class transformer
2026-06-04 14:34:16.873 [main] INFO  com.zaxxer.hikari.HikariDataSource otel_trace_id= otel_span_id= request_id= business_trace_id= tenant_id= document_id= ingestion_job_id= - HikariPool-1 - Starting...
2026-06-04 14:34:17.113 [main] INFO  com.zaxxer.hikari.pool.HikariPool otel_trace_id= otel_span_id= request_id= business_trace_id= tenant_id= document_id= ingestion_job_id= - HikariPool-1 - Added connection org.postgresql.jdbc.PgConnection@79f6b43a
2026-06-04 14:34:17.116 [main] INFO  com.zaxxer.hikari.HikariDataSource otel_trace_id= otel_span_id= request_id= business_trace_id= tenant_id= document_id= ingestion_job_id= - HikariPool-1 - Start completed.
2026-06-04 14:34:17.220 [main] INFO  o.hibernate.orm.connections.pooling otel_trace_id= otel_span_id= request_id= business_trace_id= tenant_id= document_id= ingestion_job_id= - HHH10001005: Database info:
	Database JDBC URL [jdbc:postgresql://localhost:5432/postgres]
	Database driver: PostgreSQL JDBC Driver
	Database dialect: PostgreSQLDialect
	Database version: 16.13
	Default catalog/schema: postgres/public
	Autocommit mode: undefined/unknown
	Isolation level: READ_COMMITTED [default READ_COMMITTED]
	JDBC fetch size: none
	Pool: DataSourceConnectionProvider
	Minimum pool size: undefined/unknown
	Maximum pool size: undefined/unknown
2026-06-04 14:34:18.868 [main] INFO  org.hibernate.orm.core otel_trace_id= otel_span_id= request_id= business_trace_id= tenant_id= document_id= ingestion_job_id= - HHH000489: No JTA platform available (set 'hibernate.transaction.jta.platform' to enable JTA platform integration)
2026-06-04 14:34:18.939 [main] INFO  o.s.o.j.LocalContainerEntityManagerFactoryBean otel_trace_id= otel_span_id= request_id= business_trace_id= tenant_id= document_id= ingestion_job_id= - Initialized JPA EntityManagerFactory for persistence unit 'default'
2026-06-04 14:34:19.843 [main] INFO  o.s.d.j.r.q.QueryEnhancerFactories otel_trace_id= otel_span_id= request_id= business_trace_id= tenant_id= document_id= ingestion_job_id= - Hibernate is in classpath; If applicable, HQL parser will be used.
2026-06-04 14:34:22.178 [main] INFO  n.d.b.g.s.a.GrpcServerFactoryAutoConfiguration otel_trace_id= otel_span_id= request_id= business_trace_id= tenant_id= document_id= ingestion_job_id= - Detected grpc-netty-shaded: Creating ShadedNettyGrpcServerFactory
2026-06-04 14:34:22.784 [main] INFO  o.s.b.a.e.web.EndpointLinksResolver otel_trace_id= otel_span_id= request_id= business_trace_id= tenant_id= document_id= ingestion_job_id= - Exposing 3 endpoints beneath base path '/actuator'
2026-06-04 14:34:22.822 [main] WARN  o.s.a.m.a.p.s.SyncMcpSamplingProvider otel_trace_id= otel_span_id= request_id= business_trace_id= tenant_id= document_id= ingestion_job_id= - No sampling methods found
2026-06-04 14:34:22.824 [main] WARN  o.s.a.m.a.p.e.SyncMcpElicitationProvider otel_trace_id= otel_span_id= request_id= business_trace_id= tenant_id= document_id= ingestion_job_id= - No elicitation methods found
2026-06-04 14:34:22.891 [main] INFO  o.s.boot.tomcat.TomcatWebServer otel_trace_id= otel_span_id= request_id= business_trace_id= tenant_id= document_id= ingestion_job_id= - Tomcat started on port 8081 (http) with context path '/'
2026-06-04 14:34:22.987 [main] INFO  n.d.b.g.s.s.AbstractGrpcServerFactory otel_trace_id= otel_span_id= request_id= business_trace_id= tenant_id= document_id= ingestion_job_id= - Registered gRPC service: document.DocumentService, bean: documentServiceGrpcImpl, class: com.sparrowx.document.grpc.DocumentServiceGrpcImpl
2026-06-04 14:34:22.987 [main] INFO  n.d.b.g.s.s.AbstractGrpcServerFactory otel_trace_id= otel_span_id= request_id= business_trace_id= tenant_id= document_id= ingestion_job_id= - Registered gRPC service: grpc.health.v1.Health, bean: grpcHealthService, class: io.grpc.protobuf.services.HealthServiceImpl
2026-06-04 14:34:22.987 [main] INFO  n.d.b.g.s.s.AbstractGrpcServerFactory otel_trace_id= otel_span_id= request_id= business_trace_id= tenant_id= document_id= ingestion_job_id= - Registered gRPC service: grpc.reflection.v1alpha.ServerReflection, bean: protoReflectionService, class: io.grpc.protobuf.services.ProtoReflectionService
2026-06-04 14:34:23.152 [main] INFO  n.d.b.g.s.s.GrpcServerLifecycle otel_trace_id= otel_span_id= request_id= business_trace_id= tenant_id= document_id= ingestion_job_id= - gRPC Server started, listening on address: *, port: 50054
2026-06-04 14:34:23.171 [main] INFO  c.s.document.DocumentApplication otel_trace_id= otel_span_id= request_id= business_trace_id= tenant_id= document_id= ingestion_job_id= - Started DocumentApplication in 12.508 seconds (process running for 13.031)
2026-06-04 14:34:23.365 [main] INFO  c.s.d.d.q.QdrantCollectionInitializer otel_trace_id= otel_span_id= request_id= business_trace_id= tenant_id= document_id= ingestion_job_id= - Qdrant collection already exists: sparrowx_document_chunks
2026-06-04 14:34:23.367 [main] WARN  o.s.c.events.SpringDocAppInitializer otel_trace_id= otel_span_id= request_id= business_trace_id= tenant_id= document_id= ingestion_job_id= - SpringDoc /v3/api-docs endpoint is enabled by default. To disable it in production, set the property 'springdoc.api-docs.enabled=false'
2026-06-04 14:34:23.370 [main] WARN  o.s.c.events.SpringDocAppInitializer otel_trace_id= otel_span_id= request_id= business_trace_id= tenant_id= document_id= ingestion_job_id= - SpringDoc /swagger-ui.html endpoint is enabled by default. To disable it in production, set the property 'springdoc.swagger-ui.enabled=false'
2026-06-04 14:34:23.715 [main] INFO  c.s.d.g.h.DocumentServiceStartupCheck otel_trace_id= otel_span_id= request_id= business_trace_id= tenant_id= document_id= ingestion_job_id= - Document service startup check complete documentCount=27 storageProvider=MinioDocumentStorage
2026-06-04 14:34:23.736 [main] INFO  b.i.grpc.health.GrpcHealthAdapter otel_trace_id= otel_span_id= request_id= business_trace_id= tenant_id= document_id= ingestion_job_id= - Application ready — setting gRPC global health to SERVING
2026-06-04 14:34:30.416 [http-nio-8081-exec-1] INFO  o.a.c.c.C.[Tomcat].[localhost].[/] otel_trace_id= otel_span_id= request_id= business_trace_id= tenant_id= document_id= ingestion_job_id= - Initializing Spring DispatcherServlet 'dispatcherServlet'
2026-06-04 14:34:30.417 [http-nio-8081-exec-1] INFO  o.s.web.servlet.DispatcherServlet otel_trace_id= otel_span_id= request_id= business_trace_id= tenant_id= document_id= ingestion_job_id= - Initializing Servlet 'dispatcherServlet'
2026-06-04 14:34:30.419 [http-nio-8081-exec-1] INFO  o.s.web.servlet.DispatcherServlet otel_trace_id= otel_span_id= request_id= business_trace_id= tenant_id= document_id= ingestion_job_id= - Completed initialization in 2 ms
2026-06-04 14:34:40.744 [grpc-default-executor-0] INFO  b.i.g.i.GrpcLoggingInterceptor otel_trace_id= otel_span_id= request_id= business_trace_id= tenant_id= document_id= ingestion_job_id= - grpc.call.start document.DocumentService/BuildDocumentEvidence
2026-06-04 14:34:40.772 [grpc-default-executor-0] INFO  b.i.g.i.GrpcTracingInterceptor otel_trace_id=7d0b77a53916ba200c81cdfed85fafa4 otel_span_id=aeb41727c6ee2302 request_id= business_trace_id= tenant_id= document_id= ingestion_job_id= - trace.start: 7d0b77a53916ba200c81cdfed85fafa4
2026-06-04 14:34:40.938 [grpc-default-executor-0] INFO  b.i.g.i.GrpcLoggingInterceptor$2 otel_trace_id= otel_span_id= request_id= business_trace_id= tenant_id= document_id= ingestion_job_id= - grpc.request.message document.DocumentService/BuildDocumentEvidence
2026-06-04 14:34:40.949 [grpc-default-executor-0] INFO  b.i.g.i.GrpcLoggingInterceptor$2 otel_trace_id= otel_span_id= request_id=req-build-evidence-contradiction-false-activity-more-001 business_trace_id=trace-build-evidence-contradiction-false-activity-more-001 tenant_id=tenant-001 document_id= ingestion_job_id= - grpc.request.complete document.DocumentService/BuildDocumentEvidence
2026-06-04 14:34:40.965 [grpc-default-executor-0] INFO  b.c.c.i.CommandObservabilityInterceptor otel_trace_id=7d0b77a53916ba200c81cdfed85fafa4 otel_span_id=aeb41727c6ee2302 request_id=req-build-evidence-contradiction-false-activity-more-001 business_trace_id=trace-build-evidence-contradiction-false-activity-more-001 tenant_id=tenant-001 document_id= ingestion_job_id= - command.start BuildDocumentEvidenceCommand
2026-06-04 14:34:40.965 [grpc-default-executor-0] INFO  c.s.d.o.EvidenceBuildLogger otel_trace_id=7d0b77a53916ba200c81cdfed85fafa4 otel_span_id=aeb41727c6ee2302 request_id=req-build-evidence-contradiction-false-activity-more-001 business_trace_id=trace-build-evidence-contradiction-false-activity-more-001 tenant_id=tenant-001 document_id= ingestion_job_id= - Document evidence build requested tenantId=tenant-001 userId=user-001 projectId=project-001 teamId=team-001 goal=CONTRADICTION_DETECTION scopedDocumentCount=1 limit=3 allowClaimCache=false requireVerification=true
2026-06-04 14:35:00.846 [grpc-default-executor-0] INFO  c.s.d.o.EvidenceBuildLogger otel_trace_id=7d0b77a53916ba200c81cdfed85fafa4 otel_span_id=aeb41727c6ee2302 request_id=req-build-evidence-contradiction-false-activity-more-001 business_trace_id=trace-build-evidence-contradiction-false-activity-more-001 tenant_id=tenant-001 document_id= ingestion_job_id= - Document evidence build completed tenantId=tenant-001 userId=user-001 graphId=18782303-08df-47c7-b0f9-f93e17e22416 nodeCount=3 edgeCount=2 usedChunkRetrieval=true usedClaimCache=false coverageScore=0.6666666666666666
2026-06-04 14:35:00.847 [grpc-default-executor-0] INFO  b.c.c.i.CommandObservabilityInterceptor otel_trace_id=7d0b77a53916ba200c81cdfed85fafa4 otel_span_id=aeb41727c6ee2302 request_id=req-build-evidence-contradiction-false-activity-more-001 business_trace_id=trace-build-evidence-contradiction-false-activity-more-001 tenant_id=tenant-001 document_id= ingestion_job_id= - command.complete BuildDocumentEvidenceCommand in 19882 ms
2026-06-04 14:35:00.848 [grpc-default-executor-0] INFO  i.o.e.logging.LoggingSpanExporter otel_trace_id=7d0b77a53916ba200c81cdfed85fafa4 otel_span_id=aeb41727c6ee2302 request_id=req-build-evidence-contradiction-false-activity-more-001 business_trace_id=trace-build-evidence-contradiction-false-activity-more-001 tenant_id=tenant-001 document_id= ingestion_job_id= - 'command.BuildDocumentEvidenceCommand' : 7d0b77a53916ba200c81cdfed85fafa4 8d5ff63cfad3bfc2 INTERNAL [tracer: sparrowx-document-service:] {}
2026-06-04 14:35:00.870 [grpc-default-executor-0] INFO  b.i.g.i.GrpcLoggingInterceptor$1 otel_trace_id=7d0b77a53916ba200c81cdfed85fafa4 otel_span_id=aeb41727c6ee2302 request_id=req-build-evidence-contradiction-false-activity-more-001 business_trace_id=trace-build-evidence-contradiction-false-activity-more-001 tenant_id=tenant-001 document_id= ingestion_job_id= - grpc.response.send document.DocumentService/BuildDocumentEvidence
2026-06-04 14:35:00.880 [grpc-default-executor-0] INFO  i.o.e.logging.LoggingSpanExporter otel_trace_id=7d0b77a53916ba200c81cdfed85fafa4 otel_span_id=aeb41727c6ee2302 request_id=req-build-evidence-contradiction-false-activity-more-001 business_trace_id=trace-build-evidence-contradiction-false-activity-more-001 tenant_id=tenant-001 document_id= ingestion_job_id= - 'document.DocumentService/BuildDocumentEvidence' : 7d0b77a53916ba200c81cdfed85fafa4 aeb41727c6ee2302 SERVER [tracer: sparrowx-document-service:] AttributesMap{data={rpc.method=document.DocumentService/BuildDocumentEvidence, rpc.grpc.status_code=OK, rpc.system=grpc}, capacity=128, totalAddedValues=3}
2026-06-04 14:35:00.883 [grpc-default-executor-0] INFO  b.i.g.i.GrpcLoggingInterceptor$1 otel_trace_id=7d0b77a53916ba200c81cdfed85fafa4 otel_span_id=aeb41727c6ee2302 request_id=req-build-evidence-contradiction-false-activity-more-001 business_trace_id=trace-build-evidence-contradiction-false-activity-more-001 tenant_id=tenant-001 document_id= ingestion_job_id= - grpc.call.close document.DocumentService/BuildDocumentEvidence status=Status{code=OK, description=null, cause=null}
2026-06-04 14:35:00.894 [grpc-default-executor-0] INFO  b.i.g.i.GrpcLoggingInterceptor$2 otel_trace_id= otel_span_id= request_id= business_trace_id= tenant_id= document_id= ingestion_job_id= - grpc.call.complete document.DocumentService/BuildDocumentEvidence
2026-06-04 14:35:30.118 [grpc-default-executor-0] INFO  b.i.g.i.GrpcLoggingInterceptor otel_trace_id= otel_span_id= request_id= business_trace_id= tenant_id= document_id= ingestion_job_id= - grpc.call.start document.DocumentService/BuildDocumentEvidence
2026-06-04 14:35:30.118 [grpc-default-executor-0] INFO  b.i.g.i.GrpcTracingInterceptor otel_trace_id=f814a4489b0e753bbac7d2fd6ea63672 otel_span_id=0953cb38c4ad07f1 request_id= business_trace_id= tenant_id= document_id= ingestion_job_id= - trace.start: f814a4489b0e753bbac7d2fd6ea63672
2026-06-04 14:35:30.118 [grpc-default-executor-0] INFO  b.i.g.i.GrpcLoggingInterceptor$2 otel_trace_id= otel_span_id= request_id= business_trace_id= tenant_id= document_id= ingestion_job_id= - grpc.request.message document.DocumentService/BuildDocumentEvidence
2026-06-04 14:35:30.118 [grpc-default-executor-0] INFO  b.i.g.i.GrpcLoggingInterceptor$2 otel_trace_id= otel_span_id= request_id=req-build-evidence-supported-mindwandering-more-001 business_trace_id=trace-build-evidence-supported-mindwandering-more-001 tenant_id=tenant-001 document_id= ingestion_job_id= - grpc.request.complete document.DocumentService/BuildDocumentEvidence
2026-06-04 14:35:30.124 [grpc-default-executor-0] INFO  b.c.c.i.CommandObservabilityInterceptor otel_trace_id=f814a4489b0e753bbac7d2fd6ea63672 otel_span_id=0953cb38c4ad07f1 request_id=req-build-evidence-supported-mindwandering-more-001 business_trace_id=trace-build-evidence-supported-mindwandering-more-001 tenant_id=tenant-001 document_id= ingestion_job_id= - command.start BuildDocumentEvidenceCommand
2026-06-04 14:35:30.124 [grpc-default-executor-0] INFO  c.s.d.o.EvidenceBuildLogger otel_trace_id=f814a4489b0e753bbac7d2fd6ea63672 otel_span_id=0953cb38c4ad07f1 request_id=req-build-evidence-supported-mindwandering-more-001 business_trace_id=trace-build-evidence-supported-mindwandering-more-001 tenant_id=tenant-001 document_id= ingestion_job_id= - Document evidence build requested tenantId=tenant-001 userId=user-001 projectId=project-001 teamId=team-001 goal=COMPARISON scopedDocumentCount=1 limit=4 allowClaimCache=false requireVerification=true
2026-06-04 14:36:21.412 [grpc-default-executor-0] INFO  c.s.d.o.EvidenceBuildLogger otel_trace_id=f814a4489b0e753bbac7d2fd6ea63672 otel_span_id=0953cb38c4ad07f1 request_id=req-build-evidence-supported-mindwandering-more-001 business_trace_id=trace-build-evidence-supported-mindwandering-more-001 tenant_id=tenant-001 document_id= ingestion_job_id= - Document evidence build completed tenantId=tenant-001 userId=user-001 graphId=99ebf08e-4b3c-4e56-a245-4c3315a067ed nodeCount=4 edgeCount=4 usedChunkRetrieval=true usedClaimCache=false coverageScore=1.0
2026-06-04 14:36:21.412 [grpc-default-executor-0] INFO  b.c.c.i.CommandObservabilityInterceptor otel_trace_id=f814a4489b0e753bbac7d2fd6ea63672 otel_span_id=0953cb38c4ad07f1 request_id=req-build-evidence-supported-mindwandering-more-001 business_trace_id=trace-build-evidence-supported-mindwandering-more-001 tenant_id=tenant-001 document_id= ingestion_job_id= - command.complete BuildDocumentEvidenceCommand in 51289 ms
2026-06-04 14:36:21.413 [grpc-default-executor-0] INFO  i.o.e.logging.LoggingSpanExporter otel_trace_id=f814a4489b0e753bbac7d2fd6ea63672 otel_span_id=0953cb38c4ad07f1 request_id=req-build-evidence-supported-mindwandering-more-001 business_trace_id=trace-build-evidence-supported-mindwandering-more-001 tenant_id=tenant-001 document_id= ingestion_job_id= - 'command.BuildDocumentEvidenceCommand' : f814a4489b0e753bbac7d2fd6ea63672 e062abd13b0a6a3c INTERNAL [tracer: sparrowx-document-service:] {}
2026-06-04 14:36:21.415 [grpc-default-executor-0] INFO  b.i.g.i.GrpcLoggingInterceptor$1 otel_trace_id=f814a4489b0e753bbac7d2fd6ea63672 otel_span_id=0953cb38c4ad07f1 request_id=req-build-evidence-supported-mindwandering-more-001 business_trace_id=trace-build-evidence-supported-mindwandering-more-001 tenant_id=tenant-001 document_id= ingestion_job_id= - grpc.response.send document.DocumentService/BuildDocumentEvidence
2026-06-04 14:36:21.417 [grpc-default-executor-0] INFO  i.o.e.logging.LoggingSpanExporter otel_trace_id=f814a4489b0e753bbac7d2fd6ea63672 otel_span_id=0953cb38c4ad07f1 request_id=req-build-evidence-supported-mindwandering-more-001 business_trace_id=trace-build-evidence-supported-mindwandering-more-001 tenant_id=tenant-001 document_id= ingestion_job_id= - 'document.DocumentService/BuildDocumentEvidence' : f814a4489b0e753bbac7d2fd6ea63672 0953cb38c4ad07f1 SERVER [tracer: sparrowx-document-service:] AttributesMap{data={rpc.method=document.DocumentService/BuildDocumentEvidence, rpc.grpc.status_code=OK, rpc.system=grpc}, capacity=128, totalAddedValues=3}
2026-06-04 14:36:21.417 [grpc-default-executor-0] INFO  b.i.g.i.GrpcLoggingInterceptor$1 otel_trace_id=f814a4489b0e753bbac7d2fd6ea63672 otel_span_id=0953cb38c4ad07f1 request_id=req-build-evidence-supported-mindwandering-more-001 business_trace_id=trace-build-evidence-supported-mindwandering-more-001 tenant_id=tenant-001 document_id= ingestion_job_id= - grpc.call.close document.DocumentService/BuildDocumentEvidence status=Status{code=OK, description=null, cause=null}
2026-06-04 14:36:21.418 [grpc-default-executor-0] INFO  b.i.g.i.GrpcLoggingInterceptor$2 otel_trace_id= otel_span_id= request_id= business_trace_id= tenant_id= document_id= ingestion_job_id= - grpc.call.complete document.DocumentService/BuildDocumentEvidence
2026-06-04 14:37:08.977 [grpc-default-executor-0] INFO  b.i.g.i.GrpcLoggingInterceptor otel_trace_id= otel_span_id= request_id= business_trace_id= tenant_id= document_id= ingestion_job_id= - grpc.call.start document.DocumentService/BuildDocumentEvidence
2026-06-04 14:37:08.977 [grpc-default-executor-0] INFO  b.i.g.i.GrpcTracingInterceptor otel_trace_id=6bb4d216a898334ad9bb28e945484903 otel_span_id=f4bae5b43216fb77 request_id= business_trace_id= tenant_id= document_id= ingestion_job_id= - trace.start: 6bb4d216a898334ad9bb28e945484903
2026-06-04 14:37:08.978 [grpc-default-executor-0] INFO  b.i.g.i.GrpcLoggingInterceptor$2 otel_trace_id= otel_span_id= request_id= business_trace_id= tenant_id= document_id= ingestion_job_id= - grpc.request.message document.DocumentService/BuildDocumentEvidence
2026-06-04 14:37:08.978 [grpc-default-executor-0] INFO  b.i.g.i.GrpcLoggingInterceptor$2 otel_trace_id= otel_span_id= request_id=req-build-evidence-negative-neural-imaging-001 business_trace_id=trace-build-evidence-negative-neural-imaging-001 tenant_id=tenant-001 document_id= ingestion_job_id= - grpc.request.complete document.DocumentService/BuildDocumentEvidence
2026-06-04 14:37:08.980 [grpc-default-executor-0] INFO  b.c.c.i.CommandObservabilityInterceptor otel_trace_id=6bb4d216a898334ad9bb28e945484903 otel_span_id=f4bae5b43216fb77 request_id=req-build-evidence-negative-neural-imaging-001 business_trace_id=trace-build-evidence-negative-neural-imaging-001 tenant_id=tenant-001 document_id= ingestion_job_id= - command.start BuildDocumentEvidenceCommand
2026-06-04 14:37:08.981 [grpc-default-executor-0] INFO  c.s.d.o.EvidenceBuildLogger otel_trace_id=6bb4d216a898334ad9bb28e945484903 otel_span_id=f4bae5b43216fb77 request_id=req-build-evidence-negative-neural-imaging-001 business_trace_id=trace-build-evidence-negative-neural-imaging-001 tenant_id=tenant-001 document_id= ingestion_job_id= - Document evidence build requested tenantId=tenant-001 userId=user-001 projectId=project-001 teamId=team-001 goal=EXTRACTION scopedDocumentCount=1 limit=4 allowClaimCache=false requireVerification=true
2026-06-04 14:37:35.392 [grpc-default-executor-0] INFO  c.s.d.o.EvidenceBuildLogger otel_trace_id=6bb4d216a898334ad9bb28e945484903 otel_span_id=f4bae5b43216fb77 request_id=req-build-evidence-negative-neural-imaging-001 business_trace_id=trace-build-evidence-negative-neural-imaging-001 tenant_id=tenant-001 document_id= ingestion_job_id= - Document evidence build completed tenantId=tenant-001 userId=user-001 graphId=f24391a6-c6d4-4da2-8b82-78708eb56d4f nodeCount=4 edgeCount=2 usedChunkRetrieval=true usedClaimCache=false coverageScore=0.0
2026-06-04 14:37:35.393 [grpc-default-executor-0] INFO  b.c.c.i.CommandObservabilityInterceptor otel_trace_id=6bb4d216a898334ad9bb28e945484903 otel_span_id=f4bae5b43216fb77 request_id=req-build-evidence-negative-neural-imaging-001 business_trace_id=trace-build-evidence-negative-neural-imaging-001 tenant_id=tenant-001 document_id= ingestion_job_id= - command.complete BuildDocumentEvidenceCommand in 26412 ms
2026-06-04 14:37:35.393 [grpc-default-executor-0] INFO  i.o.e.logging.LoggingSpanExporter otel_trace_id=6bb4d216a898334ad9bb28e945484903 otel_span_id=f4bae5b43216fb77 request_id=req-build-evidence-negative-neural-imaging-001 business_trace_id=trace-build-evidence-negative-neural-imaging-001 tenant_id=tenant-001 document_id= ingestion_job_id= - 'command.BuildDocumentEvidenceCommand' : 6bb4d216a898334ad9bb28e945484903 28acebb0c42df78d INTERNAL [tracer: sparrowx-document-service:] {}
2026-06-04 14:37:35.396 [grpc-default-executor-0] INFO  b.i.g.i.GrpcLoggingInterceptor$1 otel_trace_id=6bb4d216a898334ad9bb28e945484903 otel_span_id=f4bae5b43216fb77 request_id=req-build-evidence-negative-neural-imaging-001 business_trace_id=trace-build-evidence-negative-neural-imaging-001 tenant_id=tenant-001 document_id= ingestion_job_id= - grpc.response.send document.DocumentService/BuildDocumentEvidence
2026-06-04 14:37:35.398 [grpc-default-executor-0] INFO  i.o.e.logging.LoggingSpanExporter otel_trace_id=6bb4d216a898334ad9bb28e945484903 otel_span_id=f4bae5b43216fb77 request_id=req-build-evidence-negative-neural-imaging-001 business_trace_id=trace-build-evidence-negative-neural-imaging-001 tenant_id=tenant-001 document_id= ingestion_job_id= - 'document.DocumentService/BuildDocumentEvidence' : 6bb4d216a898334ad9bb28e945484903 f4bae5b43216fb77 SERVER [tracer: sparrowx-document-service:] AttributesMap{data={rpc.method=document.DocumentService/BuildDocumentEvidence, rpc.grpc.status_code=OK, rpc.system=grpc}, capacity=128, totalAddedValues=3}
2026-06-04 14:37:35.398 [grpc-default-executor-0] INFO  b.i.g.i.GrpcLoggingInterceptor$1 otel_trace_id=6bb4d216a898334ad9bb28e945484903 otel_span_id=f4bae5b43216fb77 request_id=req-build-evidence-negative-neural-imaging-001 business_trace_id=trace-build-evidence-negative-neural-imaging-001 tenant_id=tenant-001 document_id= ingestion_job_id= - grpc.call.close document.DocumentService/BuildDocumentEvidence status=Status{code=OK, description=null, cause=null}
2026-06-04 14:37:35.399 [grpc-default-executor-0] INFO  b.i.g.i.GrpcLoggingInterceptor$2 otel_trace_id= otel_span_id= request_id= business_trace_id= tenant_id= document_id= ingestion_job_id= - grpc.call.complete document.DocumentService/BuildDocumentEvidence
2026-06-04 14:37:56.051 [grpc-default-executor-0] INFO  b.i.g.i.GrpcLoggingInterceptor otel_trace_id= otel_span_id= request_id= business_trace_id= tenant_id= document_id= ingestion_job_id= - grpc.call.start document.DocumentService/BuildDocumentEvidence
2026-06-04 14:37:56.051 [grpc-default-executor-0] INFO  b.i.g.i.GrpcTracingInterceptor otel_trace_id=fd224f73c8fbd147fff28f12daed441c otel_span_id=4fdc0ab408cde49d request_id= business_trace_id= tenant_id= document_id= ingestion_job_id= - trace.start: fd224f73c8fbd147fff28f12daed441c
2026-06-04 14:37:56.052 [grpc-default-executor-0] INFO  b.i.g.i.GrpcLoggingInterceptor$2 otel_trace_id= otel_span_id= request_id= business_trace_id= tenant_id= document_id= ingestion_job_id= - grpc.request.message document.DocumentService/BuildDocumentEvidence
2026-06-04 14:37:56.052 [grpc-default-executor-0] INFO  b.i.g.i.GrpcLoggingInterceptor$2 otel_trace_id= otel_span_id= request_id=req-build-evidence-framework-regression-001 business_trace_id=trace-build-evidence-framework-regression-001 tenant_id=tenant-001 document_id= ingestion_job_id= - grpc.request.complete document.DocumentService/BuildDocumentEvidence
2026-06-04 14:37:56.054 [grpc-default-executor-0] INFO  b.c.c.i.CommandObservabilityInterceptor otel_trace_id=fd224f73c8fbd147fff28f12daed441c otel_span_id=4fdc0ab408cde49d request_id=req-build-evidence-framework-regression-001 business_trace_id=trace-build-evidence-framework-regression-001 tenant_id=tenant-001 document_id= ingestion_job_id= - command.start BuildDocumentEvidenceCommand
2026-06-04 14:37:56.055 [grpc-default-executor-0] INFO  c.s.d.o.EvidenceBuildLogger otel_trace_id=fd224f73c8fbd147fff28f12daed441c otel_span_id=4fdc0ab408cde49d request_id=req-build-evidence-framework-regression-001 business_trace_id=trace-build-evidence-framework-regression-001 tenant_id=tenant-001 document_id= ingestion_job_id= - Document evidence build requested tenantId=tenant-001 userId=user-001 projectId=project-001 teamId=team-001 goal=EXTRACTION scopedDocumentCount=1 limit=5 allowClaimCache=false requireVerification=true
2026-06-04 14:39:01.668 [grpc-default-executor-0] INFO  c.s.d.o.EvidenceBuildLogger otel_trace_id=fd224f73c8fbd147fff28f12daed441c otel_span_id=4fdc0ab408cde49d request_id=req-build-evidence-framework-regression-001 business_trace_id=trace-build-evidence-framework-regression-001 tenant_id=tenant-001 document_id= ingestion_job_id= - Document evidence build completed tenantId=tenant-001 userId=user-001 graphId=b4dfa733-464f-470f-b5de-40f5bf16bb41 nodeCount=3 edgeCount=2 usedChunkRetrieval=true usedClaimCache=false coverageScore=1.0
2026-06-04 14:39:01.669 [grpc-default-executor-0] INFO  b.c.c.i.CommandObservabilityInterceptor otel_trace_id=fd224f73c8fbd147fff28f12daed441c otel_span_id=4fdc0ab408cde49d request_id=req-build-evidence-framework-regression-001 business_trace_id=trace-build-evidence-framework-regression-001 tenant_id=tenant-001 document_id= ingestion_job_id= - command.complete BuildDocumentEvidenceCommand in 65614 ms
2026-06-04 14:39:01.669 [grpc-default-executor-0] INFO  i.o.e.logging.LoggingSpanExporter otel_trace_id=fd224f73c8fbd147fff28f12daed441c otel_span_id=4fdc0ab408cde49d request_id=req-build-evidence-framework-regression-001 business_trace_id=trace-build-evidence-framework-regression-001 tenant_id=tenant-001 document_id= ingestion_job_id= - 'command.BuildDocumentEvidenceCommand' : fd224f73c8fbd147fff28f12daed441c 39994e10bb0f9c8d INTERNAL [tracer: sparrowx-document-service:] {}
2026-06-04 14:39:01.671 [grpc-default-executor-0] INFO  b.i.g.i.GrpcLoggingInterceptor$1 otel_trace_id=fd224f73c8fbd147fff28f12daed441c otel_span_id=4fdc0ab408cde49d request_id=req-build-evidence-framework-regression-001 business_trace_id=trace-build-evidence-framework-regression-001 tenant_id=tenant-001 document_id= ingestion_job_id= - grpc.response.send document.DocumentService/BuildDocumentEvidence
2026-06-04 14:39:01.672 [grpc-default-executor-0] INFO  i.o.e.logging.LoggingSpanExporter otel_trace_id=fd224f73c8fbd147fff28f12daed441c otel_span_id=4fdc0ab408cde49d request_id=req-build-evidence-framework-regression-001 business_trace_id=trace-build-evidence-framework-regression-001 tenant_id=tenant-001 document_id= ingestion_job_id= - 'document.DocumentService/BuildDocumentEvidence' : fd224f73c8fbd147fff28f12daed441c 4fdc0ab408cde49d SERVER [tracer: sparrowx-document-service:] AttributesMap{data={rpc.method=document.DocumentService/BuildDocumentEvidence, rpc.grpc.status_code=OK, rpc.system=grpc}, capacity=128, totalAddedValues=3}
2026-06-04 14:39:01.673 [grpc-default-executor-0] INFO  b.i.g.i.GrpcLoggingInterceptor$1 otel_trace_id=fd224f73c8fbd147fff28f12daed441c otel_span_id=4fdc0ab408cde49d request_id=req-build-evidence-framework-regression-001 business_trace_id=trace-build-evidence-framework-regression-001 tenant_id=tenant-001 document_id= ingestion_job_id= - grpc.call.close document.DocumentService/BuildDocumentEvidence status=Status{code=OK, description=null, cause=null}
2026-06-04 14:39:01.674 [grpc-default-executor-0] INFO  b.i.g.i.GrpcLoggingInterceptor$2 otel_trace_id= otel_span_id= request_id= business_trace_id= tenant_id= document_id= ingestion_job_id= - grpc.call.complete document.DocumentService/BuildDocumentEvidence
2026-06-04 14:43:59.434 [SpringApplicationShutdownHook] INFO  n.d.b.g.s.s.GrpcServerLifecycle otel_trace_id= otel_span_id= request_id= business_trace_id= tenant_id= document_id= ingestion_job_id= - Completed gRPC server shutdown
2026-06-04 14:43:59.436 [SpringApplicationShutdownHook] INFO  o.s.boot.tomcat.GracefulShutdown otel_trace_id= otel_span_id= request_id= business_trace_id= tenant_id= document_id= ingestion_job_id= - Commencing graceful shutdown. Waiting for active requests to complete
2026-06-04 14:43:59.442 [tomcat-shutdown] INFO  o.s.boot.tomcat.GracefulShutdown otel_trace_id= otel_span_id= request_id= business_trace_id= tenant_id= document_id= ingestion_job_id= - Graceful shutdown complete
2026-06-04 14:43:59.457 [SpringApplicationShutdownHook] INFO  b.i.grpc.health.GrpcHealthAdapter otel_trace_id= otel_span_id= request_id= business_trace_id= tenant_id= document_id= ingestion_job_id= - Shutting down — setting gRPC global health to NOT_SERVING
2026-06-04 14:43:59.469 [SpringApplicationShutdownHook] INFO  o.s.o.j.LocalContainerEntityManagerFactoryBean otel_trace_id= otel_span_id= request_id= business_trace_id= tenant_id= document_id= ingestion_job_id= - Closing JPA EntityManagerFactory for persistence unit 'default'
2026-06-04 14:43:59.472 [SpringApplicationShutdownHook] INFO  com.zaxxer.hikari.HikariDataSource otel_trace_id= otel_span_id= request_id= business_trace_id= tenant_id= document_id= ingestion_job_id= - HikariPool-1 - Shutdown initiated...
2026-06-04 14:43:59.477 [SpringApplicationShutdownHook] INFO  com.zaxxer.hikari.HikariDataSource otel_trace_id= otel_span_id= request_id= business_trace_id= tenant_id= document_id= ingestion_job_id= - HikariPool-1 - Shutdown completed.
2026-06-04 14:45:09.615 [main] INFO  c.s.document.DocumentApplication otel_trace_id= otel_span_id= request_id= business_trace_id= tenant_id= document_id= ingestion_job_id= - Starting DocumentApplication using Java 25.0.2 with PID 13616 (D:\Projects\Sparrow-x\document-service\target\classes started by aggre in D:\Projects\Sparrow-x\document-service)
2026-06-04 14:45:09.616 [main] INFO  c.s.document.DocumentApplication otel_trace_id= otel_span_id= request_id= business_trace_id= tenant_id= document_id= ingestion_job_id= - The following 1 profile is active: "dev"
2026-06-04 14:45:10.429 [main] INFO  o.s.d.r.c.RepositoryConfigurationDelegate otel_trace_id= otel_span_id= request_id= business_trace_id= tenant_id= document_id= ingestion_job_id= - Multiple Spring Data modules found, entering strict repository configuration mode
2026-06-04 14:45:10.430 [main] INFO  o.s.d.r.c.RepositoryConfigurationDelegate otel_trace_id= otel_span_id= request_id= business_trace_id= tenant_id= document_id= ingestion_job_id= - Bootstrapping Spring Data JPA repositories in DEFAULT mode.
2026-06-04 14:45:10.544 [main] INFO  o.s.d.r.c.RepositoryConfigurationDelegate otel_trace_id= otel_span_id= request_id= business_trace_id= tenant_id= document_id= ingestion_job_id= - Finished Spring Data repository scanning in 100 ms. Found 5 JPA repository interfaces.
2026-06-04 14:45:11.232 [main] INFO  o.s.d.r.c.RepositoryConfigurationDelegate otel_trace_id= otel_span_id= request_id= business_trace_id= tenant_id= document_id= ingestion_job_id= - Multiple Spring Data modules found, entering strict repository configuration mode
2026-06-04 14:45:11.233 [main] INFO  o.s.d.r.c.RepositoryConfigurationDelegate otel_trace_id= otel_span_id= request_id= business_trace_id= tenant_id= document_id= ingestion_job_id= - Bootstrapping Spring Data Redis repositories in DEFAULT mode.
2026-06-04 14:45:11.270 [main] INFO  o.s.d.r.c.RepositoryConfigurationExtensionSupport otel_trace_id= otel_span_id= request_id= business_trace_id= tenant_id= document_id= ingestion_job_id= - Spring Data Redis - Could not safely identify store assignment for repository candidate interface com.sparrowx.document.data.postgres.repositories.DocumentChunkRepository; If you want this repository to be a Redis repository, consider annotating your entities with one of these annotations: org.springframework.data.redis.core.RedisHash (preferred), or consider extending one of the following types with your repository: org.springframework.data.keyvalue.repository.KeyValueRepository
2026-06-04 14:45:11.271 [main] INFO  o.s.d.r.c.RepositoryConfigurationExtensionSupport otel_trace_id= otel_span_id= request_id= business_trace_id= tenant_id= document_id= ingestion_job_id= - Spring Data Redis - Could not safely identify store assignment for repository candidate interface com.sparrowx.document.data.postgres.repositories.DocumentRepository; If you want this repository to be a Redis repository, consider annotating your entities with one of these annotations: org.springframework.data.redis.core.RedisHash (preferred), or consider extending one of the following types with your repository: org.springframework.data.keyvalue.repository.KeyValueRepository
2026-06-04 14:45:11.271 [main] INFO  o.s.d.r.c.RepositoryConfigurationExtensionSupport otel_trace_id= otel_span_id= request_id= business_trace_id= tenant_id= document_id= ingestion_job_id= - Spring Data Redis - Could not safely identify store assignment for repository candidate interface com.sparrowx.document.data.postgres.repositories.IngestionJobRepository; If you want this repository to be a Redis repository, consider annotating your entities with one of these annotations: org.springframework.data.redis.core.RedisHash (preferred), or consider extending one of the following types with your repository: org.springframework.data.keyvalue.repository.KeyValueRepository
2026-06-04 14:45:11.272 [main] INFO  o.s.d.r.c.RepositoryConfigurationDelegate otel_trace_id= otel_span_id= request_id= business_trace_id= tenant_id= document_id= ingestion_job_id= - Finished Spring Data repository scanning in 28 ms. Found 0 Redis repository interfaces.
2026-06-04 14:45:12.270 [main] INFO  o.s.boot.tomcat.TomcatWebServer otel_trace_id= otel_span_id= request_id= business_trace_id= tenant_id= document_id= ingestion_job_id= - Tomcat initialized with port 8081 (http)
2026-06-04 14:45:12.283 [main] INFO  o.a.catalina.core.StandardService otel_trace_id= otel_span_id= request_id= business_trace_id= tenant_id= document_id= ingestion_job_id= - Starting service [Tomcat]
2026-06-04 14:45:12.284 [main] INFO  o.a.catalina.core.StandardEngine otel_trace_id= otel_span_id= request_id= business_trace_id= tenant_id= document_id= ingestion_job_id= - Starting Servlet engine: [Apache Tomcat/11.0.21]
2026-06-04 14:45:12.371 [main] INFO  o.s.b.w.c.s.WebApplicationContextInitializer otel_trace_id= otel_span_id= request_id= business_trace_id= tenant_id= document_id= ingestion_job_id= - Root WebApplicationContext: initialization completed in 2724 ms
2026-06-04 14:45:12.587 [main] INFO  org.hibernate.orm.jpa otel_trace_id= otel_span_id= request_id= business_trace_id= tenant_id= document_id= ingestion_job_id= - HHH008540: Processing PersistenceUnitInfo [name: default]
2026-06-04 14:45:12.632 [main] INFO  org.hibernate.orm.core otel_trace_id= otel_span_id= request_id= business_trace_id= tenant_id= document_id= ingestion_job_id= - HHH000001: Hibernate ORM core version 7.2.12.Final
2026-06-04 14:45:12.994 [main] INFO  o.s.o.j.p.SpringPersistenceUnitInfo otel_trace_id= otel_span_id= request_id= business_trace_id= tenant_id= document_id= ingestion_job_id= - No LoadTimeWeaver setup: ignoring JPA class transformer
2026-06-04 14:45:13.023 [main] INFO  com.zaxxer.hikari.HikariDataSource otel_trace_id= otel_span_id= request_id= business_trace_id= tenant_id= document_id= ingestion_job_id= - HikariPool-1 - Starting...
2026-06-04 14:45:13.153 [main] INFO  com.zaxxer.hikari.pool.HikariPool otel_trace_id= otel_span_id= request_id= business_trace_id= tenant_id= document_id= ingestion_job_id= - HikariPool-1 - Added connection org.postgresql.jdbc.PgConnection@79f6b43a
2026-06-04 14:45:13.154 [main] INFO  com.zaxxer.hikari.HikariDataSource otel_trace_id= otel_span_id= request_id= business_trace_id= tenant_id= document_id= ingestion_job_id= - HikariPool-1 - Start completed.
2026-06-04 14:45:13.212 [main] INFO  o.hibernate.orm.connections.pooling otel_trace_id= otel_span_id= request_id= business_trace_id= tenant_id= document_id= ingestion_job_id= - HHH10001005: Database info:
	Database JDBC URL [jdbc:postgresql://localhost:5432/postgres]
	Database driver: PostgreSQL JDBC Driver
	Database dialect: PostgreSQLDialect
	Database version: 16.13
	Default catalog/schema: postgres/public
	Autocommit mode: undefined/unknown
	Isolation level: READ_COMMITTED [default READ_COMMITTED]
	JDBC fetch size: none
	Pool: DataSourceConnectionProvider
	Minimum pool size: undefined/unknown
	Maximum pool size: undefined/unknown
2026-06-04 14:45:14.072 [main] INFO  org.hibernate.orm.core otel_trace_id= otel_span_id= request_id= business_trace_id= tenant_id= document_id= ingestion_job_id= - HHH000489: No JTA platform available (set 'hibernate.transaction.jta.platform' to enable JTA platform integration)
2026-06-04 14:45:14.125 [main] INFO  o.s.o.j.LocalContainerEntityManagerFactoryBean otel_trace_id= otel_span_id= request_id= business_trace_id= tenant_id= document_id= ingestion_job_id= - Initialized JPA EntityManagerFactory for persistence unit 'default'
2026-06-04 14:45:14.565 [main] INFO  o.s.d.j.r.q.QueryEnhancerFactories otel_trace_id= otel_span_id= request_id= business_trace_id= tenant_id= document_id= ingestion_job_id= - Hibernate is in classpath; If applicable, HQL parser will be used.
2026-06-04 14:45:15.841 [main] INFO  n.d.b.g.s.a.GrpcServerFactoryAutoConfiguration otel_trace_id= otel_span_id= request_id= business_trace_id= tenant_id= document_id= ingestion_job_id= - Detected grpc-netty-shaded: Creating ShadedNettyGrpcServerFactory
2026-06-04 14:45:16.218 [main] INFO  o.s.b.a.e.web.EndpointLinksResolver otel_trace_id= otel_span_id= request_id= business_trace_id= tenant_id= document_id= ingestion_job_id= - Exposing 3 endpoints beneath base path '/actuator'
2026-06-04 14:45:16.239 [main] WARN  o.s.a.m.a.p.s.SyncMcpSamplingProvider otel_trace_id= otel_span_id= request_id= business_trace_id= tenant_id= document_id= ingestion_job_id= - No sampling methods found
2026-06-04 14:45:16.240 [main] WARN  o.s.a.m.a.p.e.SyncMcpElicitationProvider otel_trace_id= otel_span_id= request_id= business_trace_id= tenant_id= document_id= ingestion_job_id= - No elicitation methods found
2026-06-04 14:45:16.289 [main] INFO  o.s.boot.tomcat.TomcatWebServer otel_trace_id= otel_span_id= request_id= business_trace_id= tenant_id= document_id= ingestion_job_id= - Tomcat started on port 8081 (http) with context path '/'
2026-06-04 14:45:16.354 [main] INFO  n.d.b.g.s.s.AbstractGrpcServerFactory otel_trace_id= otel_span_id= request_id= business_trace_id= tenant_id= document_id= ingestion_job_id= - Registered gRPC service: document.DocumentService, bean: documentServiceGrpcImpl, class: com.sparrowx.document.grpc.DocumentServiceGrpcImpl
2026-06-04 14:45:16.355 [main] INFO  n.d.b.g.s.s.AbstractGrpcServerFactory otel_trace_id= otel_span_id= request_id= business_trace_id= tenant_id= document_id= ingestion_job_id= - Registered gRPC service: grpc.health.v1.Health, bean: grpcHealthService, class: io.grpc.protobuf.services.HealthServiceImpl
2026-06-04 14:45:16.355 [main] INFO  n.d.b.g.s.s.AbstractGrpcServerFactory otel_trace_id= otel_span_id= request_id= business_trace_id= tenant_id= document_id= ingestion_job_id= - Registered gRPC service: grpc.reflection.v1alpha.ServerReflection, bean: protoReflectionService, class: io.grpc.protobuf.services.ProtoReflectionService
2026-06-04 14:45:16.454 [main] INFO  n.d.b.g.s.s.GrpcServerLifecycle otel_trace_id= otel_span_id= request_id= business_trace_id= tenant_id= document_id= ingestion_job_id= - gRPC Server started, listening on address: *, port: 50054
2026-06-04 14:45:16.466 [main] INFO  c.s.document.DocumentApplication otel_trace_id= otel_span_id= request_id= business_trace_id= tenant_id= document_id= ingestion_job_id= - Started DocumentApplication in 7.288 seconds (process running for 7.763)
2026-06-04 14:45:16.592 [main] INFO  c.s.d.d.q.QdrantCollectionInitializer otel_trace_id= otel_span_id= request_id= business_trace_id= tenant_id= document_id= ingestion_job_id= - Qdrant collection already exists: sparrowx_document_chunks
2026-06-04 14:45:16.593 [main] WARN  o.s.c.events.SpringDocAppInitializer otel_trace_id= otel_span_id= request_id= business_trace_id= tenant_id= document_id= ingestion_job_id= - SpringDoc /v3/api-docs endpoint is enabled by default. To disable it in production, set the property 'springdoc.api-docs.enabled=false'
2026-06-04 14:45:16.594 [main] WARN  o.s.c.events.SpringDocAppInitializer otel_trace_id= otel_span_id= request_id= business_trace_id= tenant_id= document_id= ingestion_job_id= - SpringDoc /swagger-ui.html endpoint is enabled by default. To disable it in production, set the property 'springdoc.swagger-ui.enabled=false'
2026-06-04 14:45:16.763 [main] INFO  c.s.d.g.h.DocumentServiceStartupCheck otel_trace_id= otel_span_id= request_id= business_trace_id= tenant_id= document_id= ingestion_job_id= - Document service startup check complete documentCount=27 storageProvider=MinioDocumentStorage
2026-06-04 14:45:16.778 [main] INFO  b.i.grpc.health.GrpcHealthAdapter otel_trace_id= otel_span_id= request_id= business_trace_id= tenant_id= document_id= ingestion_job_id= - Application ready — setting gRPC global health to SERVING
2026-06-04 14:45:20.427 [http-nio-8081-exec-1] INFO  o.a.c.c.C.[Tomcat].[localhost].[/] otel_trace_id= otel_span_id= request_id= business_trace_id= tenant_id= document_id= ingestion_job_id= - Initializing Spring DispatcherServlet 'dispatcherServlet'
2026-06-04 14:45:20.427 [http-nio-8081-exec-1] INFO  o.s.web.servlet.DispatcherServlet otel_trace_id= otel_span_id= request_id= business_trace_id= tenant_id= document_id= ingestion_job_id= - Initializing Servlet 'dispatcherServlet'
2026-06-04 14:45:20.433 [http-nio-8081-exec-1] INFO  o.s.web.servlet.DispatcherServlet otel_trace_id= otel_span_id= request_id= business_trace_id= tenant_id= document_id= ingestion_job_id= - Completed initialization in 5 ms
2026-06-04 14:45:49.948 [grpc-default-executor-0] INFO  b.i.g.i.GrpcLoggingInterceptor otel_trace_id= otel_span_id= request_id= business_trace_id= tenant_id= document_id= ingestion_job_id= - grpc.call.start document.DocumentService/BuildDocumentEvidence
2026-06-04 14:45:49.976 [grpc-default-executor-0] INFO  b.i.g.i.GrpcTracingInterceptor otel_trace_id=54630a6fd58f06f3b96909c59b476479 otel_span_id=d473a700a75079fe request_id= business_trace_id= tenant_id= document_id= ingestion_job_id= - trace.start: 54630a6fd58f06f3b96909c59b476479
2026-06-04 14:45:50.141 [grpc-default-executor-0] INFO  b.i.g.i.GrpcLoggingInterceptor$2 otel_trace_id= otel_span_id= request_id= business_trace_id= tenant_id= document_id= ingestion_job_id= - grpc.request.message document.DocumentService/BuildDocumentEvidence
2026-06-04 14:45:50.152 [grpc-default-executor-0] INFO  b.i.g.i.GrpcLoggingInterceptor$2 otel_trace_id= otel_span_id= request_id=req-build-evidence-contradiction-linker-final-check-001 business_trace_id=trace-build-evidence-contradiction-linker-final-check-001 tenant_id=tenant-001 document_id= ingestion_job_id= - grpc.request.complete document.DocumentService/BuildDocumentEvidence
2026-06-04 14:45:50.166 [grpc-default-executor-0] INFO  b.c.c.i.CommandObservabilityInterceptor otel_trace_id=54630a6fd58f06f3b96909c59b476479 otel_span_id=d473a700a75079fe request_id=req-build-evidence-contradiction-linker-final-check-001 business_trace_id=trace-build-evidence-contradiction-linker-final-check-001 tenant_id=tenant-001 document_id= ingestion_job_id= - command.start BuildDocumentEvidenceCommand
2026-06-04 14:45:50.167 [grpc-default-executor-0] INFO  c.s.d.o.EvidenceBuildLogger otel_trace_id=54630a6fd58f06f3b96909c59b476479 otel_span_id=d473a700a75079fe request_id=req-build-evidence-contradiction-linker-final-check-001 business_trace_id=trace-build-evidence-contradiction-linker-final-check-001 tenant_id=tenant-001 document_id= ingestion_job_id= - Document evidence build requested tenantId=tenant-001 userId=user-001 projectId=project-001 teamId=team-001 goal=CONTRADICTION_DETECTION scopedDocumentCount=1 limit=3 allowClaimCache=false requireVerification=true
2026-06-04 14:46:08.748 [grpc-default-executor-0] INFO  c.s.d.o.EvidenceBuildLogger otel_trace_id=54630a6fd58f06f3b96909c59b476479 otel_span_id=d473a700a75079fe request_id=req-build-evidence-contradiction-linker-final-check-001 business_trace_id=trace-build-evidence-contradiction-linker-final-check-001 tenant_id=tenant-001 document_id= ingestion_job_id= - Document evidence build completed tenantId=tenant-001 userId=user-001 graphId=0b8e2354-9f64-4283-a0e2-3a8a70b8e9cc nodeCount=4 edgeCount=3 usedChunkRetrieval=true usedClaimCache=false coverageScore=0.75
2026-06-04 14:46:08.748 [grpc-default-executor-0] INFO  b.c.c.i.CommandObservabilityInterceptor otel_trace_id=54630a6fd58f06f3b96909c59b476479 otel_span_id=d473a700a75079fe request_id=req-build-evidence-contradiction-linker-final-check-001 business_trace_id=trace-build-evidence-contradiction-linker-final-check-001 tenant_id=tenant-001 document_id= ingestion_job_id= - command.complete BuildDocumentEvidenceCommand in 18582 ms
2026-06-04 14:46:08.748 [grpc-default-executor-0] INFO  i.o.e.logging.LoggingSpanExporter otel_trace_id=54630a6fd58f06f3b96909c59b476479 otel_span_id=d473a700a75079fe request_id=req-build-evidence-contradiction-linker-final-check-001 business_trace_id=trace-build-evidence-contradiction-linker-final-check-001 tenant_id=tenant-001 document_id= ingestion_job_id= - 'command.BuildDocumentEvidenceCommand' : 54630a6fd58f06f3b96909c59b476479 f5c50ade5085df37 INTERNAL [tracer: sparrowx-document-service:] {}
2026-06-04 14:46:08.799 [grpc-default-executor-0] INFO  b.i.g.i.GrpcLoggingInterceptor$1 otel_trace_id=54630a6fd58f06f3b96909c59b476479 otel_span_id=d473a700a75079fe request_id=req-build-evidence-contradiction-linker-final-check-001 business_trace_id=trace-build-evidence-contradiction-linker-final-check-001 tenant_id=tenant-001 document_id= ingestion_job_id= - grpc.response.send document.DocumentService/BuildDocumentEvidence
2026-06-04 14:46:08.810 [grpc-default-executor-0] INFO  i.o.e.logging.LoggingSpanExporter otel_trace_id=54630a6fd58f06f3b96909c59b476479 otel_span_id=d473a700a75079fe request_id=req-build-evidence-contradiction-linker-final-check-001 business_trace_id=trace-build-evidence-contradiction-linker-final-check-001 tenant_id=tenant-001 document_id= ingestion_job_id= - 'document.DocumentService/BuildDocumentEvidence' : 54630a6fd58f06f3b96909c59b476479 d473a700a75079fe SERVER [tracer: sparrowx-document-service:] AttributesMap{data={rpc.method=document.DocumentService/BuildDocumentEvidence, rpc.grpc.status_code=OK, rpc.system=grpc}, capacity=128, totalAddedValues=3}
2026-06-04 14:46:08.814 [grpc-default-executor-0] INFO  b.i.g.i.GrpcLoggingInterceptor$1 otel_trace_id=54630a6fd58f06f3b96909c59b476479 otel_span_id=d473a700a75079fe request_id=req-build-evidence-contradiction-linker-final-check-001 business_trace_id=trace-build-evidence-contradiction-linker-final-check-001 tenant_id=tenant-001 document_id= ingestion_job_id= - grpc.call.close document.DocumentService/BuildDocumentEvidence status=Status{code=OK, description=null, cause=null}
2026-06-04 14:46:08.830 [grpc-default-executor-0] INFO  b.i.g.i.GrpcLoggingInterceptor$2 otel_trace_id= otel_span_id= request_id= business_trace_id= tenant_id= document_id= ingestion_job_id= - grpc.call.complete document.DocumentService/BuildDocumentEvidence
2026-06-04 15:00:44.919 [grpc-default-executor-1] INFO  b.i.g.i.GrpcLoggingInterceptor otel_trace_id= otel_span_id= request_id= business_trace_id= tenant_id= document_id= ingestion_job_id= - grpc.call.start grpc.reflection.v1alpha.ServerReflection/ServerReflectionInfo
2026-06-04 15:00:44.919 [grpc-default-executor-1] INFO  b.i.g.i.GrpcTracingInterceptor otel_trace_id=d3036bffca26a446eddeb113ebd5a228 otel_span_id=6bc104690f23e225 request_id= business_trace_id= tenant_id= document_id= ingestion_job_id= - trace.start: d3036bffca26a446eddeb113ebd5a228
2026-06-04 15:00:44.946 [grpc-default-executor-1] INFO  b.i.g.i.GrpcLoggingInterceptor$2 otel_trace_id= otel_span_id= request_id= business_trace_id= tenant_id= document_id= ingestion_job_id= - grpc.request.message grpc.reflection.v1alpha.ServerReflection/ServerReflectionInfo
2026-06-04 15:00:44.964 [grpc-default-executor-1] INFO  b.i.g.i.GrpcLoggingInterceptor$1 otel_trace_id=d3036bffca26a446eddeb113ebd5a228 otel_span_id=6bc104690f23e225 request_id= business_trace_id= tenant_id= document_id= ingestion_job_id= - grpc.response.send grpc.reflection.v1alpha.ServerReflection/ServerReflectionInfo
2026-06-04 15:00:44.967 [grpc-default-executor-1] INFO  b.i.g.i.GrpcLoggingInterceptor$2 otel_trace_id= otel_span_id= request_id= business_trace_id= tenant_id= document_id= ingestion_job_id= - grpc.request.complete grpc.reflection.v1alpha.ServerReflection/ServerReflectionInfo
2026-06-04 15:00:44.968 [grpc-default-executor-1] INFO  i.o.e.logging.LoggingSpanExporter otel_trace_id=d3036bffca26a446eddeb113ebd5a228 otel_span_id=6bc104690f23e225 request_id= business_trace_id= tenant_id= document_id= ingestion_job_id= - 'grpc.reflection.v1alpha.ServerReflection/ServerReflectionInfo' : d3036bffca26a446eddeb113ebd5a228 6bc104690f23e225 SERVER [tracer: sparrowx-document-service:] AttributesMap{data={rpc.method=grpc.reflection.v1alpha.ServerReflection/ServerReflectionInfo, rpc.grpc.status_code=OK, rpc.system=grpc}, capacity=128, totalAddedValues=3}
2026-06-04 15:00:44.969 [grpc-default-executor-1] INFO  b.i.g.i.GrpcLoggingInterceptor$1 otel_trace_id=d3036bffca26a446eddeb113ebd5a228 otel_span_id=6bc104690f23e225 request_id= business_trace_id= tenant_id= document_id= ingestion_job_id= - grpc.call.close grpc.reflection.v1alpha.ServerReflection/ServerReflectionInfo status=Status{code=OK, description=null, cause=null}
2026-06-04 15:00:44.970 [grpc-default-executor-1] INFO  b.i.g.i.GrpcLoggingInterceptor$2 otel_trace_id= otel_span_id= request_id= business_trace_id= tenant_id= document_id= ingestion_job_id= - grpc.call.complete grpc.reflection.v1alpha.ServerReflection/ServerReflectionInfo
2026-06-04 15:00:44.973 [grpc-default-executor-1] INFO  b.i.g.i.GrpcLoggingInterceptor otel_trace_id= otel_span_id= request_id= business_trace_id= tenant_id= document_id= ingestion_job_id= - grpc.call.start grpc.reflection.v1alpha.ServerReflection/ServerReflectionInfo
2026-06-04 15:00:44.973 [grpc-default-executor-2] INFO  b.i.g.i.GrpcLoggingInterceptor otel_trace_id= otel_span_id= request_id= business_trace_id= tenant_id= document_id= ingestion_job_id= - grpc.call.start grpc.reflection.v1alpha.ServerReflection/ServerReflectionInfo
2026-06-04 15:00:44.973 [grpc-default-executor-1] INFO  b.i.g.i.GrpcTracingInterceptor otel_trace_id=9e25baba6e9dc9aca5dda0976e940b1c otel_span_id=d454fb257d041ded request_id= business_trace_id= tenant_id= document_id= ingestion_job_id= - trace.start: 9e25baba6e9dc9aca5dda0976e940b1c
2026-06-04 15:00:44.973 [grpc-default-executor-2] INFO  b.i.g.i.GrpcTracingInterceptor otel_trace_id=a4fcc78f1dca86ca1475cbe1624cb07a otel_span_id=83e2cc21ae6f9a98 request_id= business_trace_id= tenant_id= document_id= ingestion_job_id= - trace.start: a4fcc78f1dca86ca1475cbe1624cb07a
2026-06-04 15:00:44.974 [grpc-default-executor-1] INFO  b.i.g.i.GrpcLoggingInterceptor$2 otel_trace_id= otel_span_id= request_id= business_trace_id= tenant_id= document_id= ingestion_job_id= - grpc.request.message grpc.reflection.v1alpha.ServerReflection/ServerReflectionInfo
2026-06-04 15:00:44.974 [grpc-default-executor-2] INFO  b.i.g.i.GrpcLoggingInterceptor$2 otel_trace_id= otel_span_id= request_id= business_trace_id= tenant_id= document_id= ingestion_job_id= - grpc.request.message grpc.reflection.v1alpha.ServerReflection/ServerReflectionInfo
2026-06-04 15:00:44.977 [grpc-default-executor-2] INFO  b.i.g.i.GrpcLoggingInterceptor$1 otel_trace_id=a4fcc78f1dca86ca1475cbe1624cb07a otel_span_id=83e2cc21ae6f9a98 request_id= business_trace_id= tenant_id= document_id= ingestion_job_id= - grpc.response.send grpc.reflection.v1alpha.ServerReflection/ServerReflectionInfo
2026-06-04 15:00:44.978 [grpc-default-executor-1] INFO  b.i.g.i.GrpcLoggingInterceptor$1 otel_trace_id=9e25baba6e9dc9aca5dda0976e940b1c otel_span_id=d454fb257d041ded request_id= business_trace_id= tenant_id= document_id= ingestion_job_id= - grpc.response.send grpc.reflection.v1alpha.ServerReflection/ServerReflectionInfo
2026-06-04 15:00:44.979 [grpc-default-executor-2] INFO  b.i.g.i.GrpcLoggingInterceptor$2 otel_trace_id= otel_span_id= request_id= business_trace_id= tenant_id= document_id= ingestion_job_id= - grpc.request.complete grpc.reflection.v1alpha.ServerReflection/ServerReflectionInfo
2026-06-04 15:00:44.979 [grpc-default-executor-1] INFO  b.i.g.i.GrpcLoggingInterceptor$2 otel_trace_id= otel_span_id= request_id= business_trace_id= tenant_id= document_id= ingestion_job_id= - grpc.request.complete grpc.reflection.v1alpha.ServerReflection/ServerReflectionInfo
2026-06-04 15:00:44.979 [grpc-default-executor-2] INFO  i.o.e.logging.LoggingSpanExporter otel_trace_id=a4fcc78f1dca86ca1475cbe1624cb07a otel_span_id=83e2cc21ae6f9a98 request_id= business_trace_id= tenant_id= document_id= ingestion_job_id= - 'grpc.reflection.v1alpha.ServerReflection/ServerReflectionInfo' : a4fcc78f1dca86ca1475cbe1624cb07a 83e2cc21ae6f9a98 SERVER [tracer: sparrowx-document-service:] AttributesMap{data={rpc.method=grpc.reflection.v1alpha.ServerReflection/ServerReflectionInfo, rpc.grpc.status_code=OK, rpc.system=grpc}, capacity=128, totalAddedValues=3}
2026-06-04 15:00:44.979 [grpc-default-executor-2] INFO  b.i.g.i.GrpcLoggingInterceptor$1 otel_trace_id=a4fcc78f1dca86ca1475cbe1624cb07a otel_span_id=83e2cc21ae6f9a98 request_id= business_trace_id= tenant_id= document_id= ingestion_job_id= - grpc.call.close grpc.reflection.v1alpha.ServerReflection/ServerReflectionInfo status=Status{code=OK, description=null, cause=null}
2026-06-04 15:00:44.979 [grpc-default-executor-1] INFO  i.o.e.logging.LoggingSpanExporter otel_trace_id=9e25baba6e9dc9aca5dda0976e940b1c otel_span_id=d454fb257d041ded request_id= business_trace_id= tenant_id= document_id= ingestion_job_id= - 'grpc.reflection.v1alpha.ServerReflection/ServerReflectionInfo' : 9e25baba6e9dc9aca5dda0976e940b1c d454fb257d041ded SERVER [tracer: sparrowx-document-service:] AttributesMap{data={rpc.method=grpc.reflection.v1alpha.ServerReflection/ServerReflectionInfo, rpc.grpc.status_code=OK, rpc.system=grpc}, capacity=128, totalAddedValues=3}
2026-06-04 15:00:44.979 [grpc-default-executor-1] INFO  b.i.g.i.GrpcLoggingInterceptor$1 otel_trace_id=9e25baba6e9dc9aca5dda0976e940b1c otel_span_id=d454fb257d041ded request_id= business_trace_id= tenant_id= document_id= ingestion_job_id= - grpc.call.close grpc.reflection.v1alpha.ServerReflection/ServerReflectionInfo status=Status{code=OK, description=null, cause=null}
2026-06-04 15:00:44.980 [grpc-default-executor-1] INFO  b.i.g.i.GrpcLoggingInterceptor$2 otel_trace_id= otel_span_id= request_id= business_trace_id= tenant_id= document_id= ingestion_job_id= - grpc.call.complete grpc.reflection.v1alpha.ServerReflection/ServerReflectionInfo
2026-06-04 15:00:44.980 [grpc-default-executor-2] INFO  b.i.g.i.GrpcLoggingInterceptor$2 otel_trace_id= otel_span_id= request_id= business_trace_id= tenant_id= document_id= ingestion_job_id= - grpc.call.complete grpc.reflection.v1alpha.ServerReflection/ServerReflectionInfo
2026-06-04 15:01:15.822 [grpc-default-executor-2] INFO  b.i.g.i.GrpcLoggingInterceptor otel_trace_id= otel_span_id= request_id= business_trace_id= tenant_id= document_id= ingestion_job_id= - grpc.call.start grpc.reflection.v1alpha.ServerReflection/ServerReflectionInfo
2026-06-04 15:01:15.823 [grpc-default-executor-2] INFO  b.i.g.i.GrpcTracingInterceptor otel_trace_id=a4de341102b8dd1d9e3ffea4c08dba07 otel_span_id=85fd92821af722f5 request_id= business_trace_id= tenant_id= document_id= ingestion_job_id= - trace.start: a4de341102b8dd1d9e3ffea4c08dba07
2026-06-04 15:01:15.823 [grpc-default-executor-2] INFO  b.i.g.i.GrpcLoggingInterceptor$2 otel_trace_id= otel_span_id= request_id= business_trace_id= tenant_id= document_id= ingestion_job_id= - grpc.request.message grpc.reflection.v1alpha.ServerReflection/ServerReflectionInfo
2026-06-04 15:01:15.824 [grpc-default-executor-2] INFO  b.i.g.i.GrpcLoggingInterceptor$1 otel_trace_id=a4de341102b8dd1d9e3ffea4c08dba07 otel_span_id=85fd92821af722f5 request_id= business_trace_id= tenant_id= document_id= ingestion_job_id= - grpc.response.send grpc.reflection.v1alpha.ServerReflection/ServerReflectionInfo
2026-06-04 15:01:15.825 [grpc-default-executor-2] INFO  b.i.g.i.GrpcLoggingInterceptor$2 otel_trace_id= otel_span_id= request_id= business_trace_id= tenant_id= document_id= ingestion_job_id= - grpc.request.complete grpc.reflection.v1alpha.ServerReflection/ServerReflectionInfo
2026-06-04 15:01:15.826 [grpc-default-executor-2] INFO  i.o.e.logging.LoggingSpanExporter otel_trace_id=a4de341102b8dd1d9e3ffea4c08dba07 otel_span_id=85fd92821af722f5 request_id= business_trace_id= tenant_id= document_id= ingestion_job_id= - 'grpc.reflection.v1alpha.ServerReflection/ServerReflectionInfo' : a4de341102b8dd1d9e3ffea4c08dba07 85fd92821af722f5 SERVER [tracer: sparrowx-document-service:] AttributesMap{data={rpc.method=grpc.reflection.v1alpha.ServerReflection/ServerReflectionInfo, rpc.grpc.status_code=OK, rpc.system=grpc}, capacity=128, totalAddedValues=3}
2026-06-04 15:01:15.826 [grpc-default-executor-2] INFO  b.i.g.i.GrpcLoggingInterceptor$1 otel_trace_id=a4de341102b8dd1d9e3ffea4c08dba07 otel_span_id=85fd92821af722f5 request_id= business_trace_id= tenant_id= document_id= ingestion_job_id= - grpc.call.close grpc.reflection.v1alpha.ServerReflection/ServerReflectionInfo status=Status{code=OK, description=null, cause=null}
2026-06-04 15:01:15.827 [grpc-default-executor-2] INFO  b.i.g.i.GrpcLoggingInterceptor$2 otel_trace_id= otel_span_id= request_id= business_trace_id= tenant_id= document_id= ingestion_job_id= - grpc.call.complete grpc.reflection.v1alpha.ServerReflection/ServerReflectionInfo
2026-06-04 15:01:15.830 [grpc-default-executor-2] INFO  b.i.g.i.GrpcLoggingInterceptor otel_trace_id= otel_span_id= request_id= business_trace_id= tenant_id= document_id= ingestion_job_id= - grpc.call.start grpc.reflection.v1alpha.ServerReflection/ServerReflectionInfo
2026-06-04 15:01:15.830 [grpc-default-executor-1] INFO  b.i.g.i.GrpcLoggingInterceptor otel_trace_id= otel_span_id= request_id= business_trace_id= tenant_id= document_id= ingestion_job_id= - grpc.call.start grpc.reflection.v1alpha.ServerReflection/ServerReflectionInfo
2026-06-04 15:01:15.830 [grpc-default-executor-2] INFO  b.i.g.i.GrpcTracingInterceptor otel_trace_id=822979d7f281cec0573efdff25a97945 otel_span_id=3fa3b2be1009b86a request_id= business_trace_id= tenant_id= document_id= ingestion_job_id= - trace.start: 822979d7f281cec0573efdff25a97945
2026-06-04 15:01:15.830 [grpc-default-executor-1] INFO  b.i.g.i.GrpcTracingInterceptor otel_trace_id=6e3859f33d42f7cca7eef160e7ec6b25 otel_span_id=d329d6edf75d9f39 request_id= business_trace_id= tenant_id= document_id= ingestion_job_id= - trace.start: 6e3859f33d42f7cca7eef160e7ec6b25
2026-06-04 15:01:15.831 [grpc-default-executor-1] INFO  b.i.g.i.GrpcLoggingInterceptor$2 otel_trace_id= otel_span_id= request_id= business_trace_id= tenant_id= document_id= ingestion_job_id= - grpc.request.message grpc.reflection.v1alpha.ServerReflection/ServerReflectionInfo
2026-06-04 15:01:15.831 [grpc-default-executor-2] INFO  b.i.g.i.GrpcLoggingInterceptor$2 otel_trace_id= otel_span_id= request_id= business_trace_id= tenant_id= document_id= ingestion_job_id= - grpc.request.message grpc.reflection.v1alpha.ServerReflection/ServerReflectionInfo
2026-06-04 15:01:15.831 [grpc-default-executor-2] INFO  b.i.g.i.GrpcLoggingInterceptor$1 otel_trace_id=6e3859f33d42f7cca7eef160e7ec6b25 otel_span_id=d329d6edf75d9f39 request_id= business_trace_id= tenant_id= document_id= ingestion_job_id= - grpc.response.send grpc.reflection.v1alpha.ServerReflection/ServerReflectionInfo
2026-06-04 15:01:15.831 [grpc-default-executor-1] INFO  b.i.g.i.GrpcLoggingInterceptor$1 otel_trace_id=822979d7f281cec0573efdff25a97945 otel_span_id=3fa3b2be1009b86a request_id= business_trace_id= tenant_id= document_id= ingestion_job_id= - grpc.response.send grpc.reflection.v1alpha.ServerReflection/ServerReflectionInfo
2026-06-04 15:01:15.832 [grpc-default-executor-1] INFO  b.i.g.i.GrpcLoggingInterceptor$2 otel_trace_id= otel_span_id= request_id= business_trace_id= tenant_id= document_id= ingestion_job_id= - grpc.request.complete grpc.reflection.v1alpha.ServerReflection/ServerReflectionInfo
2026-06-04 15:01:15.832 [grpc-default-executor-2] INFO  b.i.g.i.GrpcLoggingInterceptor$2 otel_trace_id= otel_span_id= request_id= business_trace_id= tenant_id= document_id= ingestion_job_id= - grpc.request.complete grpc.reflection.v1alpha.ServerReflection/ServerReflectionInfo
2026-06-04 15:01:15.833 [grpc-default-executor-1] INFO  i.o.e.logging.LoggingSpanExporter otel_trace_id=822979d7f281cec0573efdff25a97945 otel_span_id=3fa3b2be1009b86a request_id= business_trace_id= tenant_id= document_id= ingestion_job_id= - 'grpc.reflection.v1alpha.ServerReflection/ServerReflectionInfo' : 822979d7f281cec0573efdff25a97945 3fa3b2be1009b86a SERVER [tracer: sparrowx-document-service:] AttributesMap{data={rpc.method=grpc.reflection.v1alpha.ServerReflection/ServerReflectionInfo, rpc.grpc.status_code=OK, rpc.system=grpc}, capacity=128, totalAddedValues=3}
2026-06-04 15:01:15.834 [grpc-default-executor-2] INFO  i.o.e.logging.LoggingSpanExporter otel_trace_id=6e3859f33d42f7cca7eef160e7ec6b25 otel_span_id=d329d6edf75d9f39 request_id= business_trace_id= tenant_id= document_id= ingestion_job_id= - 'grpc.reflection.v1alpha.ServerReflection/ServerReflectionInfo' : 6e3859f33d42f7cca7eef160e7ec6b25 d329d6edf75d9f39 SERVER [tracer: sparrowx-document-service:] AttributesMap{data={rpc.method=grpc.reflection.v1alpha.ServerReflection/ServerReflectionInfo, rpc.grpc.status_code=OK, rpc.system=grpc}, capacity=128, totalAddedValues=3}
2026-06-04 15:01:15.834 [grpc-default-executor-1] INFO  b.i.g.i.GrpcLoggingInterceptor$1 otel_trace_id=822979d7f281cec0573efdff25a97945 otel_span_id=3fa3b2be1009b86a request_id= business_trace_id= tenant_id= document_id= ingestion_job_id= - grpc.call.close grpc.reflection.v1alpha.ServerReflection/ServerReflectionInfo status=Status{code=OK, description=null, cause=null}
2026-06-04 15:01:15.834 [grpc-default-executor-2] INFO  b.i.g.i.GrpcLoggingInterceptor$1 otel_trace_id=6e3859f33d42f7cca7eef160e7ec6b25 otel_span_id=d329d6edf75d9f39 request_id= business_trace_id= tenant_id= document_id= ingestion_job_id= - grpc.call.close grpc.reflection.v1alpha.ServerReflection/ServerReflectionInfo status=Status{code=OK, description=null, cause=null}
2026-06-04 15:01:15.834 [grpc-default-executor-2] INFO  b.i.g.i.GrpcLoggingInterceptor$2 otel_trace_id= otel_span_id= request_id= business_trace_id= tenant_id= document_id= ingestion_job_id= - grpc.call.complete grpc.reflection.v1alpha.ServerReflection/ServerReflectionInfo
2026-06-04 15:01:15.835 [grpc-default-executor-2] INFO  b.i.g.i.GrpcLoggingInterceptor$2 otel_trace_id= otel_span_id= request_id= business_trace_id= tenant_id= document_id= ingestion_job_id= - grpc.call.complete grpc.reflection.v1alpha.ServerReflection/ServerReflectionInfo
2026-06-04 15:01:17.754 [grpc-default-executor-2] INFO  b.i.g.i.GrpcLoggingInterceptor otel_trace_id= otel_span_id= request_id= business_trace_id= tenant_id= document_id= ingestion_job_id= - grpc.call.start grpc.reflection.v1alpha.ServerReflection/ServerReflectionInfo
2026-06-04 15:01:17.756 [grpc-default-executor-2] INFO  b.i.g.i.GrpcTracingInterceptor otel_trace_id=8f6a693d63d5c091374a8e0e43db9771 otel_span_id=fe8a36ddae3c7132 request_id= business_trace_id= tenant_id= document_id= ingestion_job_id= - trace.start: 8f6a693d63d5c091374a8e0e43db9771
2026-06-04 15:01:17.758 [grpc-default-executor-1] INFO  b.i.g.i.GrpcLoggingInterceptor$2 otel_trace_id= otel_span_id= request_id= business_trace_id= tenant_id= document_id= ingestion_job_id= - grpc.request.message grpc.reflection.v1alpha.ServerReflection/ServerReflectionInfo
2026-06-04 15:01:17.760 [grpc-default-executor-1] INFO  b.i.g.i.GrpcLoggingInterceptor$1 otel_trace_id=8f6a693d63d5c091374a8e0e43db9771 otel_span_id=fe8a36ddae3c7132 request_id= business_trace_id= tenant_id= document_id= ingestion_job_id= - grpc.response.send grpc.reflection.v1alpha.ServerReflection/ServerReflectionInfo
2026-06-04 15:01:17.760 [grpc-default-executor-1] INFO  b.i.g.i.GrpcLoggingInterceptor$2 otel_trace_id= otel_span_id= request_id= business_trace_id= tenant_id= document_id= ingestion_job_id= - grpc.request.complete grpc.reflection.v1alpha.ServerReflection/ServerReflectionInfo
2026-06-04 15:01:17.760 [grpc-default-executor-1] INFO  i.o.e.logging.LoggingSpanExporter otel_trace_id=8f6a693d63d5c091374a8e0e43db9771 otel_span_id=fe8a36ddae3c7132 request_id= business_trace_id= tenant_id= document_id= ingestion_job_id= - 'grpc.reflection.v1alpha.ServerReflection/ServerReflectionInfo' : 8f6a693d63d5c091374a8e0e43db9771 fe8a36ddae3c7132 SERVER [tracer: sparrowx-document-service:] AttributesMap{data={rpc.method=grpc.reflection.v1alpha.ServerReflection/ServerReflectionInfo, rpc.grpc.status_code=OK, rpc.system=grpc}, capacity=128, totalAddedValues=3}
2026-06-04 15:01:17.760 [grpc-default-executor-1] INFO  b.i.g.i.GrpcLoggingInterceptor$1 otel_trace_id=8f6a693d63d5c091374a8e0e43db9771 otel_span_id=fe8a36ddae3c7132 request_id= business_trace_id= tenant_id= document_id= ingestion_job_id= - grpc.call.close grpc.reflection.v1alpha.ServerReflection/ServerReflectionInfo status=Status{code=OK, description=null, cause=null}
2026-06-04 15:01:17.760 [grpc-default-executor-1] INFO  b.i.g.i.GrpcLoggingInterceptor$2 otel_trace_id= otel_span_id= request_id= business_trace_id= tenant_id= document_id= ingestion_job_id= - grpc.call.complete grpc.reflection.v1alpha.ServerReflection/ServerReflectionInfo
2026-06-04 15:01:17.763 [grpc-default-executor-1] INFO  b.i.g.i.GrpcLoggingInterceptor otel_trace_id= otel_span_id= request_id= business_trace_id= tenant_id= document_id= ingestion_job_id= - grpc.call.start grpc.reflection.v1alpha.ServerReflection/ServerReflectionInfo
2026-06-04 15:01:17.764 [grpc-default-executor-2] INFO  b.i.g.i.GrpcLoggingInterceptor otel_trace_id= otel_span_id= request_id= business_trace_id= tenant_id= document_id= ingestion_job_id= - grpc.call.start grpc.reflection.v1alpha.ServerReflection/ServerReflectionInfo
2026-06-04 15:01:17.764 [grpc-default-executor-1] INFO  b.i.g.i.GrpcTracingInterceptor otel_trace_id=9b579451694238cf49d19fb6019ea7e7 otel_span_id=866f5af32971c690 request_id= business_trace_id= tenant_id= document_id= ingestion_job_id= - trace.start: 9b579451694238cf49d19fb6019ea7e7
2026-06-04 15:01:17.764 [grpc-default-executor-2] INFO  b.i.g.i.GrpcTracingInterceptor otel_trace_id=016750cd798cc5184660433c43d71d1c otel_span_id=a5b33abce08985b4 request_id= business_trace_id= tenant_id= document_id= ingestion_job_id= - trace.start: 016750cd798cc5184660433c43d71d1c
2026-06-04 15:01:17.764 [grpc-default-executor-1] INFO  b.i.g.i.GrpcLoggingInterceptor$2 otel_trace_id= otel_span_id= request_id= business_trace_id= tenant_id= document_id= ingestion_job_id= - grpc.request.message grpc.reflection.v1alpha.ServerReflection/ServerReflectionInfo
2026-06-04 15:01:17.764 [grpc-default-executor-2] INFO  b.i.g.i.GrpcLoggingInterceptor$2 otel_trace_id= otel_span_id= request_id= business_trace_id= tenant_id= document_id= ingestion_job_id= - grpc.request.message grpc.reflection.v1alpha.ServerReflection/ServerReflectionInfo
2026-06-04 15:01:17.764 [grpc-default-executor-2] INFO  b.i.g.i.GrpcLoggingInterceptor$1 otel_trace_id=016750cd798cc5184660433c43d71d1c otel_span_id=a5b33abce08985b4 request_id= business_trace_id= tenant_id= document_id= ingestion_job_id= - grpc.response.send grpc.reflection.v1alpha.ServerReflection/ServerReflectionInfo
2026-06-04 15:01:17.764 [grpc-default-executor-1] INFO  b.i.g.i.GrpcLoggingInterceptor$1 otel_trace_id=9b579451694238cf49d19fb6019ea7e7 otel_span_id=866f5af32971c690 request_id= business_trace_id= tenant_id= document_id= ingestion_job_id= - grpc.response.send grpc.reflection.v1alpha.ServerReflection/ServerReflectionInfo
2026-06-04 15:01:17.764 [grpc-default-executor-1] INFO  b.i.g.i.GrpcLoggingInterceptor$2 otel_trace_id= otel_span_id= request_id= business_trace_id= tenant_id= document_id= ingestion_job_id= - grpc.request.complete grpc.reflection.v1alpha.ServerReflection/ServerReflectionInfo
2026-06-04 15:01:17.764 [grpc-default-executor-1] INFO  i.o.e.logging.LoggingSpanExporter otel_trace_id=9b579451694238cf49d19fb6019ea7e7 otel_span_id=866f5af32971c690 request_id= business_trace_id= tenant_id= document_id= ingestion_job_id= - 'grpc.reflection.v1alpha.ServerReflection/ServerReflectionInfo' : 9b579451694238cf49d19fb6019ea7e7 866f5af32971c690 SERVER [tracer: sparrowx-document-service:] AttributesMap{data={rpc.method=grpc.reflection.v1alpha.ServerReflection/ServerReflectionInfo, rpc.grpc.status_code=OK, rpc.system=grpc}, capacity=128, totalAddedValues=3}
2026-06-04 15:01:17.764 [grpc-default-executor-1] INFO  b.i.g.i.GrpcLoggingInterceptor$1 otel_trace_id=9b579451694238cf49d19fb6019ea7e7 otel_span_id=866f5af32971c690 request_id= business_trace_id= tenant_id= document_id= ingestion_job_id= - grpc.call.close grpc.reflection.v1alpha.ServerReflection/ServerReflectionInfo status=Status{code=OK, description=null, cause=null}
2026-06-04 15:01:17.764 [grpc-default-executor-1] INFO  b.i.g.i.GrpcLoggingInterceptor$2 otel_trace_id= otel_span_id= request_id= business_trace_id= tenant_id= document_id= ingestion_job_id= - grpc.call.complete grpc.reflection.v1alpha.ServerReflection/ServerReflectionInfo
2026-06-04 15:01:17.766 [grpc-default-executor-2] INFO  b.i.g.i.GrpcLoggingInterceptor$2 otel_trace_id= otel_span_id= request_id= business_trace_id= tenant_id= document_id= ingestion_job_id= - grpc.request.complete grpc.reflection.v1alpha.ServerReflection/ServerReflectionInfo
2026-06-04 15:01:17.767 [grpc-default-executor-2] INFO  i.o.e.logging.LoggingSpanExporter otel_trace_id=016750cd798cc5184660433c43d71d1c otel_span_id=a5b33abce08985b4 request_id= business_trace_id= tenant_id= document_id= ingestion_job_id= - 'grpc.reflection.v1alpha.ServerReflection/ServerReflectionInfo' : 016750cd798cc5184660433c43d71d1c a5b33abce08985b4 SERVER [tracer: sparrowx-document-service:] AttributesMap{data={rpc.method=grpc.reflection.v1alpha.ServerReflection/ServerReflectionInfo, rpc.grpc.status_code=OK, rpc.system=grpc}, capacity=128, totalAddedValues=3}
2026-06-04 15:01:17.768 [grpc-default-executor-2] INFO  b.i.g.i.GrpcLoggingInterceptor$1 otel_trace_id=016750cd798cc5184660433c43d71d1c otel_span_id=a5b33abce08985b4 request_id= business_trace_id= tenant_id= document_id= ingestion_job_id= - grpc.call.close grpc.reflection.v1alpha.ServerReflection/ServerReflectionInfo status=Status{code=OK, description=null, cause=null}
2026-06-04 15:01:17.768 [grpc-default-executor-2] INFO  b.i.g.i.GrpcLoggingInterceptor$2 otel_trace_id= otel_span_id= request_id= business_trace_id= tenant_id= document_id= ingestion_job_id= - grpc.call.complete grpc.reflection.v1alpha.ServerReflection/ServerReflectionInfo
