2026-05-30 08:48:43.488 [main] INFO  c.s.document.DocumentApplication otel_trace_id= otel_span_id= request_id= business_trace_id= tenant_id= document_id= ingestion_job_id= - Starting DocumentApplication using Java 25.0.2 with PID 22336 (D:\Projects\Sparrow-x\document-service\target\classes started by aggre in D:\Projects\Sparrow-x\document-service)
2026-05-30 08:48:43.491 [main] INFO  c.s.document.DocumentApplication otel_trace_id= otel_span_id= request_id= business_trace_id= tenant_id= document_id= ingestion_job_id= - The following 1 profile is active: "dev"
2026-05-30 08:48:44.588 [main] INFO  o.s.d.r.c.RepositoryConfigurationDelegate otel_trace_id= otel_span_id= request_id= business_trace_id= tenant_id= document_id= ingestion_job_id= - Multiple Spring Data modules found, entering strict repository configuration mode
2026-05-30 08:48:44.588 [main] INFO  o.s.d.r.c.RepositoryConfigurationDelegate otel_trace_id= otel_span_id= request_id= business_trace_id= tenant_id= document_id= ingestion_job_id= - Bootstrapping Spring Data JPA repositories in DEFAULT mode.
2026-05-30 08:48:44.762 [main] INFO  o.s.d.r.c.RepositoryConfigurationDelegate otel_trace_id= otel_span_id= request_id= business_trace_id= tenant_id= document_id= ingestion_job_id= - Finished Spring Data repository scanning in 161 ms. Found 5 JPA repository interfaces.
2026-05-30 08:48:45.686 [main] INFO  o.s.d.r.c.RepositoryConfigurationDelegate otel_trace_id= otel_span_id= request_id= business_trace_id= tenant_id= document_id= ingestion_job_id= - Multiple Spring Data modules found, entering strict repository configuration mode
2026-05-30 08:48:45.688 [main] INFO  o.s.d.r.c.RepositoryConfigurationDelegate otel_trace_id= otel_span_id= request_id= business_trace_id= tenant_id= document_id= ingestion_job_id= - Bootstrapping Spring Data Redis repositories in DEFAULT mode.
2026-05-30 08:48:45.759 [main] INFO  o.s.d.r.c.RepositoryConfigurationExtensionSupport otel_trace_id= otel_span_id= request_id= business_trace_id= tenant_id= document_id= ingestion_job_id= - Spring Data Redis - Could not safely identify store assignment for repository candidate interface com.sparrowx.document.data.postgres.repositories.DocumentChunkRepository; If you want this repository to be a Redis repository, consider annotating your entities with one of these annotations: org.springframework.data.redis.core.RedisHash (preferred), or consider extending one of the following types with your repository: org.springframework.data.keyvalue.repository.KeyValueRepository
2026-05-30 08:48:45.759 [main] INFO  o.s.d.r.c.RepositoryConfigurationExtensionSupport otel_trace_id= otel_span_id= request_id= business_trace_id= tenant_id= document_id= ingestion_job_id= - Spring Data Redis - Could not safely identify store assignment for repository candidate interface com.sparrowx.document.data.postgres.repositories.DocumentRepository; If you want this repository to be a Redis repository, consider annotating your entities with one of these annotations: org.springframework.data.redis.core.RedisHash (preferred), or consider extending one of the following types with your repository: org.springframework.data.keyvalue.repository.KeyValueRepository
2026-05-30 08:48:45.759 [main] INFO  o.s.d.r.c.RepositoryConfigurationExtensionSupport otel_trace_id= otel_span_id= request_id= business_trace_id= tenant_id= document_id= ingestion_job_id= - Spring Data Redis - Could not safely identify store assignment for repository candidate interface com.sparrowx.document.data.postgres.repositories.IngestionJobRepository; If you want this repository to be a Redis repository, consider annotating your entities with one of these annotations: org.springframework.data.redis.core.RedisHash (preferred), or consider extending one of the following types with your repository: org.springframework.data.keyvalue.repository.KeyValueRepository
2026-05-30 08:48:45.759 [main] INFO  o.s.d.r.c.RepositoryConfigurationDelegate otel_trace_id= otel_span_id= request_id= business_trace_id= tenant_id= document_id= ingestion_job_id= - Finished Spring Data repository scanning in 53 ms. Found 0 Redis repository interfaces.
2026-05-30 08:48:48.215 [main] INFO  o.s.boot.tomcat.TomcatWebServer otel_trace_id= otel_span_id= request_id= business_trace_id= tenant_id= document_id= ingestion_job_id= - Tomcat initialized with port 8081 (http)
2026-05-30 08:48:48.236 [main] INFO  o.a.catalina.core.StandardService otel_trace_id= otel_span_id= request_id= business_trace_id= tenant_id= document_id= ingestion_job_id= - Starting service [Tomcat]
2026-05-30 08:48:48.239 [main] INFO  o.a.catalina.core.StandardEngine otel_trace_id= otel_span_id= request_id= business_trace_id= tenant_id= document_id= ingestion_job_id= - Starting Servlet engine: [Apache Tomcat/11.0.21]
2026-05-30 08:48:48.439 [main] INFO  o.s.b.w.c.s.WebApplicationContextInitializer otel_trace_id= otel_span_id= request_id= business_trace_id= tenant_id= document_id= ingestion_job_id= - Root WebApplicationContext: initialization completed in 4889 ms
2026-05-30 08:48:48.889 [main] INFO  org.hibernate.orm.jpa otel_trace_id= otel_span_id= request_id= business_trace_id= tenant_id= document_id= ingestion_job_id= - HHH008540: Processing PersistenceUnitInfo [name: default]
2026-05-30 08:48:49.030 [main] INFO  org.hibernate.orm.core otel_trace_id= otel_span_id= request_id= business_trace_id= tenant_id= document_id= ingestion_job_id= - HHH000001: Hibernate ORM core version 7.2.12.Final
2026-05-30 08:48:49.797 [main] INFO  o.s.o.j.p.SpringPersistenceUnitInfo otel_trace_id= otel_span_id= request_id= business_trace_id= tenant_id= document_id= ingestion_job_id= - No LoadTimeWeaver setup: ignoring JPA class transformer
2026-05-30 08:48:49.855 [main] INFO  com.zaxxer.hikari.HikariDataSource otel_trace_id= otel_span_id= request_id= business_trace_id= tenant_id= document_id= ingestion_job_id= - HikariPool-1 - Starting...
2026-05-30 08:48:50.106 [main] INFO  com.zaxxer.hikari.pool.HikariPool otel_trace_id= otel_span_id= request_id= business_trace_id= tenant_id= document_id= ingestion_job_id= - HikariPool-1 - Added connection org.postgresql.jdbc.PgConnection@f61f06e
2026-05-30 08:48:50.106 [main] INFO  com.zaxxer.hikari.HikariDataSource otel_trace_id= otel_span_id= request_id= business_trace_id= tenant_id= document_id= ingestion_job_id= - HikariPool-1 - Start completed.
2026-05-30 08:48:50.211 [main] INFO  o.hibernate.orm.connections.pooling otel_trace_id= otel_span_id= request_id= business_trace_id= tenant_id= document_id= ingestion_job_id= - HHH10001005: Database info:
	Database JDBC URL [jdbc:postgresql://localhost:5432/postgres]
	Database driver: PostgreSQL JDBC Driver
	Database dialect: PostgreSQLDialect
	Database version: 16.13
	Default catalog/schema: postgres/public
	Autocommit mode: undefined/unknown
	Isolation level: READ_COMMITTED [default READ_COMMITTED]
	JDBC fetch size: none
	Pool: DataSourceConnectionProvider
	Minimum pool size: undefined/unknown
	Maximum pool size: undefined/unknown
2026-05-30 08:48:51.617 [main] INFO  org.hibernate.orm.core otel_trace_id= otel_span_id= request_id= business_trace_id= tenant_id= document_id= ingestion_job_id= - HHH000489: No JTA platform available (set 'hibernate.transaction.jta.platform' to enable JTA platform integration)
2026-05-30 08:48:51.719 [main] INFO  o.s.o.j.LocalContainerEntityManagerFactoryBean otel_trace_id= otel_span_id= request_id= business_trace_id= tenant_id= document_id= ingestion_job_id= - Initialized JPA EntityManagerFactory for persistence unit 'default'
2026-05-30 08:48:52.373 [main] WARN  o.s.b.w.s.s.c.AnnotationConfigServletWebServerApplicationContext otel_trace_id= otel_span_id= request_id= business_trace_id= tenant_id= document_id= ingestion_job_id= - Exception encountered during context initialization - cancelling refresh attempt: org.springframework.beans.factory.UnsatisfiedDependencyException: Error creating bean with name 'qdrantDocumentVectorRepository' defined in file [D:\Projects\Sparrow-x\document-service\target\classes\com\sparrowx\document\data\qdrant\QdrantDocumentVectorRepository.class]: Unsatisfied dependency expressed through constructor parameter 2: Error creating bean with name 'geminiEmbeddingService' defined in file [D:\Projects\Sparrow-x\document-service\target\classes\com\sparrowx\document\ingestion\indexing\GeminiEmbeddingService.class]: Failed to instantiate [com.sparrowx.document.ingestion.indexing.GeminiEmbeddingService]: Constructor threw exception
2026-05-30 08:48:52.376 [main] INFO  o.s.o.j.LocalContainerEntityManagerFactoryBean otel_trace_id= otel_span_id= request_id= business_trace_id= tenant_id= document_id= ingestion_job_id= - Closing JPA EntityManagerFactory for persistence unit 'default'
2026-05-30 08:48:52.378 [main] INFO  com.zaxxer.hikari.HikariDataSource otel_trace_id= otel_span_id= request_id= business_trace_id= tenant_id= document_id= ingestion_job_id= - HikariPool-1 - Shutdown initiated...
2026-05-30 08:48:52.382 [main] INFO  com.zaxxer.hikari.HikariDataSource otel_trace_id= otel_span_id= request_id= business_trace_id= tenant_id= document_id= ingestion_job_id= - HikariPool-1 - Shutdown completed.
2026-05-30 08:48:52.387 [main] INFO  o.a.catalina.core.StandardService otel_trace_id= otel_span_id= request_id= business_trace_id= tenant_id= document_id= ingestion_job_id= - Stopping service [Tomcat]
2026-05-30 08:48:52.402 [main] INFO  o.s.b.a.l.ConditionEvaluationReportLogger otel_trace_id= otel_span_id= request_id= business_trace_id= tenant_id= document_id= ingestion_job_id= - 

Error starting ApplicationContext. To display the condition evaluation report re-run your application with 'debug' enabled.
2026-05-30 08:48:52.429 [main] ERROR o.s.boot.SpringApplication otel_trace_id= otel_span_id= request_id= business_trace_id= tenant_id= document_id= ingestion_job_id= - Application run failed
org.springframework.beans.factory.UnsatisfiedDependencyException: Error creating bean with name 'qdrantDocumentVectorRepository' defined in file [D:\Projects\Sparrow-x\document-service\target\classes\com\sparrowx\document\data\qdrant\QdrantDocumentVectorRepository.class]: Unsatisfied dependency expressed through constructor parameter 2: Error creating bean with name 'geminiEmbeddingService' defined in file [D:\Projects\Sparrow-x\document-service\target\classes\com\sparrowx\document\ingestion\indexing\GeminiEmbeddingService.class]: Failed to instantiate [com.sparrowx.document.ingestion.indexing.GeminiEmbeddingService]: Constructor threw exception
	at org.springframework.beans.factory.support.ConstructorResolver.createArgumentArray(ConstructorResolver.java:804)
	at org.springframework.beans.factory.support.ConstructorResolver.autowireConstructor(ConstructorResolver.java:240)
	at org.springframework.beans.factory.support.AbstractAutowireCapableBeanFactory.autowireConstructor(AbstractAutowireCapableBeanFactory.java:1382)
	at org.springframework.beans.factory.support.AbstractAutowireCapableBeanFactory.createBeanInstance(AbstractAutowireCapableBeanFactory.java:1221)
	at org.springframework.beans.factory.support.AbstractAutowireCapableBeanFactory.doCreateBean(AbstractAutowireCapableBeanFactory.java:565)
	at org.springframework.beans.factory.support.AbstractAutowireCapableBeanFactory.createBean(AbstractAutowireCapableBeanFactory.java:525)
	at org.springframework.beans.factory.support.AbstractBeanFactory.lambda$doGetBean$0(AbstractBeanFactory.java:333)
	at org.springframework.beans.factory.support.DefaultSingletonBeanRegistry.getSingleton(DefaultSingletonBeanRegistry.java:371)
	at org.springframework.beans.factory.support.AbstractBeanFactory.doGetBean(AbstractBeanFactory.java:331)
	at org.springframework.beans.factory.support.AbstractBeanFactory.getBean(AbstractBeanFactory.java:196)
	at org.springframework.beans.factory.support.DefaultListableBeanFactory.instantiateSingleton(DefaultListableBeanFactory.java:1218)
	at org.springframework.beans.factory.support.DefaultListableBeanFactory.preInstantiateSingleton(DefaultListableBeanFactory.java:1184)
	at org.springframework.beans.factory.support.DefaultListableBeanFactory.preInstantiateSingletons(DefaultListableBeanFactory.java:1121)
	at org.springframework.context.support.AbstractApplicationContext.finishBeanFactoryInitialization(AbstractApplicationContext.java:994)
	at org.springframework.context.support.AbstractApplicationContext.refresh(AbstractApplicationContext.java:621)
	at org.springframework.boot.web.server.servlet.context.ServletWebServerApplicationContext.refresh(ServletWebServerApplicationContext.java:143)
	at org.springframework.boot.SpringApplication.refresh(SpringApplication.java:756)
	at org.springframework.boot.SpringApplication.refreshContext(SpringApplication.java:445)
	at org.springframework.boot.SpringApplication.run(SpringApplication.java:321)
	at org.springframework.boot.SpringApplication.run(SpringApplication.java:1365)
	at org.springframework.boot.SpringApplication.run(SpringApplication.java:1354)
	at com.sparrowx.document.DocumentApplication.main(DocumentApplication.java:16)
Caused by: org.springframework.beans.factory.BeanCreationException: Error creating bean with name 'geminiEmbeddingService' defined in file [D:\Projects\Sparrow-x\document-service\target\classes\com\sparrowx\document\ingestion\indexing\GeminiEmbeddingService.class]: Failed to instantiate [com.sparrowx.document.ingestion.indexing.GeminiEmbeddingService]: Constructor threw exception
	at org.springframework.beans.factory.support.ConstructorResolver.instantiate(ConstructorResolver.java:321)
	at org.springframework.beans.factory.support.ConstructorResolver.autowireConstructor(ConstructorResolver.java:309)
	at org.springframework.beans.factory.support.AbstractAutowireCapableBeanFactory.autowireConstructor(AbstractAutowireCapableBeanFactory.java:1382)
	at org.springframework.beans.factory.support.AbstractAutowireCapableBeanFactory.createBeanInstance(AbstractAutowireCapableBeanFactory.java:1221)
	at org.springframework.beans.factory.support.AbstractAutowireCapableBeanFactory.doCreateBean(AbstractAutowireCapableBeanFactory.java:565)
	at org.springframework.beans.factory.support.AbstractAutowireCapableBeanFactory.createBean(AbstractAutowireCapableBeanFactory.java:525)
	at org.springframework.beans.factory.support.AbstractBeanFactory.lambda$doGetBean$0(AbstractBeanFactory.java:333)
	at org.springframework.beans.factory.support.DefaultSingletonBeanRegistry.getSingleton(DefaultSingletonBeanRegistry.java:371)
	at org.springframework.beans.factory.support.AbstractBeanFactory.doGetBean(AbstractBeanFactory.java:331)
	at org.springframework.beans.factory.support.AbstractBeanFactory.getBean(AbstractBeanFactory.java:201)
	at org.springframework.beans.factory.config.DependencyDescriptor.resolveCandidate(DependencyDescriptor.java:229)
	at org.springframework.beans.factory.support.DefaultListableBeanFactory.doResolveDependency(DefaultListableBeanFactory.java:1762)
	at org.springframework.beans.factory.support.DefaultListableBeanFactory.resolveDependency(DefaultListableBeanFactory.java:1651)
	at org.springframework.beans.factory.support.ConstructorResolver.resolveAutowiredArgument(ConstructorResolver.java:912)
	at org.springframework.beans.factory.support.ConstructorResolver.createArgumentArray(ConstructorResolver.java:791)
	... 21 common frames omitted
Caused by: org.springframework.beans.BeanInstantiationException: Failed to instantiate [com.sparrowx.document.ingestion.indexing.GeminiEmbeddingService]: Constructor threw exception
	at org.springframework.beans.BeanUtils.instantiateClass(BeanUtils.java:220)
	at org.springframework.beans.factory.support.SimpleInstantiationStrategy.instantiate(SimpleInstantiationStrategy.java:129)
	at org.springframework.beans.factory.support.ConstructorResolver.instantiate(ConstructorResolver.java:318)
	... 35 common frames omitted
Caused by: java.lang.IllegalStateException: GEMINI_API_KEY was not resolved. Check IntelliJ/Maven run configuration environment variables.
	at com.sparrowx.document.ingestion.indexing.GeminiEmbeddingService.<init>(GeminiEmbeddingService.java:32)
	at java.base/jdk.internal.reflect.DirectConstructorHandleAccessor.newInstance(DirectConstructorHandleAccessor.java:62)
	at java.base/java.lang.reflect.Constructor.newInstanceWithCaller(Constructor.java:499)
	at java.base/java.lang.reflect.Constructor.newInstance(Constructor.java:483)
	at org.springframework.beans.BeanUtils.instantiateClass(BeanUtils.java:207)
	... 37 common frames omitted
2026-05-30 08:49:35.885 [main] INFO  c.s.document.DocumentApplication otel_trace_id= otel_span_id= request_id= business_trace_id= tenant_id= document_id= ingestion_job_id= - Starting DocumentApplication using Java 25.0.2 with PID 12100 (D:\Projects\Sparrow-x\document-service\target\classes started by aggre in D:\Projects\Sparrow-x\document-service)
2026-05-30 08:49:35.886 [main] INFO  c.s.document.DocumentApplication otel_trace_id= otel_span_id= request_id= business_trace_id= tenant_id= document_id= ingestion_job_id= - The following 1 profile is active: "dev"
2026-05-30 08:49:36.558 [main] INFO  o.s.d.r.c.RepositoryConfigurationDelegate otel_trace_id= otel_span_id= request_id= business_trace_id= tenant_id= document_id= ingestion_job_id= - Multiple Spring Data modules found, entering strict repository configuration mode
2026-05-30 08:49:36.559 [main] INFO  o.s.d.r.c.RepositoryConfigurationDelegate otel_trace_id= otel_span_id= request_id= business_trace_id= tenant_id= document_id= ingestion_job_id= - Bootstrapping Spring Data JPA repositories in DEFAULT mode.
2026-05-30 08:49:36.649 [main] INFO  o.s.d.r.c.RepositoryConfigurationDelegate otel_trace_id= otel_span_id= request_id= business_trace_id= tenant_id= document_id= ingestion_job_id= - Finished Spring Data repository scanning in 83 ms. Found 5 JPA repository interfaces.
2026-05-30 08:49:37.527 [main] INFO  o.s.d.r.c.RepositoryConfigurationDelegate otel_trace_id= otel_span_id= request_id= business_trace_id= tenant_id= document_id= ingestion_job_id= - Multiple Spring Data modules found, entering strict repository configuration mode
2026-05-30 08:49:37.529 [main] INFO  o.s.d.r.c.RepositoryConfigurationDelegate otel_trace_id= otel_span_id= request_id= business_trace_id= tenant_id= document_id= ingestion_job_id= - Bootstrapping Spring Data Redis repositories in DEFAULT mode.
2026-05-30 08:49:37.590 [main] INFO  o.s.d.r.c.RepositoryConfigurationExtensionSupport otel_trace_id= otel_span_id= request_id= business_trace_id= tenant_id= document_id= ingestion_job_id= - Spring Data Redis - Could not safely identify store assignment for repository candidate interface com.sparrowx.document.data.postgres.repositories.DocumentChunkRepository; If you want this repository to be a Redis repository, consider annotating your entities with one of these annotations: org.springframework.data.redis.core.RedisHash (preferred), or consider extending one of the following types with your repository: org.springframework.data.keyvalue.repository.KeyValueRepository
2026-05-30 08:49:37.593 [main] INFO  o.s.d.r.c.RepositoryConfigurationExtensionSupport otel_trace_id= otel_span_id= request_id= business_trace_id= tenant_id= document_id= ingestion_job_id= - Spring Data Redis - Could not safely identify store assignment for repository candidate interface com.sparrowx.document.data.postgres.repositories.DocumentRepository; If you want this repository to be a Redis repository, consider annotating your entities with one of these annotations: org.springframework.data.redis.core.RedisHash (preferred), or consider extending one of the following types with your repository: org.springframework.data.keyvalue.repository.KeyValueRepository
2026-05-30 08:49:37.594 [main] INFO  o.s.d.r.c.RepositoryConfigurationExtensionSupport otel_trace_id= otel_span_id= request_id= business_trace_id= tenant_id= document_id= ingestion_job_id= - Spring Data Redis - Could not safely identify store assignment for repository candidate interface com.sparrowx.document.data.postgres.repositories.IngestionJobRepository; If you want this repository to be a Redis repository, consider annotating your entities with one of these annotations: org.springframework.data.redis.core.RedisHash (preferred), or consider extending one of the following types with your repository: org.springframework.data.keyvalue.repository.KeyValueRepository
2026-05-30 08:49:37.594 [main] INFO  o.s.d.r.c.RepositoryConfigurationDelegate otel_trace_id= otel_span_id= request_id= business_trace_id= tenant_id= document_id= ingestion_job_id= - Finished Spring Data repository scanning in 49 ms. Found 0 Redis repository interfaces.
2026-05-30 08:49:39.098 [main] INFO  o.s.boot.tomcat.TomcatWebServer otel_trace_id= otel_span_id= request_id= business_trace_id= tenant_id= document_id= ingestion_job_id= - Tomcat initialized with port 8081 (http)
2026-05-30 08:49:39.117 [main] INFO  o.a.catalina.core.StandardService otel_trace_id= otel_span_id= request_id= business_trace_id= tenant_id= document_id= ingestion_job_id= - Starting service [Tomcat]
2026-05-30 08:49:39.117 [main] INFO  o.a.catalina.core.StandardEngine otel_trace_id= otel_span_id= request_id= business_trace_id= tenant_id= document_id= ingestion_job_id= - Starting Servlet engine: [Apache Tomcat/11.0.21]
2026-05-30 08:49:39.241 [main] INFO  o.s.b.w.c.s.WebApplicationContextInitializer otel_trace_id= otel_span_id= request_id= business_trace_id= tenant_id= document_id= ingestion_job_id= - Root WebApplicationContext: initialization completed in 3324 ms
2026-05-30 08:49:39.586 [main] INFO  org.hibernate.orm.jpa otel_trace_id= otel_span_id= request_id= business_trace_id= tenant_id= document_id= ingestion_job_id= - HHH008540: Processing PersistenceUnitInfo [name: default]
2026-05-30 08:49:39.658 [main] INFO  org.hibernate.orm.core otel_trace_id= otel_span_id= request_id= business_trace_id= tenant_id= document_id= ingestion_job_id= - HHH000001: Hibernate ORM core version 7.2.12.Final
2026-05-30 08:49:40.231 [main] INFO  o.s.o.j.p.SpringPersistenceUnitInfo otel_trace_id= otel_span_id= request_id= business_trace_id= tenant_id= document_id= ingestion_job_id= - No LoadTimeWeaver setup: ignoring JPA class transformer
2026-05-30 08:49:40.277 [main] INFO  com.zaxxer.hikari.HikariDataSource otel_trace_id= otel_span_id= request_id= business_trace_id= tenant_id= document_id= ingestion_job_id= - HikariPool-1 - Starting...
2026-05-30 08:49:40.483 [main] INFO  com.zaxxer.hikari.pool.HikariPool otel_trace_id= otel_span_id= request_id= business_trace_id= tenant_id= document_id= ingestion_job_id= - HikariPool-1 - Added connection org.postgresql.jdbc.PgConnection@45bde54d
2026-05-30 08:49:40.485 [main] INFO  com.zaxxer.hikari.HikariDataSource otel_trace_id= otel_span_id= request_id= business_trace_id= tenant_id= document_id= ingestion_job_id= - HikariPool-1 - Start completed.
2026-05-30 08:49:40.567 [main] INFO  o.hibernate.orm.connections.pooling otel_trace_id= otel_span_id= request_id= business_trace_id= tenant_id= document_id= ingestion_job_id= - HHH10001005: Database info:
	Database JDBC URL [jdbc:postgresql://localhost:5432/postgres]
	Database driver: PostgreSQL JDBC Driver
	Database dialect: PostgreSQLDialect
	Database version: 16.13
	Default catalog/schema: postgres/public
	Autocommit mode: undefined/unknown
	Isolation level: READ_COMMITTED [default READ_COMMITTED]
	JDBC fetch size: none
	Pool: DataSourceConnectionProvider
	Minimum pool size: undefined/unknown
	Maximum pool size: undefined/unknown
2026-05-30 08:49:41.881 [main] INFO  org.hibernate.orm.core otel_trace_id= otel_span_id= request_id= business_trace_id= tenant_id= document_id= ingestion_job_id= - HHH000489: No JTA platform available (set 'hibernate.transaction.jta.platform' to enable JTA platform integration)
2026-05-30 08:49:41.944 [main] INFO  o.s.o.j.LocalContainerEntityManagerFactoryBean otel_trace_id= otel_span_id= request_id= business_trace_id= tenant_id= document_id= ingestion_job_id= - Initialized JPA EntityManagerFactory for persistence unit 'default'
2026-05-30 08:49:42.719 [main] INFO  o.s.d.j.r.q.QueryEnhancerFactories otel_trace_id= otel_span_id= request_id= business_trace_id= tenant_id= document_id= ingestion_job_id= - Hibernate is in classpath; If applicable, HQL parser will be used.
2026-05-30 08:49:44.711 [main] INFO  n.d.b.g.s.a.GrpcServerFactoryAutoConfiguration otel_trace_id= otel_span_id= request_id= business_trace_id= tenant_id= document_id= ingestion_job_id= - Detected grpc-netty-shaded: Creating ShadedNettyGrpcServerFactory
2026-05-30 08:49:45.077 [main] INFO  o.s.b.a.e.web.EndpointLinksResolver otel_trace_id= otel_span_id= request_id= business_trace_id= tenant_id= document_id= ingestion_job_id= - Exposing 3 endpoints beneath base path '/actuator'
2026-05-30 08:49:45.092 [main] WARN  o.s.a.m.a.p.s.SyncMcpSamplingProvider otel_trace_id= otel_span_id= request_id= business_trace_id= tenant_id= document_id= ingestion_job_id= - No sampling methods found
2026-05-30 08:49:45.094 [main] WARN  o.s.a.m.a.p.e.SyncMcpElicitationProvider otel_trace_id= otel_span_id= request_id= business_trace_id= tenant_id= document_id= ingestion_job_id= - No elicitation methods found
2026-05-30 08:49:45.148 [main] INFO  o.s.boot.tomcat.TomcatWebServer otel_trace_id= otel_span_id= request_id= business_trace_id= tenant_id= document_id= ingestion_job_id= - Tomcat started on port 8081 (http) with context path '/'
2026-05-30 08:49:45.230 [main] INFO  n.d.b.g.s.s.AbstractGrpcServerFactory otel_trace_id= otel_span_id= request_id= business_trace_id= tenant_id= document_id= ingestion_job_id= - Registered gRPC service: document.DocumentService, bean: documentServiceGrpcImpl, class: com.sparrowx.document.grpc.DocumentServiceGrpcImpl
2026-05-30 08:49:45.231 [main] INFO  n.d.b.g.s.s.AbstractGrpcServerFactory otel_trace_id= otel_span_id= request_id= business_trace_id= tenant_id= document_id= ingestion_job_id= - Registered gRPC service: grpc.health.v1.Health, bean: grpcHealthService, class: io.grpc.protobuf.services.HealthServiceImpl
2026-05-30 08:49:45.231 [main] INFO  n.d.b.g.s.s.AbstractGrpcServerFactory otel_trace_id= otel_span_id= request_id= business_trace_id= tenant_id= document_id= ingestion_job_id= - Registered gRPC service: grpc.reflection.v1alpha.ServerReflection, bean: protoReflectionService, class: io.grpc.protobuf.services.ProtoReflectionService
2026-05-30 08:49:45.356 [main] INFO  n.d.b.g.s.s.GrpcServerLifecycle otel_trace_id= otel_span_id= request_id= business_trace_id= tenant_id= document_id= ingestion_job_id= - gRPC Server started, listening on address: *, port: 50054
2026-05-30 08:49:45.365 [main] INFO  c.s.document.DocumentApplication otel_trace_id= otel_span_id= request_id= business_trace_id= tenant_id= document_id= ingestion_job_id= - Started DocumentApplication in 9.936 seconds (process running for 10.388)
2026-05-30 08:49:45.511 [main] INFO  c.s.d.d.q.QdrantCollectionInitializer otel_trace_id= otel_span_id= request_id= business_trace_id= tenant_id= document_id= ingestion_job_id= - Qdrant collection already exists: sparrowx_document_chunks
2026-05-30 08:49:45.512 [main] WARN  o.s.c.events.SpringDocAppInitializer otel_trace_id= otel_span_id= request_id= business_trace_id= tenant_id= document_id= ingestion_job_id= - SpringDoc /v3/api-docs endpoint is enabled by default. To disable it in production, set the property 'springdoc.api-docs.enabled=false'
2026-05-30 08:49:45.512 [main] WARN  o.s.c.events.SpringDocAppInitializer otel_trace_id= otel_span_id= request_id= business_trace_id= tenant_id= document_id= ingestion_job_id= - SpringDoc /swagger-ui.html endpoint is enabled by default. To disable it in production, set the property 'springdoc.swagger-ui.enabled=false'
2026-05-30 08:49:45.648 [main] INFO  c.s.d.g.h.DocumentServiceStartupCheck otel_trace_id= otel_span_id= request_id= business_trace_id= tenant_id= document_id= ingestion_job_id= - Document service startup check complete documentCount=27 storageProvider=MinioDocumentStorage
2026-05-30 08:49:45.662 [main] INFO  b.i.grpc.health.GrpcHealthAdapter otel_trace_id= otel_span_id= request_id= business_trace_id= tenant_id= document_id= ingestion_job_id= - Application ready — setting gRPC global health to SERVING
2026-05-30 08:49:51.410 [http-nio-8081-exec-1] INFO  o.a.c.c.C.[Tomcat].[localhost].[/] otel_trace_id= otel_span_id= request_id= business_trace_id= tenant_id= document_id= ingestion_job_id= - Initializing Spring DispatcherServlet 'dispatcherServlet'
2026-05-30 08:49:51.410 [http-nio-8081-exec-1] INFO  o.s.web.servlet.DispatcherServlet otel_trace_id= otel_span_id= request_id= business_trace_id= tenant_id= document_id= ingestion_job_id= - Initializing Servlet 'dispatcherServlet'
2026-05-30 08:49:51.413 [http-nio-8081-exec-1] INFO  o.s.web.servlet.DispatcherServlet otel_trace_id= otel_span_id= request_id= business_trace_id= tenant_id= document_id= ingestion_job_id= - Completed initialization in 2 ms
2026-05-30 08:51:17.106 [grpc-default-executor-0] INFO  b.i.g.i.GrpcLoggingInterceptor otel_trace_id= otel_span_id= request_id= business_trace_id= tenant_id= document_id= ingestion_job_id= - grpc.call.start grpc.reflection.v1alpha.ServerReflection/ServerReflectionInfo
2026-05-30 08:51:17.134 [grpc-default-executor-0] INFO  b.i.g.i.GrpcTracingInterceptor otel_trace_id=ddef60697d8ae8291ce43ffe9cdc50f5 otel_span_id=50392f60a58c3778 request_id= business_trace_id= tenant_id= document_id= ingestion_job_id= - trace.start: ddef60697d8ae8291ce43ffe9cdc50f5
2026-05-30 08:51:17.292 [grpc-default-executor-0] INFO  b.i.g.i.GrpcLoggingInterceptor$2 otel_trace_id= otel_span_id= request_id= business_trace_id= tenant_id= document_id= ingestion_job_id= - grpc.request.message grpc.reflection.v1alpha.ServerReflection/ServerReflectionInfo
2026-05-30 08:51:17.302 [grpc-default-executor-0] INFO  b.i.g.i.GrpcLoggingInterceptor$1 otel_trace_id=ddef60697d8ae8291ce43ffe9cdc50f5 otel_span_id=50392f60a58c3778 request_id= business_trace_id= tenant_id= document_id= ingestion_job_id= - grpc.response.send grpc.reflection.v1alpha.ServerReflection/ServerReflectionInfo
2026-05-30 08:51:17.311 [grpc-default-executor-0] INFO  b.i.g.i.GrpcLoggingInterceptor$2 otel_trace_id= otel_span_id= request_id= business_trace_id= tenant_id= document_id= ingestion_job_id= - grpc.request.complete grpc.reflection.v1alpha.ServerReflection/ServerReflectionInfo
2026-05-30 08:51:17.316 [grpc-default-executor-0] INFO  i.o.e.logging.LoggingSpanExporter otel_trace_id=ddef60697d8ae8291ce43ffe9cdc50f5 otel_span_id=50392f60a58c3778 request_id= business_trace_id= tenant_id= document_id= ingestion_job_id= - 'grpc.reflection.v1alpha.ServerReflection/ServerReflectionInfo' : ddef60697d8ae8291ce43ffe9cdc50f5 50392f60a58c3778 SERVER [tracer: sparrowx-document-service:] AttributesMap{data={rpc.method=grpc.reflection.v1alpha.ServerReflection/ServerReflectionInfo, rpc.system=grpc, rpc.grpc.status_code=OK}, capacity=128, totalAddedValues=3}
2026-05-30 08:51:17.316 [grpc-default-executor-0] INFO  b.i.g.i.GrpcLoggingInterceptor$1 otel_trace_id=ddef60697d8ae8291ce43ffe9cdc50f5 otel_span_id=50392f60a58c3778 request_id= business_trace_id= tenant_id= document_id= ingestion_job_id= - grpc.call.close grpc.reflection.v1alpha.ServerReflection/ServerReflectionInfo status=Status{code=OK, description=null, cause=null}
2026-05-30 08:51:17.322 [grpc-default-executor-0] INFO  b.i.g.i.GrpcLoggingInterceptor$2 otel_trace_id= otel_span_id= request_id= business_trace_id= tenant_id= document_id= ingestion_job_id= - grpc.call.complete grpc.reflection.v1alpha.ServerReflection/ServerReflectionInfo
2026-05-30 08:51:17.324 [grpc-default-executor-0] INFO  b.i.g.i.GrpcLoggingInterceptor otel_trace_id= otel_span_id= request_id= business_trace_id= tenant_id= document_id= ingestion_job_id= - grpc.call.start grpc.reflection.v1alpha.ServerReflection/ServerReflectionInfo
2026-05-30 08:51:17.324 [grpc-default-executor-1] INFO  b.i.g.i.GrpcLoggingInterceptor otel_trace_id= otel_span_id= request_id= business_trace_id= tenant_id= document_id= ingestion_job_id= - grpc.call.start grpc.reflection.v1alpha.ServerReflection/ServerReflectionInfo
2026-05-30 08:51:17.324 [grpc-default-executor-0] INFO  b.i.g.i.GrpcTracingInterceptor otel_trace_id=1b7f1f240bfaaf0c9f0910ef51f313f8 otel_span_id=71cda4847f8f2015 request_id= business_trace_id= tenant_id= document_id= ingestion_job_id= - trace.start: 1b7f1f240bfaaf0c9f0910ef51f313f8
2026-05-30 08:51:17.324 [grpc-default-executor-1] INFO  b.i.g.i.GrpcTracingInterceptor otel_trace_id=f8b2b00ac3fd7ba29fedb3d987e343ce otel_span_id=5c50b829c9e752cc request_id= business_trace_id= tenant_id= document_id= ingestion_job_id= - trace.start: f8b2b00ac3fd7ba29fedb3d987e343ce
2026-05-30 08:51:17.324 [grpc-default-executor-1] INFO  b.i.g.i.GrpcLoggingInterceptor$2 otel_trace_id= otel_span_id= request_id= business_trace_id= tenant_id= document_id= ingestion_job_id= - grpc.request.message grpc.reflection.v1alpha.ServerReflection/ServerReflectionInfo
2026-05-30 08:51:17.324 [grpc-default-executor-0] INFO  b.i.g.i.GrpcLoggingInterceptor$2 otel_trace_id= otel_span_id= request_id= business_trace_id= tenant_id= document_id= ingestion_job_id= - grpc.request.message grpc.reflection.v1alpha.ServerReflection/ServerReflectionInfo
2026-05-30 08:51:17.328 [grpc-default-executor-0] INFO  b.i.g.i.GrpcLoggingInterceptor$1 otel_trace_id=f8b2b00ac3fd7ba29fedb3d987e343ce otel_span_id=5c50b829c9e752cc request_id= business_trace_id= tenant_id= document_id= ingestion_job_id= - grpc.response.send grpc.reflection.v1alpha.ServerReflection/ServerReflectionInfo
2026-05-30 08:51:17.328 [grpc-default-executor-1] INFO  b.i.g.i.GrpcLoggingInterceptor$1 otel_trace_id=1b7f1f240bfaaf0c9f0910ef51f313f8 otel_span_id=71cda4847f8f2015 request_id= business_trace_id= tenant_id= document_id= ingestion_job_id= - grpc.response.send grpc.reflection.v1alpha.ServerReflection/ServerReflectionInfo
2026-05-30 08:51:17.328 [grpc-default-executor-0] INFO  b.i.g.i.GrpcLoggingInterceptor$2 otel_trace_id= otel_span_id= request_id= business_trace_id= tenant_id= document_id= ingestion_job_id= - grpc.request.complete grpc.reflection.v1alpha.ServerReflection/ServerReflectionInfo
2026-05-30 08:51:17.328 [grpc-default-executor-0] INFO  i.o.e.logging.LoggingSpanExporter otel_trace_id=f8b2b00ac3fd7ba29fedb3d987e343ce otel_span_id=5c50b829c9e752cc request_id= business_trace_id= tenant_id= document_id= ingestion_job_id= - 'grpc.reflection.v1alpha.ServerReflection/ServerReflectionInfo' : f8b2b00ac3fd7ba29fedb3d987e343ce 5c50b829c9e752cc SERVER [tracer: sparrowx-document-service:] AttributesMap{data={rpc.method=grpc.reflection.v1alpha.ServerReflection/ServerReflectionInfo, rpc.system=grpc, rpc.grpc.status_code=OK}, capacity=128, totalAddedValues=3}
2026-05-30 08:51:17.328 [grpc-default-executor-0] INFO  b.i.g.i.GrpcLoggingInterceptor$1 otel_trace_id=f8b2b00ac3fd7ba29fedb3d987e343ce otel_span_id=5c50b829c9e752cc request_id= business_trace_id= tenant_id= document_id= ingestion_job_id= - grpc.call.close grpc.reflection.v1alpha.ServerReflection/ServerReflectionInfo status=Status{code=OK, description=null, cause=null}
2026-05-30 08:51:17.328 [grpc-default-executor-1] INFO  b.i.g.i.GrpcLoggingInterceptor$2 otel_trace_id= otel_span_id= request_id= business_trace_id= tenant_id= document_id= ingestion_job_id= - grpc.request.complete grpc.reflection.v1alpha.ServerReflection/ServerReflectionInfo
2026-05-30 08:51:17.328 [grpc-default-executor-1] INFO  i.o.e.logging.LoggingSpanExporter otel_trace_id=1b7f1f240bfaaf0c9f0910ef51f313f8 otel_span_id=71cda4847f8f2015 request_id= business_trace_id= tenant_id= document_id= ingestion_job_id= - 'grpc.reflection.v1alpha.ServerReflection/ServerReflectionInfo' : 1b7f1f240bfaaf0c9f0910ef51f313f8 71cda4847f8f2015 SERVER [tracer: sparrowx-document-service:] AttributesMap{data={rpc.method=grpc.reflection.v1alpha.ServerReflection/ServerReflectionInfo, rpc.system=grpc, rpc.grpc.status_code=OK}, capacity=128, totalAddedValues=3}
2026-05-30 08:51:17.328 [grpc-default-executor-0] INFO  b.i.g.i.GrpcLoggingInterceptor$2 otel_trace_id= otel_span_id= request_id= business_trace_id= tenant_id= document_id= ingestion_job_id= - grpc.call.complete grpc.reflection.v1alpha.ServerReflection/ServerReflectionInfo
2026-05-30 08:51:17.328 [grpc-default-executor-1] INFO  b.i.g.i.GrpcLoggingInterceptor$1 otel_trace_id=1b7f1f240bfaaf0c9f0910ef51f313f8 otel_span_id=71cda4847f8f2015 request_id= business_trace_id= tenant_id= document_id= ingestion_job_id= - grpc.call.close grpc.reflection.v1alpha.ServerReflection/ServerReflectionInfo status=Status{code=OK, description=null, cause=null}
2026-05-30 08:51:17.328 [grpc-default-executor-1] INFO  b.i.g.i.GrpcLoggingInterceptor$2 otel_trace_id= otel_span_id= request_id= business_trace_id= tenant_id= document_id= ingestion_job_id= - grpc.call.complete grpc.reflection.v1alpha.ServerReflection/ServerReflectionInfo
2026-05-30 08:51:20.927 [grpc-default-executor-1] INFO  b.i.g.i.GrpcLoggingInterceptor otel_trace_id= otel_span_id= request_id= business_trace_id= tenant_id= document_id= ingestion_job_id= - grpc.call.start grpc.reflection.v1alpha.ServerReflection/ServerReflectionInfo
2026-05-30 08:51:20.931 [grpc-default-executor-1] INFO  b.i.g.i.GrpcTracingInterceptor otel_trace_id=8e3596c60ebe9a9e93cc7338772a3563 otel_span_id=7dc3828d5ff956e5 request_id= business_trace_id= tenant_id= document_id= ingestion_job_id= - trace.start: 8e3596c60ebe9a9e93cc7338772a3563
2026-05-30 08:51:20.934 [grpc-default-executor-1] INFO  b.i.g.i.GrpcLoggingInterceptor$2 otel_trace_id= otel_span_id= request_id= business_trace_id= tenant_id= document_id= ingestion_job_id= - grpc.request.message grpc.reflection.v1alpha.ServerReflection/ServerReflectionInfo
2026-05-30 08:51:20.937 [grpc-default-executor-1] INFO  b.i.g.i.GrpcLoggingInterceptor$1 otel_trace_id=8e3596c60ebe9a9e93cc7338772a3563 otel_span_id=7dc3828d5ff956e5 request_id= business_trace_id= tenant_id= document_id= ingestion_job_id= - grpc.response.send grpc.reflection.v1alpha.ServerReflection/ServerReflectionInfo
2026-05-30 08:51:20.938 [grpc-default-executor-1] INFO  b.i.g.i.GrpcLoggingInterceptor$2 otel_trace_id= otel_span_id= request_id= business_trace_id= tenant_id= document_id= ingestion_job_id= - grpc.request.complete grpc.reflection.v1alpha.ServerReflection/ServerReflectionInfo
2026-05-30 08:51:20.940 [grpc-default-executor-1] INFO  i.o.e.logging.LoggingSpanExporter otel_trace_id=8e3596c60ebe9a9e93cc7338772a3563 otel_span_id=7dc3828d5ff956e5 request_id= business_trace_id= tenant_id= document_id= ingestion_job_id= - 'grpc.reflection.v1alpha.ServerReflection/ServerReflectionInfo' : 8e3596c60ebe9a9e93cc7338772a3563 7dc3828d5ff956e5 SERVER [tracer: sparrowx-document-service:] AttributesMap{data={rpc.method=grpc.reflection.v1alpha.ServerReflection/ServerReflectionInfo, rpc.system=grpc, rpc.grpc.status_code=OK}, capacity=128, totalAddedValues=3}
2026-05-30 08:51:20.940 [grpc-default-executor-1] INFO  b.i.g.i.GrpcLoggingInterceptor$1 otel_trace_id=8e3596c60ebe9a9e93cc7338772a3563 otel_span_id=7dc3828d5ff956e5 request_id= business_trace_id= tenant_id= document_id= ingestion_job_id= - grpc.call.close grpc.reflection.v1alpha.ServerReflection/ServerReflectionInfo status=Status{code=OK, description=null, cause=null}
2026-05-30 08:51:20.940 [grpc-default-executor-1] INFO  b.i.g.i.GrpcLoggingInterceptor$2 otel_trace_id= otel_span_id= request_id= business_trace_id= tenant_id= document_id= ingestion_job_id= - grpc.call.complete grpc.reflection.v1alpha.ServerReflection/ServerReflectionInfo
2026-05-30 08:51:20.944 [grpc-default-executor-1] INFO  b.i.g.i.GrpcLoggingInterceptor otel_trace_id= otel_span_id= request_id= business_trace_id= tenant_id= document_id= ingestion_job_id= - grpc.call.start grpc.reflection.v1alpha.ServerReflection/ServerReflectionInfo
2026-05-30 08:51:20.944 [grpc-default-executor-0] INFO  b.i.g.i.GrpcLoggingInterceptor otel_trace_id= otel_span_id= request_id= business_trace_id= tenant_id= document_id= ingestion_job_id= - grpc.call.start grpc.reflection.v1alpha.ServerReflection/ServerReflectionInfo
2026-05-30 08:51:20.944 [grpc-default-executor-1] INFO  b.i.g.i.GrpcTracingInterceptor otel_trace_id=f4290f8557b0b1c9fc0c671b0677d666 otel_span_id=d964be0f26805f6f request_id= business_trace_id= tenant_id= document_id= ingestion_job_id= - trace.start: f4290f8557b0b1c9fc0c671b0677d666
2026-05-30 08:51:20.944 [grpc-default-executor-0] INFO  b.i.g.i.GrpcTracingInterceptor otel_trace_id=46e4d81461f288b9cb0962702b96255f otel_span_id=d7d4e1bfa012d755 request_id= business_trace_id= tenant_id= document_id= ingestion_job_id= - trace.start: 46e4d81461f288b9cb0962702b96255f
2026-05-30 08:51:20.944 [grpc-default-executor-0] INFO  b.i.g.i.GrpcLoggingInterceptor$2 otel_trace_id= otel_span_id= request_id= business_trace_id= tenant_id= document_id= ingestion_job_id= - grpc.request.message grpc.reflection.v1alpha.ServerReflection/ServerReflectionInfo
2026-05-30 08:51:20.944 [grpc-default-executor-0] INFO  b.i.g.i.GrpcLoggingInterceptor$1 otel_trace_id=46e4d81461f288b9cb0962702b96255f otel_span_id=d7d4e1bfa012d755 request_id= business_trace_id= tenant_id= document_id= ingestion_job_id= - grpc.response.send grpc.reflection.v1alpha.ServerReflection/ServerReflectionInfo
2026-05-30 08:51:20.947 [grpc-default-executor-0] INFO  b.i.g.i.GrpcLoggingInterceptor$2 otel_trace_id= otel_span_id= request_id= business_trace_id= tenant_id= document_id= ingestion_job_id= - grpc.request.complete grpc.reflection.v1alpha.ServerReflection/ServerReflectionInfo
2026-05-30 08:51:20.949 [grpc-default-executor-0] INFO  i.o.e.logging.LoggingSpanExporter otel_trace_id=46e4d81461f288b9cb0962702b96255f otel_span_id=d7d4e1bfa012d755 request_id= business_trace_id= tenant_id= document_id= ingestion_job_id= - 'grpc.reflection.v1alpha.ServerReflection/ServerReflectionInfo' : 46e4d81461f288b9cb0962702b96255f d7d4e1bfa012d755 SERVER [tracer: sparrowx-document-service:] AttributesMap{data={rpc.method=grpc.reflection.v1alpha.ServerReflection/ServerReflectionInfo, rpc.system=grpc, rpc.grpc.status_code=OK}, capacity=128, totalAddedValues=3}
2026-05-30 08:51:20.950 [grpc-default-executor-1] INFO  b.i.g.i.GrpcLoggingInterceptor$2 otel_trace_id= otel_span_id= request_id= business_trace_id= tenant_id= document_id= ingestion_job_id= - grpc.request.message grpc.reflection.v1alpha.ServerReflection/ServerReflectionInfo
2026-05-30 08:51:20.951 [grpc-default-executor-0] INFO  b.i.g.i.GrpcLoggingInterceptor$1 otel_trace_id=46e4d81461f288b9cb0962702b96255f otel_span_id=d7d4e1bfa012d755 request_id= business_trace_id= tenant_id= document_id= ingestion_job_id= - grpc.call.close grpc.reflection.v1alpha.ServerReflection/ServerReflectionInfo status=Status{code=OK, description=null, cause=null}
2026-05-30 08:51:20.951 [grpc-default-executor-1] INFO  b.i.g.i.GrpcLoggingInterceptor$1 otel_trace_id=f4290f8557b0b1c9fc0c671b0677d666 otel_span_id=d964be0f26805f6f request_id= business_trace_id= tenant_id= document_id= ingestion_job_id= - grpc.response.send grpc.reflection.v1alpha.ServerReflection/ServerReflectionInfo
2026-05-30 08:51:20.953 [grpc-default-executor-1] INFO  b.i.g.i.GrpcLoggingInterceptor$2 otel_trace_id= otel_span_id= request_id= business_trace_id= tenant_id= document_id= ingestion_job_id= - grpc.request.complete grpc.reflection.v1alpha.ServerReflection/ServerReflectionInfo
2026-05-30 08:51:20.953 [grpc-default-executor-0] INFO  b.i.g.i.GrpcLoggingInterceptor$2 otel_trace_id= otel_span_id= request_id= business_trace_id= tenant_id= document_id= ingestion_job_id= - grpc.call.complete grpc.reflection.v1alpha.ServerReflection/ServerReflectionInfo
2026-05-30 08:51:20.955 [grpc-default-executor-1] INFO  i.o.e.logging.LoggingSpanExporter otel_trace_id=f4290f8557b0b1c9fc0c671b0677d666 otel_span_id=d964be0f26805f6f request_id= business_trace_id= tenant_id= document_id= ingestion_job_id= - 'grpc.reflection.v1alpha.ServerReflection/ServerReflectionInfo' : f4290f8557b0b1c9fc0c671b0677d666 d964be0f26805f6f SERVER [tracer: sparrowx-document-service:] AttributesMap{data={rpc.method=grpc.reflection.v1alpha.ServerReflection/ServerReflectionInfo, rpc.system=grpc, rpc.grpc.status_code=OK}, capacity=128, totalAddedValues=3}
2026-05-30 08:51:20.957 [grpc-default-executor-1] INFO  b.i.g.i.GrpcLoggingInterceptor$1 otel_trace_id=f4290f8557b0b1c9fc0c671b0677d666 otel_span_id=d964be0f26805f6f request_id= business_trace_id= tenant_id= document_id= ingestion_job_id= - grpc.call.close grpc.reflection.v1alpha.ServerReflection/ServerReflectionInfo status=Status{code=OK, description=null, cause=null}
2026-05-30 08:51:20.962 [grpc-default-executor-1] INFO  b.i.g.i.GrpcLoggingInterceptor$2 otel_trace_id= otel_span_id= request_id= business_trace_id= tenant_id= document_id= ingestion_job_id= - grpc.call.complete grpc.reflection.v1alpha.ServerReflection/ServerReflectionInfo
2026-05-30 08:52:43.920 [grpc-default-executor-2] INFO  b.i.g.i.GrpcLoggingInterceptor otel_trace_id= otel_span_id= request_id= business_trace_id= tenant_id= document_id= ingestion_job_id= - grpc.call.start grpc.reflection.v1alpha.ServerReflection/ServerReflectionInfo
2026-05-30 08:52:43.920 [grpc-default-executor-2] INFO  b.i.g.i.GrpcTracingInterceptor otel_trace_id=925acf8bc89ec0c0dff43312204758ea otel_span_id=0a11847a6f194ec8 request_id= business_trace_id= tenant_id= document_id= ingestion_job_id= - trace.start: 925acf8bc89ec0c0dff43312204758ea
2026-05-30 08:52:43.921 [grpc-default-executor-2] INFO  b.i.g.i.GrpcLoggingInterceptor$2 otel_trace_id= otel_span_id= request_id= business_trace_id= tenant_id= document_id= ingestion_job_id= - grpc.request.message grpc.reflection.v1alpha.ServerReflection/ServerReflectionInfo
2026-05-30 08:52:43.922 [grpc-default-executor-2] INFO  b.i.g.i.GrpcLoggingInterceptor$1 otel_trace_id=925acf8bc89ec0c0dff43312204758ea otel_span_id=0a11847a6f194ec8 request_id= business_trace_id= tenant_id= document_id= ingestion_job_id= - grpc.response.send grpc.reflection.v1alpha.ServerReflection/ServerReflectionInfo
2026-05-30 08:52:43.922 [grpc-default-executor-2] INFO  b.i.g.i.GrpcLoggingInterceptor$2 otel_trace_id= otel_span_id= request_id= business_trace_id= tenant_id= document_id= ingestion_job_id= - grpc.request.complete grpc.reflection.v1alpha.ServerReflection/ServerReflectionInfo
2026-05-30 08:52:43.922 [grpc-default-executor-2] INFO  i.o.e.logging.LoggingSpanExporter otel_trace_id=925acf8bc89ec0c0dff43312204758ea otel_span_id=0a11847a6f194ec8 request_id= business_trace_id= tenant_id= document_id= ingestion_job_id= - 'grpc.reflection.v1alpha.ServerReflection/ServerReflectionInfo' : 925acf8bc89ec0c0dff43312204758ea 0a11847a6f194ec8 SERVER [tracer: sparrowx-document-service:] AttributesMap{data={rpc.method=grpc.reflection.v1alpha.ServerReflection/ServerReflectionInfo, rpc.system=grpc, rpc.grpc.status_code=OK}, capacity=128, totalAddedValues=3}
2026-05-30 08:52:43.922 [grpc-default-executor-2] INFO  b.i.g.i.GrpcLoggingInterceptor$1 otel_trace_id=925acf8bc89ec0c0dff43312204758ea otel_span_id=0a11847a6f194ec8 request_id= business_trace_id= tenant_id= document_id= ingestion_job_id= - grpc.call.close grpc.reflection.v1alpha.ServerReflection/ServerReflectionInfo status=Status{code=OK, description=null, cause=null}
2026-05-30 08:52:43.923 [grpc-default-executor-2] INFO  b.i.g.i.GrpcLoggingInterceptor$2 otel_trace_id= otel_span_id= request_id= business_trace_id= tenant_id= document_id= ingestion_job_id= - grpc.call.complete grpc.reflection.v1alpha.ServerReflection/ServerReflectionInfo
2026-05-30 08:52:43.923 [grpc-default-executor-2] INFO  b.i.g.i.GrpcLoggingInterceptor otel_trace_id= otel_span_id= request_id= business_trace_id= tenant_id= document_id= ingestion_job_id= - grpc.call.start grpc.reflection.v1alpha.ServerReflection/ServerReflectionInfo
2026-05-30 08:52:43.923 [grpc-default-executor-3] INFO  b.i.g.i.GrpcLoggingInterceptor otel_trace_id= otel_span_id= request_id= business_trace_id= tenant_id= document_id= ingestion_job_id= - grpc.call.start grpc.reflection.v1alpha.ServerReflection/ServerReflectionInfo
2026-05-30 08:52:43.925 [grpc-default-executor-2] INFO  b.i.g.i.GrpcTracingInterceptor otel_trace_id=f32f234a185355f7f62346a0fa51452c otel_span_id=cff8c8b997f0f2a0 request_id= business_trace_id= tenant_id= document_id= ingestion_job_id= - trace.start: f32f234a185355f7f62346a0fa51452c
2026-05-30 08:52:43.926 [grpc-default-executor-3] INFO  b.i.g.i.GrpcTracingInterceptor otel_trace_id=317a37366bdcd9d55a46321b3d57e1c2 otel_span_id=27f686a001ceead1 request_id= business_trace_id= tenant_id= document_id= ingestion_job_id= - trace.start: 317a37366bdcd9d55a46321b3d57e1c2
2026-05-30 08:52:43.926 [grpc-default-executor-2] INFO  b.i.g.i.GrpcLoggingInterceptor$2 otel_trace_id= otel_span_id= request_id= business_trace_id= tenant_id= document_id= ingestion_job_id= - grpc.request.message grpc.reflection.v1alpha.ServerReflection/ServerReflectionInfo
2026-05-30 08:52:43.927 [grpc-default-executor-3] INFO  b.i.g.i.GrpcLoggingInterceptor$2 otel_trace_id= otel_span_id= request_id= business_trace_id= tenant_id= document_id= ingestion_job_id= - grpc.request.message grpc.reflection.v1alpha.ServerReflection/ServerReflectionInfo
2026-05-30 08:52:43.928 [grpc-default-executor-3] INFO  b.i.g.i.GrpcLoggingInterceptor$1 otel_trace_id=317a37366bdcd9d55a46321b3d57e1c2 otel_span_id=27f686a001ceead1 request_id= business_trace_id= tenant_id= document_id= ingestion_job_id= - grpc.response.send grpc.reflection.v1alpha.ServerReflection/ServerReflectionInfo
2026-05-30 08:52:43.928 [grpc-default-executor-2] INFO  b.i.g.i.GrpcLoggingInterceptor$1 otel_trace_id=f32f234a185355f7f62346a0fa51452c otel_span_id=cff8c8b997f0f2a0 request_id= business_trace_id= tenant_id= document_id= ingestion_job_id= - grpc.response.send grpc.reflection.v1alpha.ServerReflection/ServerReflectionInfo
2026-05-30 08:52:43.929 [grpc-default-executor-2] INFO  b.i.g.i.GrpcLoggingInterceptor$2 otel_trace_id= otel_span_id= request_id= business_trace_id= tenant_id= document_id= ingestion_job_id= - grpc.request.complete grpc.reflection.v1alpha.ServerReflection/ServerReflectionInfo
2026-05-30 08:52:43.930 [grpc-default-executor-2] INFO  i.o.e.logging.LoggingSpanExporter otel_trace_id=f32f234a185355f7f62346a0fa51452c otel_span_id=cff8c8b997f0f2a0 request_id= business_trace_id= tenant_id= document_id= ingestion_job_id= - 'grpc.reflection.v1alpha.ServerReflection/ServerReflectionInfo' : f32f234a185355f7f62346a0fa51452c cff8c8b997f0f2a0 SERVER [tracer: sparrowx-document-service:] AttributesMap{data={rpc.method=grpc.reflection.v1alpha.ServerReflection/ServerReflectionInfo, rpc.system=grpc, rpc.grpc.status_code=OK}, capacity=128, totalAddedValues=3}
2026-05-30 08:52:43.930 [grpc-default-executor-2] INFO  b.i.g.i.GrpcLoggingInterceptor$1 otel_trace_id=f32f234a185355f7f62346a0fa51452c otel_span_id=cff8c8b997f0f2a0 request_id= business_trace_id= tenant_id= document_id= ingestion_job_id= - grpc.call.close grpc.reflection.v1alpha.ServerReflection/ServerReflectionInfo status=Status{code=OK, description=null, cause=null}
2026-05-30 08:52:43.932 [grpc-default-executor-2] INFO  b.i.g.i.GrpcLoggingInterceptor$2 otel_trace_id= otel_span_id= request_id= business_trace_id= tenant_id= document_id= ingestion_job_id= - grpc.call.complete grpc.reflection.v1alpha.ServerReflection/ServerReflectionInfo
2026-05-30 08:52:43.935 [grpc-default-executor-3] INFO  b.i.g.i.GrpcLoggingInterceptor$2 otel_trace_id= otel_span_id= request_id= business_trace_id= tenant_id= document_id= ingestion_job_id= - grpc.request.complete grpc.reflection.v1alpha.ServerReflection/ServerReflectionInfo
2026-05-30 08:52:43.935 [grpc-default-executor-3] INFO  i.o.e.logging.LoggingSpanExporter otel_trace_id=317a37366bdcd9d55a46321b3d57e1c2 otel_span_id=27f686a001ceead1 request_id= business_trace_id= tenant_id= document_id= ingestion_job_id= - 'grpc.reflection.v1alpha.ServerReflection/ServerReflectionInfo' : 317a37366bdcd9d55a46321b3d57e1c2 27f686a001ceead1 SERVER [tracer: sparrowx-document-service:] AttributesMap{data={rpc.method=grpc.reflection.v1alpha.ServerReflection/ServerReflectionInfo, rpc.system=grpc, rpc.grpc.status_code=OK}, capacity=128, totalAddedValues=3}
2026-05-30 08:52:43.935 [grpc-default-executor-3] INFO  b.i.g.i.GrpcLoggingInterceptor$1 otel_trace_id=317a37366bdcd9d55a46321b3d57e1c2 otel_span_id=27f686a001ceead1 request_id= business_trace_id= tenant_id= document_id= ingestion_job_id= - grpc.call.close grpc.reflection.v1alpha.ServerReflection/ServerReflectionInfo status=Status{code=OK, description=null, cause=null}
2026-05-30 08:52:43.936 [grpc-default-executor-3] INFO  b.i.g.i.GrpcLoggingInterceptor$2 otel_trace_id= otel_span_id= request_id= business_trace_id= tenant_id= document_id= ingestion_job_id= - grpc.call.complete grpc.reflection.v1alpha.ServerReflection/ServerReflectionInfo
2026-05-30 08:53:03.170 [grpc-default-executor-3] INFO  b.i.g.i.GrpcLoggingInterceptor otel_trace_id= otel_span_id= request_id= business_trace_id= tenant_id= document_id= ingestion_job_id= - grpc.call.start grpc.reflection.v1alpha.ServerReflection/ServerReflectionInfo
2026-05-30 08:53:03.170 [grpc-default-executor-3] INFO  b.i.g.i.GrpcTracingInterceptor otel_trace_id=c247acfe1efa563f54f9fdcf0d3c3809 otel_span_id=486a3362ce8a2d46 request_id= business_trace_id= tenant_id= document_id= ingestion_job_id= - trace.start: c247acfe1efa563f54f9fdcf0d3c3809
2026-05-30 08:53:03.170 [grpc-default-executor-3] INFO  b.i.g.i.GrpcLoggingInterceptor$2 otel_trace_id= otel_span_id= request_id= business_trace_id= tenant_id= document_id= ingestion_job_id= - grpc.request.message grpc.reflection.v1alpha.ServerReflection/ServerReflectionInfo
2026-05-30 08:53:03.170 [grpc-default-executor-3] INFO  b.i.g.i.GrpcLoggingInterceptor$1 otel_trace_id=c247acfe1efa563f54f9fdcf0d3c3809 otel_span_id=486a3362ce8a2d46 request_id= business_trace_id= tenant_id= document_id= ingestion_job_id= - grpc.response.send grpc.reflection.v1alpha.ServerReflection/ServerReflectionInfo
2026-05-30 08:53:03.176 [grpc-default-executor-3] INFO  b.i.g.i.GrpcLoggingInterceptor$2 otel_trace_id= otel_span_id= request_id= business_trace_id= tenant_id= document_id= ingestion_job_id= - grpc.request.complete grpc.reflection.v1alpha.ServerReflection/ServerReflectionInfo
2026-05-30 08:53:03.177 [grpc-default-executor-3] INFO  i.o.e.logging.LoggingSpanExporter otel_trace_id=c247acfe1efa563f54f9fdcf0d3c3809 otel_span_id=486a3362ce8a2d46 request_id= business_trace_id= tenant_id= document_id= ingestion_job_id= - 'grpc.reflection.v1alpha.ServerReflection/ServerReflectionInfo' : c247acfe1efa563f54f9fdcf0d3c3809 486a3362ce8a2d46 SERVER [tracer: sparrowx-document-service:] AttributesMap{data={rpc.method=grpc.reflection.v1alpha.ServerReflection/ServerReflectionInfo, rpc.system=grpc, rpc.grpc.status_code=OK}, capacity=128, totalAddedValues=3}
2026-05-30 08:53:03.177 [grpc-default-executor-3] INFO  b.i.g.i.GrpcLoggingInterceptor$1 otel_trace_id=c247acfe1efa563f54f9fdcf0d3c3809 otel_span_id=486a3362ce8a2d46 request_id= business_trace_id= tenant_id= document_id= ingestion_job_id= - grpc.call.close grpc.reflection.v1alpha.ServerReflection/ServerReflectionInfo status=Status{code=OK, description=null, cause=null}
2026-05-30 08:53:03.177 [grpc-default-executor-3] INFO  b.i.g.i.GrpcLoggingInterceptor$2 otel_trace_id= otel_span_id= request_id= business_trace_id= tenant_id= document_id= ingestion_job_id= - grpc.call.complete grpc.reflection.v1alpha.ServerReflection/ServerReflectionInfo
2026-05-30 08:53:03.177 [grpc-default-executor-3] INFO  b.i.g.i.GrpcLoggingInterceptor otel_trace_id= otel_span_id= request_id= business_trace_id= tenant_id= document_id= ingestion_job_id= - grpc.call.start grpc.reflection.v1alpha.ServerReflection/ServerReflectionInfo
2026-05-30 08:53:03.177 [grpc-default-executor-2] INFO  b.i.g.i.GrpcLoggingInterceptor otel_trace_id= otel_span_id= request_id= business_trace_id= tenant_id= document_id= ingestion_job_id= - grpc.call.start grpc.reflection.v1alpha.ServerReflection/ServerReflectionInfo
2026-05-30 08:53:03.177 [grpc-default-executor-2] INFO  b.i.g.i.GrpcTracingInterceptor otel_trace_id=654cad99482b7d8619493b3df057adc0 otel_span_id=8a827c07773c1e76 request_id= business_trace_id= tenant_id= document_id= ingestion_job_id= - trace.start: 654cad99482b7d8619493b3df057adc0
2026-05-30 08:53:03.177 [grpc-default-executor-3] INFO  b.i.g.i.GrpcTracingInterceptor otel_trace_id=e1f3ec055e80a180121a4b9558830b24 otel_span_id=98e8d48485a41e00 request_id= business_trace_id= tenant_id= document_id= ingestion_job_id= - trace.start: e1f3ec055e80a180121a4b9558830b24
2026-05-30 08:53:03.177 [grpc-default-executor-3] INFO  b.i.g.i.GrpcLoggingInterceptor$2 otel_trace_id= otel_span_id= request_id= business_trace_id= tenant_id= document_id= ingestion_job_id= - grpc.request.message grpc.reflection.v1alpha.ServerReflection/ServerReflectionInfo
2026-05-30 08:53:03.177 [grpc-default-executor-2] INFO  b.i.g.i.GrpcLoggingInterceptor$2 otel_trace_id= otel_span_id= request_id= business_trace_id= tenant_id= document_id= ingestion_job_id= - grpc.request.message grpc.reflection.v1alpha.ServerReflection/ServerReflectionInfo
2026-05-30 08:53:03.177 [grpc-default-executor-3] INFO  b.i.g.i.GrpcLoggingInterceptor$1 otel_trace_id=654cad99482b7d8619493b3df057adc0 otel_span_id=8a827c07773c1e76 request_id= business_trace_id= tenant_id= document_id= ingestion_job_id= - grpc.response.send grpc.reflection.v1alpha.ServerReflection/ServerReflectionInfo
2026-05-30 08:53:03.177 [grpc-default-executor-3] INFO  b.i.g.i.GrpcLoggingInterceptor$2 otel_trace_id= otel_span_id= request_id= business_trace_id= tenant_id= document_id= ingestion_job_id= - grpc.request.complete grpc.reflection.v1alpha.ServerReflection/ServerReflectionInfo
2026-05-30 08:53:03.177 [grpc-default-executor-2] INFO  b.i.g.i.GrpcLoggingInterceptor$1 otel_trace_id=e1f3ec055e80a180121a4b9558830b24 otel_span_id=98e8d48485a41e00 request_id= business_trace_id= tenant_id= document_id= ingestion_job_id= - grpc.response.send grpc.reflection.v1alpha.ServerReflection/ServerReflectionInfo
2026-05-30 08:53:03.177 [grpc-default-executor-3] INFO  i.o.e.logging.LoggingSpanExporter otel_trace_id=654cad99482b7d8619493b3df057adc0 otel_span_id=8a827c07773c1e76 request_id= business_trace_id= tenant_id= document_id= ingestion_job_id= - 'grpc.reflection.v1alpha.ServerReflection/ServerReflectionInfo' : 654cad99482b7d8619493b3df057adc0 8a827c07773c1e76 SERVER [tracer: sparrowx-document-service:] AttributesMap{data={rpc.method=grpc.reflection.v1alpha.ServerReflection/ServerReflectionInfo, rpc.system=grpc, rpc.grpc.status_code=OK}, capacity=128, totalAddedValues=3}
2026-05-30 08:53:03.177 [grpc-default-executor-3] INFO  b.i.g.i.GrpcLoggingInterceptor$1 otel_trace_id=654cad99482b7d8619493b3df057adc0 otel_span_id=8a827c07773c1e76 request_id= business_trace_id= tenant_id= document_id= ingestion_job_id= - grpc.call.close grpc.reflection.v1alpha.ServerReflection/ServerReflectionInfo status=Status{code=OK, description=null, cause=null}
2026-05-30 08:53:03.177 [grpc-default-executor-2] INFO  b.i.g.i.GrpcLoggingInterceptor$2 otel_trace_id= otel_span_id= request_id= business_trace_id= tenant_id= document_id= ingestion_job_id= - grpc.request.complete grpc.reflection.v1alpha.ServerReflection/ServerReflectionInfo
2026-05-30 08:53:03.177 [grpc-default-executor-2] INFO  i.o.e.logging.LoggingSpanExporter otel_trace_id=e1f3ec055e80a180121a4b9558830b24 otel_span_id=98e8d48485a41e00 request_id= business_trace_id= tenant_id= document_id= ingestion_job_id= - 'grpc.reflection.v1alpha.ServerReflection/ServerReflectionInfo' : e1f3ec055e80a180121a4b9558830b24 98e8d48485a41e00 SERVER [tracer: sparrowx-document-service:] AttributesMap{data={rpc.method=grpc.reflection.v1alpha.ServerReflection/ServerReflectionInfo, rpc.system=grpc, rpc.grpc.status_code=OK}, capacity=128, totalAddedValues=3}
2026-05-30 08:53:03.177 [grpc-default-executor-2] INFO  b.i.g.i.GrpcLoggingInterceptor$1 otel_trace_id=e1f3ec055e80a180121a4b9558830b24 otel_span_id=98e8d48485a41e00 request_id= business_trace_id= tenant_id= document_id= ingestion_job_id= - grpc.call.close grpc.reflection.v1alpha.ServerReflection/ServerReflectionInfo status=Status{code=OK, description=null, cause=null}
2026-05-30 08:53:03.177 [grpc-default-executor-3] INFO  b.i.g.i.GrpcLoggingInterceptor$2 otel_trace_id= otel_span_id= request_id= business_trace_id= tenant_id= document_id= ingestion_job_id= - grpc.call.complete grpc.reflection.v1alpha.ServerReflection/ServerReflectionInfo
2026-05-30 08:53:03.184 [grpc-default-executor-3] INFO  b.i.g.i.GrpcLoggingInterceptor$2 otel_trace_id= otel_span_id= request_id= business_trace_id= tenant_id= document_id= ingestion_job_id= - grpc.call.complete grpc.reflection.v1alpha.ServerReflection/ServerReflectionInfo
2026-05-30 09:17:49.886 [grpc-default-executor-4] INFO  b.i.g.i.GrpcLoggingInterceptor otel_trace_id= otel_span_id= request_id= business_trace_id= tenant_id= document_id= ingestion_job_id= - grpc.call.start document.DocumentService/BuildDocumentEvidence
2026-05-30 09:17:49.886 [grpc-default-executor-4] INFO  b.i.g.i.GrpcTracingInterceptor otel_trace_id=5ade16a19816a39125b13c967798e767 otel_span_id=0373fa95062a88be request_id= business_trace_id= tenant_id= document_id= ingestion_job_id= - trace.start: 5ade16a19816a39125b13c967798e767
2026-05-30 09:17:49.905 [grpc-default-executor-4] INFO  b.i.g.i.GrpcLoggingInterceptor$2 otel_trace_id= otel_span_id= request_id= business_trace_id= tenant_id= document_id= ingestion_job_id= - grpc.request.message document.DocumentService/BuildDocumentEvidence
2026-05-30 09:17:49.906 [grpc-default-executor-4] INFO  b.i.g.i.GrpcLoggingInterceptor$2 otel_trace_id= otel_span_id= request_id= business_trace_id= tenant_id= document_id= ingestion_job_id= - grpc.request.complete document.DocumentService/BuildDocumentEvidence
2026-05-30 09:17:49.919 [grpc-default-executor-4] INFO  b.c.c.i.CommandObservabilityInterceptor otel_trace_id=5ade16a19816a39125b13c967798e767 otel_span_id=0373fa95062a88be request_id=req-build-evidence-001 business_trace_id=trace-build-evidence-001 tenant_id=tenant-001 document_id= ingestion_job_id= - command.start BuildDocumentEvidenceCommand
2026-05-30 09:17:49.920 [grpc-default-executor-4] INFO  c.s.d.o.EvidenceBuildLogger otel_trace_id=5ade16a19816a39125b13c967798e767 otel_span_id=0373fa95062a88be request_id=req-build-evidence-001 business_trace_id=trace-build-evidence-001 tenant_id=tenant-001 document_id= ingestion_job_id= - Document evidence build requested tenantId=tenant-001 userId=user-001 projectId=project-001 teamId=team-001 goal=EXTRACTION scopedDocumentCount=1 limit=8 allowClaimCache=false requireVerification=true
2026-05-30 09:18:17.779 [grpc-default-executor-4] INFO  c.s.d.o.EvidenceBuildLogger otel_trace_id=5ade16a19816a39125b13c967798e767 otel_span_id=0373fa95062a88be request_id=req-build-evidence-001 business_trace_id=trace-build-evidence-001 tenant_id=tenant-001 document_id= ingestion_job_id= - Document evidence build completed tenantId=tenant-001 userId=user-001 graphId=f4a81668-c5f0-4d2a-acd5-f978a6ae9c57 nodeCount=6 edgeCount=2 usedChunkRetrieval=true usedClaimCache=false coverageScore=1.0
2026-05-30 09:18:17.779 [grpc-default-executor-4] INFO  b.c.c.i.CommandObservabilityInterceptor otel_trace_id=5ade16a19816a39125b13c967798e767 otel_span_id=0373fa95062a88be request_id=req-build-evidence-001 business_trace_id=trace-build-evidence-001 tenant_id=tenant-001 document_id= ingestion_job_id= - command.complete BuildDocumentEvidenceCommand in 27859 ms
2026-05-30 09:18:17.779 [grpc-default-executor-4] INFO  i.o.e.logging.LoggingSpanExporter otel_trace_id=5ade16a19816a39125b13c967798e767 otel_span_id=0373fa95062a88be request_id=req-build-evidence-001 business_trace_id=trace-build-evidence-001 tenant_id=tenant-001 document_id= ingestion_job_id= - 'command.BuildDocumentEvidenceCommand' : 5ade16a19816a39125b13c967798e767 2337c9f371f6c0ea INTERNAL [tracer: sparrowx-document-service:] {}
2026-05-30 09:18:17.808 [grpc-default-executor-4] INFO  b.i.g.i.GrpcLoggingInterceptor$1 otel_trace_id=5ade16a19816a39125b13c967798e767 otel_span_id=0373fa95062a88be request_id=req-build-evidence-001 business_trace_id=trace-build-evidence-001 tenant_id=tenant-001 document_id= ingestion_job_id= - grpc.response.send document.DocumentService/BuildDocumentEvidence
2026-05-30 09:18:17.810 [grpc-default-executor-4] INFO  i.o.e.logging.LoggingSpanExporter otel_trace_id=5ade16a19816a39125b13c967798e767 otel_span_id=0373fa95062a88be request_id=req-build-evidence-001 business_trace_id=trace-build-evidence-001 tenant_id=tenant-001 document_id= ingestion_job_id= - 'document.DocumentService/BuildDocumentEvidence' : 5ade16a19816a39125b13c967798e767 0373fa95062a88be SERVER [tracer: sparrowx-document-service:] AttributesMap{data={rpc.method=document.DocumentService/BuildDocumentEvidence, rpc.system=grpc, rpc.grpc.status_code=OK}, capacity=128, totalAddedValues=3}
2026-05-30 09:18:17.813 [grpc-default-executor-4] INFO  b.i.g.i.GrpcLoggingInterceptor$1 otel_trace_id=5ade16a19816a39125b13c967798e767 otel_span_id=0373fa95062a88be request_id=req-build-evidence-001 business_trace_id=trace-build-evidence-001 tenant_id=tenant-001 document_id= ingestion_job_id= - grpc.call.close document.DocumentService/BuildDocumentEvidence status=Status{code=OK, description=null, cause=null}
2026-05-30 09:18:17.815 [grpc-default-executor-4] INFO  b.i.g.i.GrpcLoggingInterceptor$2 otel_trace_id= otel_span_id= request_id= business_trace_id= tenant_id= document_id= ingestion_job_id= - grpc.call.complete document.DocumentService/BuildDocumentEvidence
2026-05-30 09:31:27.745 [SpringApplicationShutdownHook] INFO  n.d.b.g.s.s.GrpcServerLifecycle otel_trace_id= otel_span_id= request_id= business_trace_id= tenant_id= document_id= ingestion_job_id= - Completed gRPC server shutdown
2026-05-30 09:31:27.747 [SpringApplicationShutdownHook] INFO  o.s.boot.tomcat.GracefulShutdown otel_trace_id= otel_span_id= request_id= business_trace_id= tenant_id= document_id= ingestion_job_id= - Commencing graceful shutdown. Waiting for active requests to complete
2026-05-30 09:31:27.750 [tomcat-shutdown] INFO  o.s.boot.tomcat.GracefulShutdown otel_trace_id= otel_span_id= request_id= business_trace_id= tenant_id= document_id= ingestion_job_id= - Graceful shutdown complete
2026-05-30 09:31:27.767 [SpringApplicationShutdownHook] INFO  b.i.grpc.health.GrpcHealthAdapter otel_trace_id= otel_span_id= request_id= business_trace_id= tenant_id= document_id= ingestion_job_id= - Shutting down — setting gRPC global health to NOT_SERVING
2026-05-30 09:31:27.779 [SpringApplicationShutdownHook] INFO  o.s.o.j.LocalContainerEntityManagerFactoryBean otel_trace_id= otel_span_id= request_id= business_trace_id= tenant_id= document_id= ingestion_job_id= - Closing JPA EntityManagerFactory for persistence unit 'default'
2026-05-30 09:31:27.783 [SpringApplicationShutdownHook] INFO  com.zaxxer.hikari.HikariDataSource otel_trace_id= otel_span_id= request_id= business_trace_id= tenant_id= document_id= ingestion_job_id= - HikariPool-1 - Shutdown initiated...
2026-05-30 09:31:27.788 [SpringApplicationShutdownHook] INFO  com.zaxxer.hikari.HikariDataSource otel_trace_id= otel_span_id= request_id= business_trace_id= tenant_id= document_id= ingestion_job_id= - HikariPool-1 - Shutdown completed.
2026-05-30 09:32:19.688 [main] INFO  c.s.document.DocumentApplication otel_trace_id= otel_span_id= request_id= business_trace_id= tenant_id= document_id= ingestion_job_id= - Starting DocumentApplication using Java 25.0.2 with PID 21220 (D:\Projects\Sparrow-x\document-service\target\classes started by aggre in D:\Projects\Sparrow-x\document-service)
2026-05-30 09:32:19.689 [main] INFO  c.s.document.DocumentApplication otel_trace_id= otel_span_id= request_id= business_trace_id= tenant_id= document_id= ingestion_job_id= - The following 1 profile is active: "dev"
2026-05-30 09:32:20.435 [main] INFO  o.s.d.r.c.RepositoryConfigurationDelegate otel_trace_id= otel_span_id= request_id= business_trace_id= tenant_id= document_id= ingestion_job_id= - Multiple Spring Data modules found, entering strict repository configuration mode
2026-05-30 09:32:20.435 [main] INFO  o.s.d.r.c.RepositoryConfigurationDelegate otel_trace_id= otel_span_id= request_id= business_trace_id= tenant_id= document_id= ingestion_job_id= - Bootstrapping Spring Data JPA repositories in DEFAULT mode.
2026-05-30 09:32:20.539 [main] INFO  o.s.d.r.c.RepositoryConfigurationDelegate otel_trace_id= otel_span_id= request_id= business_trace_id= tenant_id= document_id= ingestion_job_id= - Finished Spring Data repository scanning in 95 ms. Found 5 JPA repository interfaces.
2026-05-30 09:32:21.237 [main] INFO  o.s.d.r.c.RepositoryConfigurationDelegate otel_trace_id= otel_span_id= request_id= business_trace_id= tenant_id= document_id= ingestion_job_id= - Multiple Spring Data modules found, entering strict repository configuration mode
2026-05-30 09:32:21.238 [main] INFO  o.s.d.r.c.RepositoryConfigurationDelegate otel_trace_id= otel_span_id= request_id= business_trace_id= tenant_id= document_id= ingestion_job_id= - Bootstrapping Spring Data Redis repositories in DEFAULT mode.
2026-05-30 09:32:21.271 [main] INFO  o.s.d.r.c.RepositoryConfigurationExtensionSupport otel_trace_id= otel_span_id= request_id= business_trace_id= tenant_id= document_id= ingestion_job_id= - Spring Data Redis - Could not safely identify store assignment for repository candidate interface com.sparrowx.document.data.postgres.repositories.DocumentChunkRepository; If you want this repository to be a Redis repository, consider annotating your entities with one of these annotations: org.springframework.data.redis.core.RedisHash (preferred), or consider extending one of the following types with your repository: org.springframework.data.keyvalue.repository.KeyValueRepository
2026-05-30 09:32:21.272 [main] INFO  o.s.d.r.c.RepositoryConfigurationExtensionSupport otel_trace_id= otel_span_id= request_id= business_trace_id= tenant_id= document_id= ingestion_job_id= - Spring Data Redis - Could not safely identify store assignment for repository candidate interface com.sparrowx.document.data.postgres.repositories.DocumentRepository; If you want this repository to be a Redis repository, consider annotating your entities with one of these annotations: org.springframework.data.redis.core.RedisHash (preferred), or consider extending one of the following types with your repository: org.springframework.data.keyvalue.repository.KeyValueRepository
2026-05-30 09:32:21.272 [main] INFO  o.s.d.r.c.RepositoryConfigurationExtensionSupport otel_trace_id= otel_span_id= request_id= business_trace_id= tenant_id= document_id= ingestion_job_id= - Spring Data Redis - Could not safely identify store assignment for repository candidate interface com.sparrowx.document.data.postgres.repositories.IngestionJobRepository; If you want this repository to be a Redis repository, consider annotating your entities with one of these annotations: org.springframework.data.redis.core.RedisHash (preferred), or consider extending one of the following types with your repository: org.springframework.data.keyvalue.repository.KeyValueRepository
2026-05-30 09:32:21.272 [main] INFO  o.s.d.r.c.RepositoryConfigurationDelegate otel_trace_id= otel_span_id= request_id= business_trace_id= tenant_id= document_id= ingestion_job_id= - Finished Spring Data repository scanning in 25 ms. Found 0 Redis repository interfaces.
2026-05-30 09:32:22.587 [main] INFO  o.s.boot.tomcat.TomcatWebServer otel_trace_id= otel_span_id= request_id= business_trace_id= tenant_id= document_id= ingestion_job_id= - Tomcat initialized with port 8081 (http)
2026-05-30 09:32:22.605 [main] INFO  o.a.catalina.core.StandardService otel_trace_id= otel_span_id= request_id= business_trace_id= tenant_id= document_id= ingestion_job_id= - Starting service [Tomcat]
2026-05-30 09:32:22.605 [main] INFO  o.a.catalina.core.StandardEngine otel_trace_id= otel_span_id= request_id= business_trace_id= tenant_id= document_id= ingestion_job_id= - Starting Servlet engine: [Apache Tomcat/11.0.21]
2026-05-30 09:32:22.744 [main] INFO  o.s.b.w.c.s.WebApplicationContextInitializer otel_trace_id= otel_span_id= request_id= business_trace_id= tenant_id= document_id= ingestion_job_id= - Root WebApplicationContext: initialization completed in 3016 ms
2026-05-30 09:32:23.097 [main] INFO  org.hibernate.orm.jpa otel_trace_id= otel_span_id= request_id= business_trace_id= tenant_id= document_id= ingestion_job_id= - HHH008540: Processing PersistenceUnitInfo [name: default]
2026-05-30 09:32:23.169 [main] INFO  org.hibernate.orm.core otel_trace_id= otel_span_id= request_id= business_trace_id= tenant_id= document_id= ingestion_job_id= - HHH000001: Hibernate ORM core version 7.2.12.Final
2026-05-30 09:32:23.763 [main] INFO  o.s.o.j.p.SpringPersistenceUnitInfo otel_trace_id= otel_span_id= request_id= business_trace_id= tenant_id= document_id= ingestion_job_id= - No LoadTimeWeaver setup: ignoring JPA class transformer
2026-05-30 09:32:23.805 [main] INFO  com.zaxxer.hikari.HikariDataSource otel_trace_id= otel_span_id= request_id= business_trace_id= tenant_id= document_id= ingestion_job_id= - HikariPool-1 - Starting...
2026-05-30 09:32:24.040 [main] INFO  com.zaxxer.hikari.pool.HikariPool otel_trace_id= otel_span_id= request_id= business_trace_id= tenant_id= document_id= ingestion_job_id= - HikariPool-1 - Added connection org.postgresql.jdbc.PgConnection@79f6b43a
2026-05-30 09:32:24.043 [main] INFO  com.zaxxer.hikari.HikariDataSource otel_trace_id= otel_span_id= request_id= business_trace_id= tenant_id= document_id= ingestion_job_id= - HikariPool-1 - Start completed.
2026-05-30 09:32:24.132 [main] INFO  o.hibernate.orm.connections.pooling otel_trace_id= otel_span_id= request_id= business_trace_id= tenant_id= document_id= ingestion_job_id= - HHH10001005: Database info:
	Database JDBC URL [jdbc:postgresql://localhost:5432/postgres]
	Database driver: PostgreSQL JDBC Driver
	Database dialect: PostgreSQLDialect
	Database version: 16.13
	Default catalog/schema: postgres/public
	Autocommit mode: undefined/unknown
	Isolation level: READ_COMMITTED [default READ_COMMITTED]
	JDBC fetch size: none
	Pool: DataSourceConnectionProvider
	Minimum pool size: undefined/unknown
	Maximum pool size: undefined/unknown
2026-05-30 09:32:25.483 [main] INFO  org.hibernate.orm.core otel_trace_id= otel_span_id= request_id= business_trace_id= tenant_id= document_id= ingestion_job_id= - HHH000489: No JTA platform available (set 'hibernate.transaction.jta.platform' to enable JTA platform integration)
2026-05-30 09:32:25.562 [main] INFO  o.s.o.j.LocalContainerEntityManagerFactoryBean otel_trace_id= otel_span_id= request_id= business_trace_id= tenant_id= document_id= ingestion_job_id= - Initialized JPA EntityManagerFactory for persistence unit 'default'
2026-05-30 09:32:26.308 [main] INFO  o.s.d.j.r.q.QueryEnhancerFactories otel_trace_id= otel_span_id= request_id= business_trace_id= tenant_id= document_id= ingestion_job_id= - Hibernate is in classpath; If applicable, HQL parser will be used.
2026-05-30 09:32:28.400 [main] INFO  n.d.b.g.s.a.GrpcServerFactoryAutoConfiguration otel_trace_id= otel_span_id= request_id= business_trace_id= tenant_id= document_id= ingestion_job_id= - Detected grpc-netty-shaded: Creating ShadedNettyGrpcServerFactory
2026-05-30 09:32:29.037 [main] INFO  o.s.b.a.e.web.EndpointLinksResolver otel_trace_id= otel_span_id= request_id= business_trace_id= tenant_id= document_id= ingestion_job_id= - Exposing 3 endpoints beneath base path '/actuator'
2026-05-30 09:32:29.068 [main] WARN  o.s.a.m.a.p.s.SyncMcpSamplingProvider otel_trace_id= otel_span_id= request_id= business_trace_id= tenant_id= document_id= ingestion_job_id= - No sampling methods found
2026-05-30 09:32:29.072 [main] WARN  o.s.a.m.a.p.e.SyncMcpElicitationProvider otel_trace_id= otel_span_id= request_id= business_trace_id= tenant_id= document_id= ingestion_job_id= - No elicitation methods found
2026-05-30 09:32:29.156 [main] INFO  o.s.boot.tomcat.TomcatWebServer otel_trace_id= otel_span_id= request_id= business_trace_id= tenant_id= document_id= ingestion_job_id= - Tomcat started on port 8081 (http) with context path '/'
2026-05-30 09:32:29.261 [main] INFO  n.d.b.g.s.s.AbstractGrpcServerFactory otel_trace_id= otel_span_id= request_id= business_trace_id= tenant_id= document_id= ingestion_job_id= - Registered gRPC service: document.DocumentService, bean: documentServiceGrpcImpl, class: com.sparrowx.document.grpc.DocumentServiceGrpcImpl
2026-05-30 09:32:29.261 [main] INFO  n.d.b.g.s.s.AbstractGrpcServerFactory otel_trace_id= otel_span_id= request_id= business_trace_id= tenant_id= document_id= ingestion_job_id= - Registered gRPC service: grpc.health.v1.Health, bean: grpcHealthService, class: io.grpc.protobuf.services.HealthServiceImpl
2026-05-30 09:32:29.262 [main] INFO  n.d.b.g.s.s.AbstractGrpcServerFactory otel_trace_id= otel_span_id= request_id= business_trace_id= tenant_id= document_id= ingestion_job_id= - Registered gRPC service: grpc.reflection.v1alpha.ServerReflection, bean: protoReflectionService, class: io.grpc.protobuf.services.ProtoReflectionService
2026-05-30 09:32:29.433 [main] INFO  n.d.b.g.s.s.GrpcServerLifecycle otel_trace_id= otel_span_id= request_id= business_trace_id= tenant_id= document_id= ingestion_job_id= - gRPC Server started, listening on address: *, port: 50054
2026-05-30 09:32:29.450 [main] INFO  c.s.document.DocumentApplication otel_trace_id= otel_span_id= request_id= business_trace_id= tenant_id= document_id= ingestion_job_id= - Started DocumentApplication in 10.194 seconds (process running for 10.678)
2026-05-30 09:32:29.634 [main] INFO  c.s.d.d.q.QdrantCollectionInitializer otel_trace_id= otel_span_id= request_id= business_trace_id= tenant_id= document_id= ingestion_job_id= - Qdrant collection already exists: sparrowx_document_chunks
2026-05-30 09:32:29.636 [main] WARN  o.s.c.events.SpringDocAppInitializer otel_trace_id= otel_span_id= request_id= business_trace_id= tenant_id= document_id= ingestion_job_id= - SpringDoc /v3/api-docs endpoint is enabled by default. To disable it in production, set the property 'springdoc.api-docs.enabled=false'
2026-05-30 09:32:29.636 [main] WARN  o.s.c.events.SpringDocAppInitializer otel_trace_id= otel_span_id= request_id= business_trace_id= tenant_id= document_id= ingestion_job_id= - SpringDoc /swagger-ui.html endpoint is enabled by default. To disable it in production, set the property 'springdoc.swagger-ui.enabled=false'
2026-05-30 09:32:29.897 [main] INFO  c.s.d.g.h.DocumentServiceStartupCheck otel_trace_id= otel_span_id= request_id= business_trace_id= tenant_id= document_id= ingestion_job_id= - Document service startup check complete documentCount=27 storageProvider=MinioDocumentStorage
2026-05-30 09:32:29.916 [main] INFO  b.i.grpc.health.GrpcHealthAdapter otel_trace_id= otel_span_id= request_id= business_trace_id= tenant_id= document_id= ingestion_job_id= - Application ready — setting gRPC global health to SERVING
2026-05-30 09:32:31.284 [http-nio-8081-exec-1] INFO  o.a.c.c.C.[Tomcat].[localhost].[/] otel_trace_id= otel_span_id= request_id= business_trace_id= tenant_id= document_id= ingestion_job_id= - Initializing Spring DispatcherServlet 'dispatcherServlet'
2026-05-30 09:32:31.285 [http-nio-8081-exec-1] INFO  o.s.web.servlet.DispatcherServlet otel_trace_id= otel_span_id= request_id= business_trace_id= tenant_id= document_id= ingestion_job_id= - Initializing Servlet 'dispatcherServlet'
2026-05-30 09:32:31.286 [http-nio-8081-exec-1] INFO  o.s.web.servlet.DispatcherServlet otel_trace_id= otel_span_id= request_id= business_trace_id= tenant_id= document_id= ingestion_job_id= - Completed initialization in 1 ms
2026-05-30 09:33:27.454 [grpc-default-executor-0] INFO  b.i.g.i.GrpcLoggingInterceptor otel_trace_id= otel_span_id= request_id= business_trace_id= tenant_id= document_id= ingestion_job_id= - grpc.call.start document.DocumentService/BuildDocumentEvidence
2026-05-30 09:33:27.479 [grpc-default-executor-0] INFO  b.i.g.i.GrpcTracingInterceptor otel_trace_id=dab8bf97629dbb9fcb70239916d73b88 otel_span_id=58a0b275f6f70d2d request_id= business_trace_id= tenant_id= document_id= ingestion_job_id= - trace.start: dab8bf97629dbb9fcb70239916d73b88
2026-05-30 09:33:27.670 [grpc-default-executor-0] INFO  b.i.g.i.GrpcLoggingInterceptor$2 otel_trace_id= otel_span_id= request_id= business_trace_id= tenant_id= document_id= ingestion_job_id= - grpc.request.message document.DocumentService/BuildDocumentEvidence
2026-05-30 09:33:27.677 [grpc-default-executor-0] INFO  b.i.g.i.GrpcLoggingInterceptor$2 otel_trace_id= otel_span_id= request_id=req-build-evidence-activity-variance-001 business_trace_id=trace-build-evidence-activity-variance-001 tenant_id=tenant-001 document_id= ingestion_job_id= - grpc.request.complete document.DocumentService/BuildDocumentEvidence
2026-05-30 09:33:27.694 [grpc-default-executor-0] INFO  b.c.c.i.CommandObservabilityInterceptor otel_trace_id=dab8bf97629dbb9fcb70239916d73b88 otel_span_id=58a0b275f6f70d2d request_id=req-build-evidence-activity-variance-001 business_trace_id=trace-build-evidence-activity-variance-001 tenant_id=tenant-001 document_id= ingestion_job_id= - command.start BuildDocumentEvidenceCommand
2026-05-30 09:33:27.695 [grpc-default-executor-0] INFO  c.s.d.o.EvidenceBuildLogger otel_trace_id=dab8bf97629dbb9fcb70239916d73b88 otel_span_id=58a0b275f6f70d2d request_id=req-build-evidence-activity-variance-001 business_trace_id=trace-build-evidence-activity-variance-001 tenant_id=tenant-001 document_id= ingestion_job_id= - Document evidence build requested tenantId=tenant-001 userId=user-001 projectId=project-001 teamId=team-001 goal=EXTRACTION scopedDocumentCount=1 limit=8 allowClaimCache=false requireVerification=true
2026-05-30 09:34:07.096 [grpc-default-executor-0] INFO  c.s.d.o.EvidenceBuildLogger otel_trace_id=dab8bf97629dbb9fcb70239916d73b88 otel_span_id=58a0b275f6f70d2d request_id=req-build-evidence-activity-variance-001 business_trace_id=trace-build-evidence-activity-variance-001 tenant_id=tenant-001 document_id= ingestion_job_id= - Document evidence build completed tenantId=tenant-001 userId=user-001 graphId=0390c3e5-e9f8-44da-bdba-e03560035826 nodeCount=2 edgeCount=0 usedChunkRetrieval=true usedClaimCache=false coverageScore=1.0
2026-05-30 09:34:07.096 [grpc-default-executor-0] INFO  b.c.c.i.CommandObservabilityInterceptor otel_trace_id=dab8bf97629dbb9fcb70239916d73b88 otel_span_id=58a0b275f6f70d2d request_id=req-build-evidence-activity-variance-001 business_trace_id=trace-build-evidence-activity-variance-001 tenant_id=tenant-001 document_id= ingestion_job_id= - command.complete BuildDocumentEvidenceCommand in 39403 ms
2026-05-30 09:34:07.096 [grpc-default-executor-0] INFO  i.o.e.logging.LoggingSpanExporter otel_trace_id=dab8bf97629dbb9fcb70239916d73b88 otel_span_id=58a0b275f6f70d2d request_id=req-build-evidence-activity-variance-001 business_trace_id=trace-build-evidence-activity-variance-001 tenant_id=tenant-001 document_id= ingestion_job_id= - 'command.BuildDocumentEvidenceCommand' : dab8bf97629dbb9fcb70239916d73b88 288525886b81c8d0 INTERNAL [tracer: sparrowx-document-service:] {}
2026-05-30 09:34:07.124 [grpc-default-executor-0] INFO  b.i.g.i.GrpcLoggingInterceptor$1 otel_trace_id=dab8bf97629dbb9fcb70239916d73b88 otel_span_id=58a0b275f6f70d2d request_id=req-build-evidence-activity-variance-001 business_trace_id=trace-build-evidence-activity-variance-001 tenant_id=tenant-001 document_id= ingestion_job_id= - grpc.response.send document.DocumentService/BuildDocumentEvidence
2026-05-30 09:34:07.139 [grpc-default-executor-0] INFO  i.o.e.logging.LoggingSpanExporter otel_trace_id=dab8bf97629dbb9fcb70239916d73b88 otel_span_id=58a0b275f6f70d2d request_id=req-build-evidence-activity-variance-001 business_trace_id=trace-build-evidence-activity-variance-001 tenant_id=tenant-001 document_id= ingestion_job_id= - 'document.DocumentService/BuildDocumentEvidence' : dab8bf97629dbb9fcb70239916d73b88 58a0b275f6f70d2d SERVER [tracer: sparrowx-document-service:] AttributesMap{data={rpc.method=document.DocumentService/BuildDocumentEvidence, rpc.grpc.status_code=OK, rpc.system=grpc}, capacity=128, totalAddedValues=3}
2026-05-30 09:34:07.143 [grpc-default-executor-0] INFO  b.i.g.i.GrpcLoggingInterceptor$1 otel_trace_id=dab8bf97629dbb9fcb70239916d73b88 otel_span_id=58a0b275f6f70d2d request_id=req-build-evidence-activity-variance-001 business_trace_id=trace-build-evidence-activity-variance-001 tenant_id=tenant-001 document_id= ingestion_job_id= - grpc.call.close document.DocumentService/BuildDocumentEvidence status=Status{code=OK, description=null, cause=null}
2026-05-30 09:34:07.158 [grpc-default-executor-0] INFO  b.i.g.i.GrpcLoggingInterceptor$2 otel_trace_id= otel_span_id= request_id= business_trace_id= tenant_id= document_id= ingestion_job_id= - grpc.call.complete document.DocumentService/BuildDocumentEvidence
2026-05-30 09:36:13.534 [grpc-default-executor-1] INFO  b.i.g.i.GrpcLoggingInterceptor otel_trace_id= otel_span_id= request_id= business_trace_id= tenant_id= document_id= ingestion_job_id= - grpc.call.start document.DocumentService/BuildDocumentEvidence
2026-05-30 09:36:13.534 [grpc-default-executor-1] INFO  b.i.g.i.GrpcTracingInterceptor otel_trace_id=a6e350aaced5c08fd5c28d1ab381937c otel_span_id=26b17cc5bbe60f5b request_id= business_trace_id= tenant_id= document_id= ingestion_job_id= - trace.start: a6e350aaced5c08fd5c28d1ab381937c
2026-05-30 09:36:13.535 [grpc-default-executor-1] INFO  b.i.g.i.GrpcLoggingInterceptor$2 otel_trace_id= otel_span_id= request_id= business_trace_id= tenant_id= document_id= ingestion_job_id= - grpc.request.message document.DocumentService/BuildDocumentEvidence
2026-05-30 09:36:13.535 [grpc-default-executor-1] INFO  b.i.g.i.GrpcLoggingInterceptor$2 otel_trace_id= otel_span_id= request_id=req-build-evidence-activity-claim-001 business_trace_id=trace-build-evidence-activity-claim-001 tenant_id=tenant-001 document_id= ingestion_job_id= - grpc.request.complete document.DocumentService/BuildDocumentEvidence
2026-05-30 09:36:13.537 [grpc-default-executor-1] INFO  b.c.c.i.CommandObservabilityInterceptor otel_trace_id=a6e350aaced5c08fd5c28d1ab381937c otel_span_id=26b17cc5bbe60f5b request_id=req-build-evidence-activity-claim-001 business_trace_id=trace-build-evidence-activity-claim-001 tenant_id=tenant-001 document_id= ingestion_job_id= - command.start BuildDocumentEvidenceCommand
2026-05-30 09:36:13.538 [grpc-default-executor-1] INFO  c.s.d.o.EvidenceBuildLogger otel_trace_id=a6e350aaced5c08fd5c28d1ab381937c otel_span_id=26b17cc5bbe60f5b request_id=req-build-evidence-activity-claim-001 business_trace_id=trace-build-evidence-activity-claim-001 tenant_id=tenant-001 document_id= ingestion_job_id= - Document evidence build requested tenantId=tenant-001 userId=user-001 projectId=project-001 teamId=team-001 goal=EXTRACTION scopedDocumentCount=1 limit=8 allowClaimCache=false requireVerification=true
2026-05-30 09:36:48.433 [grpc-default-executor-1] INFO  c.s.d.o.EvidenceBuildLogger otel_trace_id=a6e350aaced5c08fd5c28d1ab381937c otel_span_id=26b17cc5bbe60f5b request_id=req-build-evidence-activity-claim-001 business_trace_id=trace-build-evidence-activity-claim-001 tenant_id=tenant-001 document_id= ingestion_job_id= - Document evidence build completed tenantId=tenant-001 userId=user-001 graphId=a18bfbdf-e804-4a42-9800-0096ee35cfb6 nodeCount=4 edgeCount=2 usedChunkRetrieval=true usedClaimCache=false coverageScore=1.0
2026-05-30 09:36:48.433 [grpc-default-executor-1] INFO  b.c.c.i.CommandObservabilityInterceptor otel_trace_id=a6e350aaced5c08fd5c28d1ab381937c otel_span_id=26b17cc5bbe60f5b request_id=req-build-evidence-activity-claim-001 business_trace_id=trace-build-evidence-activity-claim-001 tenant_id=tenant-001 document_id= ingestion_job_id= - command.complete BuildDocumentEvidenceCommand in 34898 ms
2026-05-30 09:36:48.433 [grpc-default-executor-1] INFO  i.o.e.logging.LoggingSpanExporter otel_trace_id=a6e350aaced5c08fd5c28d1ab381937c otel_span_id=26b17cc5bbe60f5b request_id=req-build-evidence-activity-claim-001 business_trace_id=trace-build-evidence-activity-claim-001 tenant_id=tenant-001 document_id= ingestion_job_id= - 'command.BuildDocumentEvidenceCommand' : a6e350aaced5c08fd5c28d1ab381937c 390e3fa11b06bb6f INTERNAL [tracer: sparrowx-document-service:] {}
2026-05-30 09:36:48.439 [grpc-default-executor-1] INFO  b.i.g.i.GrpcLoggingInterceptor$1 otel_trace_id=a6e350aaced5c08fd5c28d1ab381937c otel_span_id=26b17cc5bbe60f5b request_id=req-build-evidence-activity-claim-001 business_trace_id=trace-build-evidence-activity-claim-001 tenant_id=tenant-001 document_id= ingestion_job_id= - grpc.response.send document.DocumentService/BuildDocumentEvidence
2026-05-30 09:36:48.442 [grpc-default-executor-1] INFO  i.o.e.logging.LoggingSpanExporter otel_trace_id=a6e350aaced5c08fd5c28d1ab381937c otel_span_id=26b17cc5bbe60f5b request_id=req-build-evidence-activity-claim-001 business_trace_id=trace-build-evidence-activity-claim-001 tenant_id=tenant-001 document_id= ingestion_job_id= - 'document.DocumentService/BuildDocumentEvidence' : a6e350aaced5c08fd5c28d1ab381937c 26b17cc5bbe60f5b SERVER [tracer: sparrowx-document-service:] AttributesMap{data={rpc.method=document.DocumentService/BuildDocumentEvidence, rpc.grpc.status_code=OK, rpc.system=grpc}, capacity=128, totalAddedValues=3}
2026-05-30 09:36:48.442 [grpc-default-executor-1] INFO  b.i.g.i.GrpcLoggingInterceptor$1 otel_trace_id=a6e350aaced5c08fd5c28d1ab381937c otel_span_id=26b17cc5bbe60f5b request_id=req-build-evidence-activity-claim-001 business_trace_id=trace-build-evidence-activity-claim-001 tenant_id=tenant-001 document_id= ingestion_job_id= - grpc.call.close document.DocumentService/BuildDocumentEvidence status=Status{code=OK, description=null, cause=null}
2026-05-30 09:36:48.443 [grpc-default-executor-1] INFO  b.i.g.i.GrpcLoggingInterceptor$2 otel_trace_id= otel_span_id= request_id= business_trace_id= tenant_id= document_id= ingestion_job_id= - grpc.call.complete document.DocumentService/BuildDocumentEvidence
2026-05-30 09:44:31.099 [SpringApplicationShutdownHook] INFO  n.d.b.g.s.s.GrpcServerLifecycle otel_trace_id= otel_span_id= request_id= business_trace_id= tenant_id= document_id= ingestion_job_id= - Completed gRPC server shutdown
2026-05-30 09:44:31.101 [SpringApplicationShutdownHook] INFO  o.s.boot.tomcat.GracefulShutdown otel_trace_id= otel_span_id= request_id= business_trace_id= tenant_id= document_id= ingestion_job_id= - Commencing graceful shutdown. Waiting for active requests to complete
2026-05-30 09:44:31.106 [tomcat-shutdown] INFO  o.s.boot.tomcat.GracefulShutdown otel_trace_id= otel_span_id= request_id= business_trace_id= tenant_id= document_id= ingestion_job_id= - Graceful shutdown complete
2026-05-30 09:44:31.120 [SpringApplicationShutdownHook] INFO  b.i.grpc.health.GrpcHealthAdapter otel_trace_id= otel_span_id= request_id= business_trace_id= tenant_id= document_id= ingestion_job_id= - Shutting down — setting gRPC global health to NOT_SERVING
2026-05-30 09:44:31.133 [SpringApplicationShutdownHook] INFO  o.s.o.j.LocalContainerEntityManagerFactoryBean otel_trace_id= otel_span_id= request_id= business_trace_id= tenant_id= document_id= ingestion_job_id= - Closing JPA EntityManagerFactory for persistence unit 'default'
2026-05-30 09:44:31.135 [SpringApplicationShutdownHook] INFO  com.zaxxer.hikari.HikariDataSource otel_trace_id= otel_span_id= request_id= business_trace_id= tenant_id= document_id= ingestion_job_id= - HikariPool-1 - Shutdown initiated...
2026-05-30 09:44:31.140 [SpringApplicationShutdownHook] INFO  com.zaxxer.hikari.HikariDataSource otel_trace_id= otel_span_id= request_id= business_trace_id= tenant_id= document_id= ingestion_job_id= - HikariPool-1 - Shutdown completed.
2026-05-30 09:46:30.073 [main] INFO  c.s.document.DocumentApplication otel_trace_id= otel_span_id= request_id= business_trace_id= tenant_id= document_id= ingestion_job_id= - Starting DocumentApplication using Java 25.0.2 with PID 11664 (D:\Projects\Sparrow-x\document-service\target\classes started by aggre in D:\Projects\Sparrow-x\document-service)
2026-05-30 09:46:30.074 [main] INFO  c.s.document.DocumentApplication otel_trace_id= otel_span_id= request_id= business_trace_id= tenant_id= document_id= ingestion_job_id= - The following 1 profile is active: "dev"
2026-05-30 09:46:30.876 [main] INFO  o.s.d.r.c.RepositoryConfigurationDelegate otel_trace_id= otel_span_id= request_id= business_trace_id= tenant_id= document_id= ingestion_job_id= - Multiple Spring Data modules found, entering strict repository configuration mode
2026-05-30 09:46:30.877 [main] INFO  o.s.d.r.c.RepositoryConfigurationDelegate otel_trace_id= otel_span_id= request_id= business_trace_id= tenant_id= document_id= ingestion_job_id= - Bootstrapping Spring Data JPA repositories in DEFAULT mode.
2026-05-30 09:46:30.990 [main] INFO  o.s.d.r.c.RepositoryConfigurationDelegate otel_trace_id= otel_span_id= request_id= business_trace_id= tenant_id= document_id= ingestion_job_id= - Finished Spring Data repository scanning in 105 ms. Found 5 JPA repository interfaces.
2026-05-30 09:46:31.767 [main] INFO  o.s.d.r.c.RepositoryConfigurationDelegate otel_trace_id= otel_span_id= request_id= business_trace_id= tenant_id= document_id= ingestion_job_id= - Multiple Spring Data modules found, entering strict repository configuration mode
2026-05-30 09:46:31.769 [main] INFO  o.s.d.r.c.RepositoryConfigurationDelegate otel_trace_id= otel_span_id= request_id= business_trace_id= tenant_id= document_id= ingestion_job_id= - Bootstrapping Spring Data Redis repositories in DEFAULT mode.
2026-05-30 09:46:31.804 [main] INFO  o.s.d.r.c.RepositoryConfigurationExtensionSupport otel_trace_id= otel_span_id= request_id= business_trace_id= tenant_id= document_id= ingestion_job_id= - Spring Data Redis - Could not safely identify store assignment for repository candidate interface com.sparrowx.document.data.postgres.repositories.DocumentChunkRepository; If you want this repository to be a Redis repository, consider annotating your entities with one of these annotations: org.springframework.data.redis.core.RedisHash (preferred), or consider extending one of the following types with your repository: org.springframework.data.keyvalue.repository.KeyValueRepository
2026-05-30 09:46:31.804 [main] INFO  o.s.d.r.c.RepositoryConfigurationExtensionSupport otel_trace_id= otel_span_id= request_id= business_trace_id= tenant_id= document_id= ingestion_job_id= - Spring Data Redis - Could not safely identify store assignment for repository candidate interface com.sparrowx.document.data.postgres.repositories.DocumentRepository; If you want this repository to be a Redis repository, consider annotating your entities with one of these annotations: org.springframework.data.redis.core.RedisHash (preferred), or consider extending one of the following types with your repository: org.springframework.data.keyvalue.repository.KeyValueRepository
2026-05-30 09:46:31.805 [main] INFO  o.s.d.r.c.RepositoryConfigurationExtensionSupport otel_trace_id= otel_span_id= request_id= business_trace_id= tenant_id= document_id= ingestion_job_id= - Spring Data Redis - Could not safely identify store assignment for repository candidate interface com.sparrowx.document.data.postgres.repositories.IngestionJobRepository; If you want this repository to be a Redis repository, consider annotating your entities with one of these annotations: org.springframework.data.redis.core.RedisHash (preferred), or consider extending one of the following types with your repository: org.springframework.data.keyvalue.repository.KeyValueRepository
2026-05-30 09:46:31.805 [main] INFO  o.s.d.r.c.RepositoryConfigurationDelegate otel_trace_id= otel_span_id= request_id= business_trace_id= tenant_id= document_id= ingestion_job_id= - Finished Spring Data repository scanning in 26 ms. Found 0 Redis repository interfaces.
2026-05-30 09:46:33.325 [main] INFO  o.s.boot.tomcat.TomcatWebServer otel_trace_id= otel_span_id= request_id= business_trace_id= tenant_id= document_id= ingestion_job_id= - Tomcat initialized with port 8081 (http)
2026-05-30 09:46:33.341 [main] INFO  o.a.catalina.core.StandardService otel_trace_id= otel_span_id= request_id= business_trace_id= tenant_id= document_id= ingestion_job_id= - Starting service [Tomcat]
2026-05-30 09:46:33.341 [main] INFO  o.a.catalina.core.StandardEngine otel_trace_id= otel_span_id= request_id= business_trace_id= tenant_id= document_id= ingestion_job_id= - Starting Servlet engine: [Apache Tomcat/11.0.21]
2026-05-30 09:46:33.486 [main] INFO  o.s.b.w.c.s.WebApplicationContextInitializer otel_trace_id= otel_span_id= request_id= business_trace_id= tenant_id= document_id= ingestion_job_id= - Root WebApplicationContext: initialization completed in 3378 ms
2026-05-30 09:46:33.859 [main] INFO  org.hibernate.orm.jpa otel_trace_id= otel_span_id= request_id= business_trace_id= tenant_id= document_id= ingestion_job_id= - HHH008540: Processing PersistenceUnitInfo [name: default]
2026-05-30 09:46:33.942 [main] INFO  org.hibernate.orm.core otel_trace_id= otel_span_id= request_id= business_trace_id= tenant_id= document_id= ingestion_job_id= - HHH000001: Hibernate ORM core version 7.2.12.Final
2026-05-30 09:46:34.567 [main] INFO  o.s.o.j.p.SpringPersistenceUnitInfo otel_trace_id= otel_span_id= request_id= business_trace_id= tenant_id= document_id= ingestion_job_id= - No LoadTimeWeaver setup: ignoring JPA class transformer
2026-05-30 09:46:34.615 [main] INFO  com.zaxxer.hikari.HikariDataSource otel_trace_id= otel_span_id= request_id= business_trace_id= tenant_id= document_id= ingestion_job_id= - HikariPool-1 - Starting...
2026-05-30 09:46:34.822 [main] INFO  com.zaxxer.hikari.pool.HikariPool otel_trace_id= otel_span_id= request_id= business_trace_id= tenant_id= document_id= ingestion_job_id= - HikariPool-1 - Added connection org.postgresql.jdbc.PgConnection@79f6b43a
2026-05-30 09:46:34.823 [main] INFO  com.zaxxer.hikari.HikariDataSource otel_trace_id= otel_span_id= request_id= business_trace_id= tenant_id= document_id= ingestion_job_id= - HikariPool-1 - Start completed.
2026-05-30 09:46:34.920 [main] INFO  o.hibernate.orm.connections.pooling otel_trace_id= otel_span_id= request_id= business_trace_id= tenant_id= document_id= ingestion_job_id= - HHH10001005: Database info:
	Database JDBC URL [jdbc:postgresql://localhost:5432/postgres]
	Database driver: PostgreSQL JDBC Driver
	Database dialect: PostgreSQLDialect
	Database version: 16.13
	Default catalog/schema: postgres/public
	Autocommit mode: undefined/unknown
	Isolation level: READ_COMMITTED [default READ_COMMITTED]
	JDBC fetch size: none
	Pool: DataSourceConnectionProvider
	Minimum pool size: undefined/unknown
	Maximum pool size: undefined/unknown
2026-05-30 09:46:36.322 [main] INFO  org.hibernate.orm.core otel_trace_id= otel_span_id= request_id= business_trace_id= tenant_id= document_id= ingestion_job_id= - HHH000489: No JTA platform available (set 'hibernate.transaction.jta.platform' to enable JTA platform integration)
2026-05-30 09:46:36.385 [main] INFO  o.s.o.j.LocalContainerEntityManagerFactoryBean otel_trace_id= otel_span_id= request_id= business_trace_id= tenant_id= document_id= ingestion_job_id= - Initialized JPA EntityManagerFactory for persistence unit 'default'
2026-05-30 09:46:37.166 [main] INFO  o.s.d.j.r.q.QueryEnhancerFactories otel_trace_id= otel_span_id= request_id= business_trace_id= tenant_id= document_id= ingestion_job_id= - Hibernate is in classpath; If applicable, HQL parser will be used.
2026-05-30 09:46:39.308 [main] INFO  n.d.b.g.s.a.GrpcServerFactoryAutoConfiguration otel_trace_id= otel_span_id= request_id= business_trace_id= tenant_id= document_id= ingestion_job_id= - Detected grpc-netty-shaded: Creating ShadedNettyGrpcServerFactory
2026-05-30 09:46:40.103 [main] INFO  o.s.b.a.e.web.EndpointLinksResolver otel_trace_id= otel_span_id= request_id= business_trace_id= tenant_id= document_id= ingestion_job_id= - Exposing 3 endpoints beneath base path '/actuator'
2026-05-30 09:46:40.141 [main] WARN  o.s.a.m.a.p.s.SyncMcpSamplingProvider otel_trace_id= otel_span_id= request_id= business_trace_id= tenant_id= document_id= ingestion_job_id= - No sampling methods found
2026-05-30 09:46:40.145 [main] WARN  o.s.a.m.a.p.e.SyncMcpElicitationProvider otel_trace_id= otel_span_id= request_id= business_trace_id= tenant_id= document_id= ingestion_job_id= - No elicitation methods found
2026-05-30 09:46:40.257 [main] INFO  o.s.boot.tomcat.TomcatWebServer otel_trace_id= otel_span_id= request_id= business_trace_id= tenant_id= document_id= ingestion_job_id= - Tomcat started on port 8081 (http) with context path '/'
2026-05-30 09:46:40.382 [main] INFO  n.d.b.g.s.s.AbstractGrpcServerFactory otel_trace_id= otel_span_id= request_id= business_trace_id= tenant_id= document_id= ingestion_job_id= - Registered gRPC service: document.DocumentService, bean: documentServiceGrpcImpl, class: com.sparrowx.document.grpc.DocumentServiceGrpcImpl
2026-05-30 09:46:40.383 [main] INFO  n.d.b.g.s.s.AbstractGrpcServerFactory otel_trace_id= otel_span_id= request_id= business_trace_id= tenant_id= document_id= ingestion_job_id= - Registered gRPC service: grpc.health.v1.Health, bean: grpcHealthService, class: io.grpc.protobuf.services.HealthServiceImpl
2026-05-30 09:46:40.383 [main] INFO  n.d.b.g.s.s.AbstractGrpcServerFactory otel_trace_id= otel_span_id= request_id= business_trace_id= tenant_id= document_id= ingestion_job_id= - Registered gRPC service: grpc.reflection.v1alpha.ServerReflection, bean: protoReflectionService, class: io.grpc.protobuf.services.ProtoReflectionService
2026-05-30 09:46:40.556 [main] INFO  n.d.b.g.s.s.GrpcServerLifecycle otel_trace_id= otel_span_id= request_id= business_trace_id= tenant_id= document_id= ingestion_job_id= - gRPC Server started, listening on address: *, port: 50054
2026-05-30 09:46:40.577 [main] INFO  c.s.document.DocumentApplication otel_trace_id= otel_span_id= request_id= business_trace_id= tenant_id= document_id= ingestion_job_id= - Started DocumentApplication in 10.97 seconds (process running for 11.539)
2026-05-30 09:46:40.779 [main] INFO  c.s.d.d.q.QdrantCollectionInitializer otel_trace_id= otel_span_id= request_id= business_trace_id= tenant_id= document_id= ingestion_job_id= - Qdrant collection already exists: sparrowx_document_chunks
2026-05-30 09:46:40.781 [main] WARN  o.s.c.events.SpringDocAppInitializer otel_trace_id= otel_span_id= request_id= business_trace_id= tenant_id= document_id= ingestion_job_id= - SpringDoc /v3/api-docs endpoint is enabled by default. To disable it in production, set the property 'springdoc.api-docs.enabled=false'
2026-05-30 09:46:40.781 [main] WARN  o.s.c.events.SpringDocAppInitializer otel_trace_id= otel_span_id= request_id= business_trace_id= tenant_id= document_id= ingestion_job_id= - SpringDoc /swagger-ui.html endpoint is enabled by default. To disable it in production, set the property 'springdoc.swagger-ui.enabled=false'
2026-05-30 09:46:41.041 [main] INFO  c.s.d.g.h.DocumentServiceStartupCheck otel_trace_id= otel_span_id= request_id= business_trace_id= tenant_id= document_id= ingestion_job_id= - Document service startup check complete documentCount=27 storageProvider=MinioDocumentStorage
2026-05-30 09:46:41.059 [main] INFO  b.i.grpc.health.GrpcHealthAdapter otel_trace_id= otel_span_id= request_id= business_trace_id= tenant_id= document_id= ingestion_job_id= - Application ready — setting gRPC global health to SERVING
2026-05-30 09:46:41.244 [http-nio-8081-exec-1] INFO  o.a.c.c.C.[Tomcat].[localhost].[/] otel_trace_id= otel_span_id= request_id= business_trace_id= tenant_id= document_id= ingestion_job_id= - Initializing Spring DispatcherServlet 'dispatcherServlet'
2026-05-30 09:46:41.245 [http-nio-8081-exec-1] INFO  o.s.web.servlet.DispatcherServlet otel_trace_id= otel_span_id= request_id= business_trace_id= tenant_id= document_id= ingestion_job_id= - Initializing Servlet 'dispatcherServlet'
2026-05-30 09:46:41.247 [http-nio-8081-exec-1] INFO  o.s.web.servlet.DispatcherServlet otel_trace_id= otel_span_id= request_id= business_trace_id= tenant_id= document_id= ingestion_job_id= - Completed initialization in 1 ms
2026-05-30 09:47:00.671 [grpc-default-executor-0] INFO  b.i.g.i.GrpcLoggingInterceptor otel_trace_id= otel_span_id= request_id= business_trace_id= tenant_id= document_id= ingestion_job_id= - grpc.call.start document.DocumentService/BuildDocumentEvidence
2026-05-30 09:47:00.703 [grpc-default-executor-0] INFO  b.i.g.i.GrpcTracingInterceptor otel_trace_id=ebce010adeba145a1015eea95b739871 otel_span_id=5d1fbf63f8fbbb29 request_id= business_trace_id= tenant_id= document_id= ingestion_job_id= - trace.start: ebce010adeba145a1015eea95b739871
2026-05-30 09:47:00.870 [grpc-default-executor-0] INFO  b.i.g.i.GrpcLoggingInterceptor$2 otel_trace_id= otel_span_id= request_id= business_trace_id= tenant_id= document_id= ingestion_job_id= - grpc.request.message document.DocumentService/BuildDocumentEvidence
2026-05-30 09:47:00.881 [grpc-default-executor-0] INFO  b.i.g.i.GrpcLoggingInterceptor$2 otel_trace_id= otel_span_id= request_id=req-build-evidence-activity-claim-001 business_trace_id=trace-build-evidence-activity-claim-001 tenant_id=tenant-001 document_id= ingestion_job_id= - grpc.request.complete document.DocumentService/BuildDocumentEvidence
2026-05-30 09:47:00.896 [grpc-default-executor-0] INFO  b.c.c.i.CommandObservabilityInterceptor otel_trace_id=ebce010adeba145a1015eea95b739871 otel_span_id=5d1fbf63f8fbbb29 request_id=req-build-evidence-activity-claim-001 business_trace_id=trace-build-evidence-activity-claim-001 tenant_id=tenant-001 document_id= ingestion_job_id= - command.start BuildDocumentEvidenceCommand
2026-05-30 09:47:00.896 [grpc-default-executor-0] INFO  c.s.d.o.EvidenceBuildLogger otel_trace_id=ebce010adeba145a1015eea95b739871 otel_span_id=5d1fbf63f8fbbb29 request_id=req-build-evidence-activity-claim-001 business_trace_id=trace-build-evidence-activity-claim-001 tenant_id=tenant-001 document_id= ingestion_job_id= - Document evidence build requested tenantId=tenant-001 userId=user-001 projectId=project-001 teamId=team-001 goal=EXTRACTION scopedDocumentCount=1 limit=8 allowClaimCache=false requireVerification=true
2026-05-30 09:47:33.277 [grpc-default-executor-0] INFO  c.s.d.o.EvidenceBuildLogger otel_trace_id=ebce010adeba145a1015eea95b739871 otel_span_id=5d1fbf63f8fbbb29 request_id=req-build-evidence-activity-claim-001 business_trace_id=trace-build-evidence-activity-claim-001 tenant_id=tenant-001 document_id= ingestion_job_id= - Document evidence build completed tenantId=tenant-001 userId=user-001 graphId=3e2567bd-f719-40ce-af5a-c3c0df924d77 nodeCount=6 edgeCount=2 usedChunkRetrieval=true usedClaimCache=false coverageScore=1.0
2026-05-30 09:47:33.277 [grpc-default-executor-0] INFO  b.c.c.i.CommandObservabilityInterceptor otel_trace_id=ebce010adeba145a1015eea95b739871 otel_span_id=5d1fbf63f8fbbb29 request_id=req-build-evidence-activity-claim-001 business_trace_id=trace-build-evidence-activity-claim-001 tenant_id=tenant-001 document_id= ingestion_job_id= - command.complete BuildDocumentEvidenceCommand in 32381 ms
2026-05-30 09:47:33.278 [grpc-default-executor-0] INFO  i.o.e.logging.LoggingSpanExporter otel_trace_id=ebce010adeba145a1015eea95b739871 otel_span_id=5d1fbf63f8fbbb29 request_id=req-build-evidence-activity-claim-001 business_trace_id=trace-build-evidence-activity-claim-001 tenant_id=tenant-001 document_id= ingestion_job_id= - 'command.BuildDocumentEvidenceCommand' : ebce010adeba145a1015eea95b739871 30fb129752a19acf INTERNAL [tracer: sparrowx-document-service:] {}
2026-05-30 09:47:33.313 [grpc-default-executor-0] INFO  b.i.g.i.GrpcLoggingInterceptor$1 otel_trace_id=ebce010adeba145a1015eea95b739871 otel_span_id=5d1fbf63f8fbbb29 request_id=req-build-evidence-activity-claim-001 business_trace_id=trace-build-evidence-activity-claim-001 tenant_id=tenant-001 document_id= ingestion_job_id= - grpc.response.send document.DocumentService/BuildDocumentEvidence
2026-05-30 09:47:33.324 [grpc-default-executor-0] INFO  i.o.e.logging.LoggingSpanExporter otel_trace_id=ebce010adeba145a1015eea95b739871 otel_span_id=5d1fbf63f8fbbb29 request_id=req-build-evidence-activity-claim-001 business_trace_id=trace-build-evidence-activity-claim-001 tenant_id=tenant-001 document_id= ingestion_job_id= - 'document.DocumentService/BuildDocumentEvidence' : ebce010adeba145a1015eea95b739871 5d1fbf63f8fbbb29 SERVER [tracer: sparrowx-document-service:] AttributesMap{data={rpc.method=document.DocumentService/BuildDocumentEvidence, rpc.grpc.status_code=OK, rpc.system=grpc}, capacity=128, totalAddedValues=3}
2026-05-30 09:47:33.328 [grpc-default-executor-0] INFO  b.i.g.i.GrpcLoggingInterceptor$1 otel_trace_id=ebce010adeba145a1015eea95b739871 otel_span_id=5d1fbf63f8fbbb29 request_id=req-build-evidence-activity-claim-001 business_trace_id=trace-build-evidence-activity-claim-001 tenant_id=tenant-001 document_id= ingestion_job_id= - grpc.call.close document.DocumentService/BuildDocumentEvidence status=Status{code=OK, description=null, cause=null}
2026-05-30 09:47:33.347 [grpc-default-executor-0] INFO  b.i.g.i.GrpcLoggingInterceptor$2 otel_trace_id= otel_span_id= request_id= business_trace_id= tenant_id= document_id= ingestion_job_id= - grpc.call.complete document.DocumentService/BuildDocumentEvidence
2026-05-30 09:50:49.851 [grpc-default-executor-1] INFO  b.i.g.i.GrpcLoggingInterceptor otel_trace_id= otel_span_id= request_id= business_trace_id= tenant_id= document_id= ingestion_job_id= - grpc.call.start document.DocumentService/BuildDocumentEvidence
2026-05-30 09:50:49.851 [grpc-default-executor-1] INFO  b.i.g.i.GrpcTracingInterceptor otel_trace_id=4212a7194d4440e13b830419edff7cfe otel_span_id=2e48f1e0e404e314 request_id= business_trace_id= tenant_id= document_id= ingestion_job_id= - trace.start: 4212a7194d4440e13b830419edff7cfe
2026-05-30 09:50:49.851 [grpc-default-executor-1] INFO  b.i.g.i.GrpcLoggingInterceptor$2 otel_trace_id= otel_span_id= request_id= business_trace_id= tenant_id= document_id= ingestion_job_id= - grpc.request.message document.DocumentService/BuildDocumentEvidence
2026-05-30 09:50:49.851 [grpc-default-executor-1] INFO  b.i.g.i.GrpcLoggingInterceptor$2 otel_trace_id= otel_span_id= request_id=req-build-evidence-independent-influences-001 business_trace_id=trace-build-evidence-independent-influences-001 tenant_id=tenant-001 document_id= ingestion_job_id= - grpc.request.complete document.DocumentService/BuildDocumentEvidence
2026-05-30 09:50:49.854 [grpc-default-executor-1] INFO  b.c.c.i.CommandObservabilityInterceptor otel_trace_id=4212a7194d4440e13b830419edff7cfe otel_span_id=2e48f1e0e404e314 request_id=req-build-evidence-independent-influences-001 business_trace_id=trace-build-evidence-independent-influences-001 tenant_id=tenant-001 document_id= ingestion_job_id= - command.start BuildDocumentEvidenceCommand
2026-05-30 09:50:49.855 [grpc-default-executor-1] INFO  c.s.d.o.EvidenceBuildLogger otel_trace_id=4212a7194d4440e13b830419edff7cfe otel_span_id=2e48f1e0e404e314 request_id=req-build-evidence-independent-influences-001 business_trace_id=trace-build-evidence-independent-influences-001 tenant_id=tenant-001 document_id= ingestion_job_id= - Document evidence build requested tenantId=tenant-001 userId=user-001 projectId=project-001 teamId=team-001 goal=EXTRACTION scopedDocumentCount=1 limit=8 allowClaimCache=false requireVerification=true
2026-05-30 09:51:15.635 [grpc-default-executor-1] INFO  c.s.d.o.EvidenceBuildLogger otel_trace_id=4212a7194d4440e13b830419edff7cfe otel_span_id=2e48f1e0e404e314 request_id=req-build-evidence-independent-influences-001 business_trace_id=trace-build-evidence-independent-influences-001 tenant_id=tenant-001 document_id= ingestion_job_id= - Document evidence build completed tenantId=tenant-001 userId=user-001 graphId=9ab7065f-17a8-4e08-b8dd-25b07ac403bd nodeCount=5 edgeCount=3 usedChunkRetrieval=true usedClaimCache=false coverageScore=1.0
2026-05-30 09:51:15.635 [grpc-default-executor-1] INFO  b.c.c.i.CommandObservabilityInterceptor otel_trace_id=4212a7194d4440e13b830419edff7cfe otel_span_id=2e48f1e0e404e314 request_id=req-build-evidence-independent-influences-001 business_trace_id=trace-build-evidence-independent-influences-001 tenant_id=tenant-001 document_id= ingestion_job_id= - command.complete BuildDocumentEvidenceCommand in 25785 ms
2026-05-30 09:51:15.641 [grpc-default-executor-1] INFO  i.o.e.logging.LoggingSpanExporter otel_trace_id=4212a7194d4440e13b830419edff7cfe otel_span_id=2e48f1e0e404e314 request_id=req-build-evidence-independent-influences-001 business_trace_id=trace-build-evidence-independent-influences-001 tenant_id=tenant-001 document_id= ingestion_job_id= - 'command.BuildDocumentEvidenceCommand' : 4212a7194d4440e13b830419edff7cfe 4cbc802b7b2a174a INTERNAL [tracer: sparrowx-document-service:] {}
2026-05-30 09:51:15.644 [grpc-default-executor-1] INFO  b.i.g.i.GrpcLoggingInterceptor$1 otel_trace_id=4212a7194d4440e13b830419edff7cfe otel_span_id=2e48f1e0e404e314 request_id=req-build-evidence-independent-influences-001 business_trace_id=trace-build-evidence-independent-influences-001 tenant_id=tenant-001 document_id= ingestion_job_id= - grpc.response.send document.DocumentService/BuildDocumentEvidence
2026-05-30 09:51:15.645 [grpc-default-executor-1] INFO  i.o.e.logging.LoggingSpanExporter otel_trace_id=4212a7194d4440e13b830419edff7cfe otel_span_id=2e48f1e0e404e314 request_id=req-build-evidence-independent-influences-001 business_trace_id=trace-build-evidence-independent-influences-001 tenant_id=tenant-001 document_id= ingestion_job_id= - 'document.DocumentService/BuildDocumentEvidence' : 4212a7194d4440e13b830419edff7cfe 2e48f1e0e404e314 SERVER [tracer: sparrowx-document-service:] AttributesMap{data={rpc.method=document.DocumentService/BuildDocumentEvidence, rpc.grpc.status_code=OK, rpc.system=grpc}, capacity=128, totalAddedValues=3}
2026-05-30 09:51:15.645 [grpc-default-executor-1] INFO  b.i.g.i.GrpcLoggingInterceptor$1 otel_trace_id=4212a7194d4440e13b830419edff7cfe otel_span_id=2e48f1e0e404e314 request_id=req-build-evidence-independent-influences-001 business_trace_id=trace-build-evidence-independent-influences-001 tenant_id=tenant-001 document_id= ingestion_job_id= - grpc.call.close document.DocumentService/BuildDocumentEvidence status=Status{code=OK, description=null, cause=null}
2026-05-30 09:51:15.647 [grpc-default-executor-1] INFO  b.i.g.i.GrpcLoggingInterceptor$2 otel_trace_id= otel_span_id= request_id= business_trace_id= tenant_id= document_id= ingestion_job_id= - grpc.call.complete document.DocumentService/BuildDocumentEvidence
2026-05-30 09:52:40.895 [grpc-default-executor-2] INFO  b.i.g.i.GrpcLoggingInterceptor otel_trace_id= otel_span_id= request_id= business_trace_id= tenant_id= document_id= ingestion_job_id= - grpc.call.start document.DocumentService/BuildDocumentEvidence
2026-05-30 09:52:40.895 [grpc-default-executor-2] INFO  b.i.g.i.GrpcTracingInterceptor otel_trace_id=10978c8e0d61bc267b331f0db94b66cd otel_span_id=c68054644e791585 request_id= business_trace_id= tenant_id= document_id= ingestion_job_id= - trace.start: 10978c8e0d61bc267b331f0db94b66cd
2026-05-30 09:52:40.895 [grpc-default-executor-2] INFO  b.i.g.i.GrpcLoggingInterceptor$2 otel_trace_id= otel_span_id= request_id= business_trace_id= tenant_id= document_id= ingestion_job_id= - grpc.request.message document.DocumentService/BuildDocumentEvidence
2026-05-30 09:52:40.895 [grpc-default-executor-2] INFO  b.i.g.i.GrpcLoggingInterceptor$2 otel_trace_id= otel_span_id= request_id=req-build-evidence-neural-imaging-unsupported-001 business_trace_id=trace-build-evidence-neural-imaging-unsupported-001 tenant_id=tenant-001 document_id= ingestion_job_id= - grpc.request.complete document.DocumentService/BuildDocumentEvidence
2026-05-30 09:52:40.901 [grpc-default-executor-2] INFO  b.c.c.i.CommandObservabilityInterceptor otel_trace_id=10978c8e0d61bc267b331f0db94b66cd otel_span_id=c68054644e791585 request_id=req-build-evidence-neural-imaging-unsupported-001 business_trace_id=trace-build-evidence-neural-imaging-unsupported-001 tenant_id=tenant-001 document_id= ingestion_job_id= - command.start BuildDocumentEvidenceCommand
2026-05-30 09:52:40.901 [grpc-default-executor-2] INFO  c.s.d.o.EvidenceBuildLogger otel_trace_id=10978c8e0d61bc267b331f0db94b66cd otel_span_id=c68054644e791585 request_id=req-build-evidence-neural-imaging-unsupported-001 business_trace_id=trace-build-evidence-neural-imaging-unsupported-001 tenant_id=tenant-001 document_id= ingestion_job_id= - Document evidence build requested tenantId=tenant-001 userId=user-001 projectId=project-001 teamId=team-001 goal=EXTRACTION scopedDocumentCount=1 limit=8 allowClaimCache=false requireVerification=true
2026-05-30 09:53:52.898 [grpc-default-executor-2] INFO  c.s.d.o.EvidenceBuildLogger otel_trace_id=10978c8e0d61bc267b331f0db94b66cd otel_span_id=c68054644e791585 request_id=req-build-evidence-neural-imaging-unsupported-001 business_trace_id=trace-build-evidence-neural-imaging-unsupported-001 tenant_id=tenant-001 document_id= ingestion_job_id= - Document evidence build completed tenantId=tenant-001 userId=user-001 graphId=406922e0-2c49-4cf5-a200-01bcc7dcc953 nodeCount=8 edgeCount=4 usedChunkRetrieval=true usedClaimCache=false coverageScore=1.0
2026-05-30 09:53:52.899 [grpc-default-executor-2] INFO  b.c.c.i.CommandObservabilityInterceptor otel_trace_id=10978c8e0d61bc267b331f0db94b66cd otel_span_id=c68054644e791585 request_id=req-build-evidence-neural-imaging-unsupported-001 business_trace_id=trace-build-evidence-neural-imaging-unsupported-001 tenant_id=tenant-001 document_id= ingestion_job_id= - command.complete BuildDocumentEvidenceCommand in 71997 ms
2026-05-30 09:53:52.899 [grpc-default-executor-2] INFO  i.o.e.logging.LoggingSpanExporter otel_trace_id=10978c8e0d61bc267b331f0db94b66cd otel_span_id=c68054644e791585 request_id=req-build-evidence-neural-imaging-unsupported-001 business_trace_id=trace-build-evidence-neural-imaging-unsupported-001 tenant_id=tenant-001 document_id= ingestion_job_id= - 'command.BuildDocumentEvidenceCommand' : 10978c8e0d61bc267b331f0db94b66cd 9ff308ca09132b1f INTERNAL [tracer: sparrowx-document-service:] {}
2026-05-30 09:53:52.901 [grpc-default-executor-2] INFO  b.i.g.i.GrpcLoggingInterceptor$1 otel_trace_id=10978c8e0d61bc267b331f0db94b66cd otel_span_id=c68054644e791585 request_id=req-build-evidence-neural-imaging-unsupported-001 business_trace_id=trace-build-evidence-neural-imaging-unsupported-001 tenant_id=tenant-001 document_id= ingestion_job_id= - grpc.response.send document.DocumentService/BuildDocumentEvidence
2026-05-30 09:53:52.905 [grpc-default-executor-2] INFO  i.o.e.logging.LoggingSpanExporter otel_trace_id=10978c8e0d61bc267b331f0db94b66cd otel_span_id=c68054644e791585 request_id=req-build-evidence-neural-imaging-unsupported-001 business_trace_id=trace-build-evidence-neural-imaging-unsupported-001 tenant_id=tenant-001 document_id= ingestion_job_id= - 'document.DocumentService/BuildDocumentEvidence' : 10978c8e0d61bc267b331f0db94b66cd c68054644e791585 SERVER [tracer: sparrowx-document-service:] AttributesMap{data={rpc.method=document.DocumentService/BuildDocumentEvidence, rpc.grpc.status_code=OK, rpc.system=grpc}, capacity=128, totalAddedValues=3}
2026-05-30 09:53:52.905 [grpc-default-executor-2] INFO  b.i.g.i.GrpcLoggingInterceptor$1 otel_trace_id=10978c8e0d61bc267b331f0db94b66cd otel_span_id=c68054644e791585 request_id=req-build-evidence-neural-imaging-unsupported-001 business_trace_id=trace-build-evidence-neural-imaging-unsupported-001 tenant_id=tenant-001 document_id= ingestion_job_id= - grpc.call.close document.DocumentService/BuildDocumentEvidence status=Status{code=OK, description=null, cause=null}
2026-05-30 09:53:52.906 [grpc-default-executor-2] INFO  b.i.g.i.GrpcLoggingInterceptor$2 otel_trace_id= otel_span_id= request_id= business_trace_id= tenant_id= document_id= ingestion_job_id= - grpc.call.complete document.DocumentService/BuildDocumentEvidence
2026-05-30 09:57:46.090 [SpringApplicationShutdownHook] INFO  n.d.b.g.s.s.GrpcServerLifecycle otel_trace_id= otel_span_id= request_id= business_trace_id= tenant_id= document_id= ingestion_job_id= - Completed gRPC server shutdown
2026-05-30 09:57:46.092 [SpringApplicationShutdownHook] INFO  o.s.boot.tomcat.GracefulShutdown otel_trace_id= otel_span_id= request_id= business_trace_id= tenant_id= document_id= ingestion_job_id= - Commencing graceful shutdown. Waiting for active requests to complete
2026-05-30 09:57:46.095 [tomcat-shutdown] INFO  o.s.boot.tomcat.GracefulShutdown otel_trace_id= otel_span_id= request_id= business_trace_id= tenant_id= document_id= ingestion_job_id= - Graceful shutdown complete
2026-05-30 09:57:46.110 [SpringApplicationShutdownHook] INFO  b.i.grpc.health.GrpcHealthAdapter otel_trace_id= otel_span_id= request_id= business_trace_id= tenant_id= document_id= ingestion_job_id= - Shutting down — setting gRPC global health to NOT_SERVING
2026-05-30 09:57:46.130 [SpringApplicationShutdownHook] INFO  o.s.o.j.LocalContainerEntityManagerFactoryBean otel_trace_id= otel_span_id= request_id= business_trace_id= tenant_id= document_id= ingestion_job_id= - Closing JPA EntityManagerFactory for persistence unit 'default'
2026-05-30 09:57:46.133 [SpringApplicationShutdownHook] INFO  com.zaxxer.hikari.HikariDataSource otel_trace_id= otel_span_id= request_id= business_trace_id= tenant_id= document_id= ingestion_job_id= - HikariPool-1 - Shutdown initiated...
2026-05-30 09:57:46.137 [SpringApplicationShutdownHook] INFO  com.zaxxer.hikari.HikariDataSource otel_trace_id= otel_span_id= request_id= business_trace_id= tenant_id= document_id= ingestion_job_id= - HikariPool-1 - Shutdown completed.
2026-05-30 09:58:33.919 [main] INFO  c.s.document.DocumentApplication otel_trace_id= otel_span_id= request_id= business_trace_id= tenant_id= document_id= ingestion_job_id= - Starting DocumentApplication using Java 25.0.2 with PID 23492 (D:\Projects\Sparrow-x\document-service\target\classes started by aggre in D:\Projects\Sparrow-x\document-service)
2026-05-30 09:58:33.921 [main] INFO  c.s.document.DocumentApplication otel_trace_id= otel_span_id= request_id= business_trace_id= tenant_id= document_id= ingestion_job_id= - The following 1 profile is active: "dev"
2026-05-30 09:58:34.567 [main] INFO  o.s.d.r.c.RepositoryConfigurationDelegate otel_trace_id= otel_span_id= request_id= business_trace_id= tenant_id= document_id= ingestion_job_id= - Multiple Spring Data modules found, entering strict repository configuration mode
2026-05-30 09:58:34.567 [main] INFO  o.s.d.r.c.RepositoryConfigurationDelegate otel_trace_id= otel_span_id= request_id= business_trace_id= tenant_id= document_id= ingestion_job_id= - Bootstrapping Spring Data JPA repositories in DEFAULT mode.
2026-05-30 09:58:34.653 [main] INFO  o.s.d.r.c.RepositoryConfigurationDelegate otel_trace_id= otel_span_id= request_id= business_trace_id= tenant_id= document_id= ingestion_job_id= - Finished Spring Data repository scanning in 78 ms. Found 5 JPA repository interfaces.
2026-05-30 09:58:35.565 [main] INFO  o.s.d.r.c.RepositoryConfigurationDelegate otel_trace_id= otel_span_id= request_id= business_trace_id= tenant_id= document_id= ingestion_job_id= - Multiple Spring Data modules found, entering strict repository configuration mode
2026-05-30 09:58:35.567 [main] INFO  o.s.d.r.c.RepositoryConfigurationDelegate otel_trace_id= otel_span_id= request_id= business_trace_id= tenant_id= document_id= ingestion_job_id= - Bootstrapping Spring Data Redis repositories in DEFAULT mode.
2026-05-30 09:58:35.622 [main] INFO  o.s.d.r.c.RepositoryConfigurationExtensionSupport otel_trace_id= otel_span_id= request_id= business_trace_id= tenant_id= document_id= ingestion_job_id= - Spring Data Redis - Could not safely identify store assignment for repository candidate interface com.sparrowx.document.data.postgres.repositories.DocumentChunkRepository; If you want this repository to be a Redis repository, consider annotating your entities with one of these annotations: org.springframework.data.redis.core.RedisHash (preferred), or consider extending one of the following types with your repository: org.springframework.data.keyvalue.repository.KeyValueRepository
2026-05-30 09:58:35.622 [main] INFO  o.s.d.r.c.RepositoryConfigurationExtensionSupport otel_trace_id= otel_span_id= request_id= business_trace_id= tenant_id= document_id= ingestion_job_id= - Spring Data Redis - Could not safely identify store assignment for repository candidate interface com.sparrowx.document.data.postgres.repositories.DocumentRepository; If you want this repository to be a Redis repository, consider annotating your entities with one of these annotations: org.springframework.data.redis.core.RedisHash (preferred), or consider extending one of the following types with your repository: org.springframework.data.keyvalue.repository.KeyValueRepository
2026-05-30 09:58:35.623 [main] INFO  o.s.d.r.c.RepositoryConfigurationExtensionSupport otel_trace_id= otel_span_id= request_id= business_trace_id= tenant_id= document_id= ingestion_job_id= - Spring Data Redis - Could not safely identify store assignment for repository candidate interface com.sparrowx.document.data.postgres.repositories.IngestionJobRepository; If you want this repository to be a Redis repository, consider annotating your entities with one of these annotations: org.springframework.data.redis.core.RedisHash (preferred), or consider extending one of the following types with your repository: org.springframework.data.keyvalue.repository.KeyValueRepository
2026-05-30 09:58:35.623 [main] INFO  o.s.d.r.c.RepositoryConfigurationDelegate otel_trace_id= otel_span_id= request_id= business_trace_id= tenant_id= document_id= ingestion_job_id= - Finished Spring Data repository scanning in 37 ms. Found 0 Redis repository interfaces.
2026-05-30 09:58:37.537 [main] INFO  o.s.boot.tomcat.TomcatWebServer otel_trace_id= otel_span_id= request_id= business_trace_id= tenant_id= document_id= ingestion_job_id= - Tomcat initialized with port 8081 (http)
2026-05-30 09:58:37.564 [main] INFO  o.a.catalina.core.StandardService otel_trace_id= otel_span_id= request_id= business_trace_id= tenant_id= document_id= ingestion_job_id= - Starting service [Tomcat]
2026-05-30 09:58:37.564 [main] INFO  o.a.catalina.core.StandardEngine otel_trace_id= otel_span_id= request_id= business_trace_id= tenant_id= document_id= ingestion_job_id= - Starting Servlet engine: [Apache Tomcat/11.0.21]
2026-05-30 09:58:37.734 [main] INFO  o.s.b.w.c.s.WebApplicationContextInitializer otel_trace_id= otel_span_id= request_id= business_trace_id= tenant_id= document_id= ingestion_job_id= - Root WebApplicationContext: initialization completed in 3781 ms
2026-05-30 09:58:38.209 [main] INFO  org.hibernate.orm.jpa otel_trace_id= otel_span_id= request_id= business_trace_id= tenant_id= document_id= ingestion_job_id= - HHH008540: Processing PersistenceUnitInfo [name: default]
2026-05-30 09:58:38.309 [main] INFO  org.hibernate.orm.core otel_trace_id= otel_span_id= request_id= business_trace_id= tenant_id= document_id= ingestion_job_id= - HHH000001: Hibernate ORM core version 7.2.12.Final
2026-05-30 09:58:39.135 [main] INFO  o.s.o.j.p.SpringPersistenceUnitInfo otel_trace_id= otel_span_id= request_id= business_trace_id= tenant_id= document_id= ingestion_job_id= - No LoadTimeWeaver setup: ignoring JPA class transformer
2026-05-30 09:58:39.192 [main] INFO  com.zaxxer.hikari.HikariDataSource otel_trace_id= otel_span_id= request_id= business_trace_id= tenant_id= document_id= ingestion_job_id= - HikariPool-1 - Starting...
2026-05-30 09:58:39.462 [main] INFO  com.zaxxer.hikari.pool.HikariPool otel_trace_id= otel_span_id= request_id= business_trace_id= tenant_id= document_id= ingestion_job_id= - HikariPool-1 - Added connection org.postgresql.jdbc.PgConnection@79f6b43a
2026-05-30 09:58:39.463 [main] INFO  com.zaxxer.hikari.HikariDataSource otel_trace_id= otel_span_id= request_id= business_trace_id= tenant_id= document_id= ingestion_job_id= - HikariPool-1 - Start completed.
2026-05-30 09:58:39.581 [main] INFO  o.hibernate.orm.connections.pooling otel_trace_id= otel_span_id= request_id= business_trace_id= tenant_id= document_id= ingestion_job_id= - HHH10001005: Database info:
	Database JDBC URL [jdbc:postgresql://localhost:5432/postgres]
	Database driver: PostgreSQL JDBC Driver
	Database dialect: PostgreSQLDialect
	Database version: 16.13
	Default catalog/schema: postgres/public
	Autocommit mode: undefined/unknown
	Isolation level: READ_COMMITTED [default READ_COMMITTED]
	JDBC fetch size: none
	Pool: DataSourceConnectionProvider
	Minimum pool size: undefined/unknown
	Maximum pool size: undefined/unknown
2026-05-30 09:58:41.143 [main] INFO  org.hibernate.orm.core otel_trace_id= otel_span_id= request_id= business_trace_id= tenant_id= document_id= ingestion_job_id= - HHH000489: No JTA platform available (set 'hibernate.transaction.jta.platform' to enable JTA platform integration)
2026-05-30 09:58:41.207 [main] INFO  o.s.o.j.LocalContainerEntityManagerFactoryBean otel_trace_id= otel_span_id= request_id= business_trace_id= tenant_id= document_id= ingestion_job_id= - Initialized JPA EntityManagerFactory for persistence unit 'default'
2026-05-30 09:58:41.973 [main] INFO  o.s.d.j.r.q.QueryEnhancerFactories otel_trace_id= otel_span_id= request_id= business_trace_id= tenant_id= document_id= ingestion_job_id= - Hibernate is in classpath; If applicable, HQL parser will be used.
2026-05-30 09:58:43.995 [main] INFO  n.d.b.g.s.a.GrpcServerFactoryAutoConfiguration otel_trace_id= otel_span_id= request_id= business_trace_id= tenant_id= document_id= ingestion_job_id= - Detected grpc-netty-shaded: Creating ShadedNettyGrpcServerFactory
2026-05-30 09:58:44.596 [main] INFO  o.s.b.a.e.web.EndpointLinksResolver otel_trace_id= otel_span_id= request_id= business_trace_id= tenant_id= document_id= ingestion_job_id= - Exposing 3 endpoints beneath base path '/actuator'
2026-05-30 09:58:44.627 [main] WARN  o.s.a.m.a.p.s.SyncMcpSamplingProvider otel_trace_id= otel_span_id= request_id= business_trace_id= tenant_id= document_id= ingestion_job_id= - No sampling methods found
2026-05-30 09:58:44.627 [main] WARN  o.s.a.m.a.p.e.SyncMcpElicitationProvider otel_trace_id= otel_span_id= request_id= business_trace_id= tenant_id= document_id= ingestion_job_id= - No elicitation methods found
2026-05-30 09:58:44.710 [main] INFO  o.s.boot.tomcat.TomcatWebServer otel_trace_id= otel_span_id= request_id= business_trace_id= tenant_id= document_id= ingestion_job_id= - Tomcat started on port 8081 (http) with context path '/'
2026-05-30 09:58:44.832 [main] INFO  n.d.b.g.s.s.AbstractGrpcServerFactory otel_trace_id= otel_span_id= request_id= business_trace_id= tenant_id= document_id= ingestion_job_id= - Registered gRPC service: document.DocumentService, bean: documentServiceGrpcImpl, class: com.sparrowx.document.grpc.DocumentServiceGrpcImpl
2026-05-30 09:58:44.832 [main] INFO  n.d.b.g.s.s.AbstractGrpcServerFactory otel_trace_id= otel_span_id= request_id= business_trace_id= tenant_id= document_id= ingestion_job_id= - Registered gRPC service: grpc.health.v1.Health, bean: grpcHealthService, class: io.grpc.protobuf.services.HealthServiceImpl
2026-05-30 09:58:44.832 [main] INFO  n.d.b.g.s.s.AbstractGrpcServerFactory otel_trace_id= otel_span_id= request_id= business_trace_id= tenant_id= document_id= ingestion_job_id= - Registered gRPC service: grpc.reflection.v1alpha.ServerReflection, bean: protoReflectionService, class: io.grpc.protobuf.services.ProtoReflectionService
2026-05-30 09:58:45.018 [main] INFO  n.d.b.g.s.s.GrpcServerLifecycle otel_trace_id= otel_span_id= request_id= business_trace_id= tenant_id= document_id= ingestion_job_id= - gRPC Server started, listening on address: *, port: 50054
2026-05-30 09:58:45.042 [main] INFO  c.s.document.DocumentApplication otel_trace_id= otel_span_id= request_id= business_trace_id= tenant_id= document_id= ingestion_job_id= - Started DocumentApplication in 11.505 seconds (process running for 11.965)
2026-05-30 09:58:45.252 [main] INFO  c.s.d.d.q.QdrantCollectionInitializer otel_trace_id= otel_span_id= request_id= business_trace_id= tenant_id= document_id= ingestion_job_id= - Qdrant collection already exists: sparrowx_document_chunks
2026-05-30 09:58:45.252 [main] WARN  o.s.c.events.SpringDocAppInitializer otel_trace_id= otel_span_id= request_id= business_trace_id= tenant_id= document_id= ingestion_job_id= - SpringDoc /v3/api-docs endpoint is enabled by default. To disable it in production, set the property 'springdoc.api-docs.enabled=false'
2026-05-30 09:58:45.252 [main] WARN  o.s.c.events.SpringDocAppInitializer otel_trace_id= otel_span_id= request_id= business_trace_id= tenant_id= document_id= ingestion_job_id= - SpringDoc /swagger-ui.html endpoint is enabled by default. To disable it in production, set the property 'springdoc.swagger-ui.enabled=false'
2026-05-30 09:58:45.516 [main] INFO  c.s.d.g.h.DocumentServiceStartupCheck otel_trace_id= otel_span_id= request_id= business_trace_id= tenant_id= document_id= ingestion_job_id= - Document service startup check complete documentCount=27 storageProvider=MinioDocumentStorage
2026-05-30 09:58:45.533 [main] INFO  b.i.grpc.health.GrpcHealthAdapter otel_trace_id= otel_span_id= request_id= business_trace_id= tenant_id= document_id= ingestion_job_id= - Application ready — setting gRPC global health to SERVING
2026-05-30 09:58:51.206 [http-nio-8081-exec-1] INFO  o.a.c.c.C.[Tomcat].[localhost].[/] otel_trace_id= otel_span_id= request_id= business_trace_id= tenant_id= document_id= ingestion_job_id= - Initializing Spring DispatcherServlet 'dispatcherServlet'
2026-05-30 09:58:51.206 [http-nio-8081-exec-1] INFO  o.s.web.servlet.DispatcherServlet otel_trace_id= otel_span_id= request_id= business_trace_id= tenant_id= document_id= ingestion_job_id= - Initializing Servlet 'dispatcherServlet'
2026-05-30 09:58:51.206 [http-nio-8081-exec-1] INFO  o.s.web.servlet.DispatcherServlet otel_trace_id= otel_span_id= request_id= business_trace_id= tenant_id= document_id= ingestion_job_id= - Completed initialization in 0 ms
2026-05-30 09:59:00.463 [grpc-default-executor-0] INFO  b.i.g.i.GrpcLoggingInterceptor otel_trace_id= otel_span_id= request_id= business_trace_id= tenant_id= document_id= ingestion_job_id= - grpc.call.start document.DocumentService/BuildDocumentEvidence
2026-05-30 09:59:00.489 [grpc-default-executor-0] INFO  b.i.g.i.GrpcTracingInterceptor otel_trace_id=394e021f5c5ded6b21dc6a489e558edb otel_span_id=398647022ddf2024 request_id= business_trace_id= tenant_id= document_id= ingestion_job_id= - trace.start: 394e021f5c5ded6b21dc6a489e558edb
2026-05-30 09:59:00.660 [grpc-default-executor-0] INFO  b.i.g.i.GrpcLoggingInterceptor$2 otel_trace_id= otel_span_id= request_id= business_trace_id= tenant_id= document_id= ingestion_job_id= - grpc.request.message document.DocumentService/BuildDocumentEvidence
2026-05-30 09:59:00.670 [grpc-default-executor-0] INFO  b.i.g.i.GrpcLoggingInterceptor$2 otel_trace_id= otel_span_id= request_id=req-build-evidence-neural-imaging-unsupported-001 business_trace_id=trace-build-evidence-neural-imaging-unsupported-001 tenant_id=tenant-001 document_id= ingestion_job_id= - grpc.request.complete document.DocumentService/BuildDocumentEvidence
2026-05-30 09:59:00.686 [grpc-default-executor-0] INFO  b.c.c.i.CommandObservabilityInterceptor otel_trace_id=394e021f5c5ded6b21dc6a489e558edb otel_span_id=398647022ddf2024 request_id=req-build-evidence-neural-imaging-unsupported-001 business_trace_id=trace-build-evidence-neural-imaging-unsupported-001 tenant_id=tenant-001 document_id= ingestion_job_id= - command.start BuildDocumentEvidenceCommand
2026-05-30 09:59:00.686 [grpc-default-executor-0] INFO  c.s.d.o.EvidenceBuildLogger otel_trace_id=394e021f5c5ded6b21dc6a489e558edb otel_span_id=398647022ddf2024 request_id=req-build-evidence-neural-imaging-unsupported-001 business_trace_id=trace-build-evidence-neural-imaging-unsupported-001 tenant_id=tenant-001 document_id= ingestion_job_id= - Document evidence build requested tenantId=tenant-001 userId=user-001 projectId=project-001 teamId=team-001 goal=EXTRACTION scopedDocumentCount=1 limit=8 allowClaimCache=false requireVerification=true
2026-05-30 09:59:27.917 [grpc-default-executor-0] INFO  c.s.d.o.EvidenceBuildLogger otel_trace_id=394e021f5c5ded6b21dc6a489e558edb otel_span_id=398647022ddf2024 request_id=req-build-evidence-neural-imaging-unsupported-001 business_trace_id=trace-build-evidence-neural-imaging-unsupported-001 tenant_id=tenant-001 document_id= ingestion_job_id= - Document evidence build completed tenantId=tenant-001 userId=user-001 graphId=c4d48762-0f1b-4c35-937e-55098e87a4ba nodeCount=7 edgeCount=2 usedChunkRetrieval=true usedClaimCache=false coverageScore=1.0
2026-05-30 09:59:27.924 [grpc-default-executor-0] INFO  b.c.c.i.CommandObservabilityInterceptor otel_trace_id=394e021f5c5ded6b21dc6a489e558edb otel_span_id=398647022ddf2024 request_id=req-build-evidence-neural-imaging-unsupported-001 business_trace_id=trace-build-evidence-neural-imaging-unsupported-001 tenant_id=tenant-001 document_id= ingestion_job_id= - command.complete BuildDocumentEvidenceCommand in 27238 ms
2026-05-30 09:59:27.924 [grpc-default-executor-0] INFO  i.o.e.logging.LoggingSpanExporter otel_trace_id=394e021f5c5ded6b21dc6a489e558edb otel_span_id=398647022ddf2024 request_id=req-build-evidence-neural-imaging-unsupported-001 business_trace_id=trace-build-evidence-neural-imaging-unsupported-001 tenant_id=tenant-001 document_id= ingestion_job_id= - 'command.BuildDocumentEvidenceCommand' : 394e021f5c5ded6b21dc6a489e558edb 4f2103b39f56d5ca INTERNAL [tracer: sparrowx-document-service:] {}
2026-05-30 09:59:27.957 [grpc-default-executor-0] INFO  b.i.g.i.GrpcLoggingInterceptor$1 otel_trace_id=394e021f5c5ded6b21dc6a489e558edb otel_span_id=398647022ddf2024 request_id=req-build-evidence-neural-imaging-unsupported-001 business_trace_id=trace-build-evidence-neural-imaging-unsupported-001 tenant_id=tenant-001 document_id= ingestion_job_id= - grpc.response.send document.DocumentService/BuildDocumentEvidence
2026-05-30 09:59:27.972 [grpc-default-executor-0] INFO  i.o.e.logging.LoggingSpanExporter otel_trace_id=394e021f5c5ded6b21dc6a489e558edb otel_span_id=398647022ddf2024 request_id=req-build-evidence-neural-imaging-unsupported-001 business_trace_id=trace-build-evidence-neural-imaging-unsupported-001 tenant_id=tenant-001 document_id= ingestion_job_id= - 'document.DocumentService/BuildDocumentEvidence' : 394e021f5c5ded6b21dc6a489e558edb 398647022ddf2024 SERVER [tracer: sparrowx-document-service:] AttributesMap{data={rpc.method=document.DocumentService/BuildDocumentEvidence, rpc.grpc.status_code=OK, rpc.system=grpc}, capacity=128, totalAddedValues=3}
2026-05-30 09:59:27.975 [grpc-default-executor-0] INFO  b.i.g.i.GrpcLoggingInterceptor$1 otel_trace_id=394e021f5c5ded6b21dc6a489e558edb otel_span_id=398647022ddf2024 request_id=req-build-evidence-neural-imaging-unsupported-001 business_trace_id=trace-build-evidence-neural-imaging-unsupported-001 tenant_id=tenant-001 document_id= ingestion_job_id= - grpc.call.close document.DocumentService/BuildDocumentEvidence status=Status{code=OK, description=null, cause=null}
2026-05-30 09:59:27.994 [grpc-default-executor-0] INFO  b.i.g.i.GrpcLoggingInterceptor$2 otel_trace_id= otel_span_id= request_id= business_trace_id= tenant_id= document_id= ingestion_job_id= - grpc.call.complete document.DocumentService/BuildDocumentEvidence
2026-05-30 10:09:07.600 [SpringApplicationShutdownHook] INFO  n.d.b.g.s.s.GrpcServerLifecycle otel_trace_id= otel_span_id= request_id= business_trace_id= tenant_id= document_id= ingestion_job_id= - Completed gRPC server shutdown
2026-05-30 10:09:07.601 [SpringApplicationShutdownHook] INFO  o.s.boot.tomcat.GracefulShutdown otel_trace_id= otel_span_id= request_id= business_trace_id= tenant_id= document_id= ingestion_job_id= - Commencing graceful shutdown. Waiting for active requests to complete
2026-05-30 10:09:07.606 [tomcat-shutdown] INFO  o.s.boot.tomcat.GracefulShutdown otel_trace_id= otel_span_id= request_id= business_trace_id= tenant_id= document_id= ingestion_job_id= - Graceful shutdown complete
2026-05-30 10:09:07.630 [SpringApplicationShutdownHook] INFO  b.i.grpc.health.GrpcHealthAdapter otel_trace_id= otel_span_id= request_id= business_trace_id= tenant_id= document_id= ingestion_job_id= - Shutting down — setting gRPC global health to NOT_SERVING
2026-05-30 10:09:07.646 [SpringApplicationShutdownHook] INFO  o.s.o.j.LocalContainerEntityManagerFactoryBean otel_trace_id= otel_span_id= request_id= business_trace_id= tenant_id= document_id= ingestion_job_id= - Closing JPA EntityManagerFactory for persistence unit 'default'
2026-05-30 10:09:07.649 [SpringApplicationShutdownHook] INFO  com.zaxxer.hikari.HikariDataSource otel_trace_id= otel_span_id= request_id= business_trace_id= tenant_id= document_id= ingestion_job_id= - HikariPool-1 - Shutdown initiated...
2026-05-30 10:09:07.655 [SpringApplicationShutdownHook] INFO  com.zaxxer.hikari.HikariDataSource otel_trace_id= otel_span_id= request_id= business_trace_id= tenant_id= document_id= ingestion_job_id= - HikariPool-1 - Shutdown completed.
2026-05-30 10:10:15.280 [main] INFO  c.s.document.DocumentApplication otel_trace_id= otel_span_id= request_id= business_trace_id= tenant_id= document_id= ingestion_job_id= - Starting DocumentApplication using Java 25.0.2 with PID 2600 (D:\Projects\Sparrow-x\document-service\target\classes started by aggre in D:\Projects\Sparrow-x\document-service)
2026-05-30 10:10:15.280 [main] INFO  c.s.document.DocumentApplication otel_trace_id= otel_span_id= request_id= business_trace_id= tenant_id= document_id= ingestion_job_id= - The following 1 profile is active: "dev"
2026-05-30 10:10:16.066 [main] INFO  o.s.d.r.c.RepositoryConfigurationDelegate otel_trace_id= otel_span_id= request_id= business_trace_id= tenant_id= document_id= ingestion_job_id= - Multiple Spring Data modules found, entering strict repository configuration mode
2026-05-30 10:10:16.067 [main] INFO  o.s.d.r.c.RepositoryConfigurationDelegate otel_trace_id= otel_span_id= request_id= business_trace_id= tenant_id= document_id= ingestion_job_id= - Bootstrapping Spring Data JPA repositories in DEFAULT mode.
2026-05-30 10:10:16.168 [main] INFO  o.s.d.r.c.RepositoryConfigurationDelegate otel_trace_id= otel_span_id= request_id= business_trace_id= tenant_id= document_id= ingestion_job_id= - Finished Spring Data repository scanning in 93 ms. Found 5 JPA repository interfaces.
2026-05-30 10:10:16.861 [main] INFO  o.s.d.r.c.RepositoryConfigurationDelegate otel_trace_id= otel_span_id= request_id= business_trace_id= tenant_id= document_id= ingestion_job_id= - Multiple Spring Data modules found, entering strict repository configuration mode
2026-05-30 10:10:16.862 [main] INFO  o.s.d.r.c.RepositoryConfigurationDelegate otel_trace_id= otel_span_id= request_id= business_trace_id= tenant_id= document_id= ingestion_job_id= - Bootstrapping Spring Data Redis repositories in DEFAULT mode.
2026-05-30 10:10:16.891 [main] INFO  o.s.d.r.c.RepositoryConfigurationExtensionSupport otel_trace_id= otel_span_id= request_id= business_trace_id= tenant_id= document_id= ingestion_job_id= - Spring Data Redis - Could not safely identify store assignment for repository candidate interface com.sparrowx.document.data.postgres.repositories.DocumentChunkRepository; If you want this repository to be a Redis repository, consider annotating your entities with one of these annotations: org.springframework.data.redis.core.RedisHash (preferred), or consider extending one of the following types with your repository: org.springframework.data.keyvalue.repository.KeyValueRepository
2026-05-30 10:10:16.892 [main] INFO  o.s.d.r.c.RepositoryConfigurationExtensionSupport otel_trace_id= otel_span_id= request_id= business_trace_id= tenant_id= document_id= ingestion_job_id= - Spring Data Redis - Could not safely identify store assignment for repository candidate interface com.sparrowx.document.data.postgres.repositories.DocumentRepository; If you want this repository to be a Redis repository, consider annotating your entities with one of these annotations: org.springframework.data.redis.core.RedisHash (preferred), or consider extending one of the following types with your repository: org.springframework.data.keyvalue.repository.KeyValueRepository
2026-05-30 10:10:16.892 [main] INFO  o.s.d.r.c.RepositoryConfigurationExtensionSupport otel_trace_id= otel_span_id= request_id= business_trace_id= tenant_id= document_id= ingestion_job_id= - Spring Data Redis - Could not safely identify store assignment for repository candidate interface com.sparrowx.document.data.postgres.repositories.IngestionJobRepository; If you want this repository to be a Redis repository, consider annotating your entities with one of these annotations: org.springframework.data.redis.core.RedisHash (preferred), or consider extending one of the following types with your repository: org.springframework.data.keyvalue.repository.KeyValueRepository
2026-05-30 10:10:16.893 [main] INFO  o.s.d.r.c.RepositoryConfigurationDelegate otel_trace_id= otel_span_id= request_id= business_trace_id= tenant_id= document_id= ingestion_job_id= - Finished Spring Data repository scanning in 23 ms. Found 0 Redis repository interfaces.
2026-05-30 10:10:18.125 [main] INFO  o.s.boot.tomcat.TomcatWebServer otel_trace_id= otel_span_id= request_id= business_trace_id= tenant_id= document_id= ingestion_job_id= - Tomcat initialized with port 8081 (http)
2026-05-30 10:10:18.144 [main] INFO  o.a.catalina.core.StandardService otel_trace_id= otel_span_id= request_id= business_trace_id= tenant_id= document_id= ingestion_job_id= - Starting service [Tomcat]
2026-05-30 10:10:18.144 [main] INFO  o.a.catalina.core.StandardEngine otel_trace_id= otel_span_id= request_id= business_trace_id= tenant_id= document_id= ingestion_job_id= - Starting Servlet engine: [Apache Tomcat/11.0.21]
2026-05-30 10:10:18.286 [main] INFO  o.s.b.w.c.s.WebApplicationContextInitializer otel_trace_id= otel_span_id= request_id= business_trace_id= tenant_id= document_id= ingestion_job_id= - Root WebApplicationContext: initialization completed in 2973 ms
2026-05-30 10:10:18.677 [main] INFO  org.hibernate.orm.jpa otel_trace_id= otel_span_id= request_id= business_trace_id= tenant_id= document_id= ingestion_job_id= - HHH008540: Processing PersistenceUnitInfo [name: default]
2026-05-30 10:10:18.751 [main] INFO  org.hibernate.orm.core otel_trace_id= otel_span_id= request_id= business_trace_id= tenant_id= document_id= ingestion_job_id= - HHH000001: Hibernate ORM core version 7.2.12.Final
2026-05-30 10:10:19.366 [main] INFO  o.s.o.j.p.SpringPersistenceUnitInfo otel_trace_id= otel_span_id= request_id= business_trace_id= tenant_id= document_id= ingestion_job_id= - No LoadTimeWeaver setup: ignoring JPA class transformer
2026-05-30 10:10:19.418 [main] INFO  com.zaxxer.hikari.HikariDataSource otel_trace_id= otel_span_id= request_id= business_trace_id= tenant_id= document_id= ingestion_job_id= - HikariPool-1 - Starting...
2026-05-30 10:10:19.649 [main] INFO  com.zaxxer.hikari.pool.HikariPool otel_trace_id= otel_span_id= request_id= business_trace_id= tenant_id= document_id= ingestion_job_id= - HikariPool-1 - Added connection org.postgresql.jdbc.PgConnection@79f6b43a
2026-05-30 10:10:19.651 [main] INFO  com.zaxxer.hikari.HikariDataSource otel_trace_id= otel_span_id= request_id= business_trace_id= tenant_id= document_id= ingestion_job_id= - HikariPool-1 - Start completed.
2026-05-30 10:10:19.745 [main] INFO  o.hibernate.orm.connections.pooling otel_trace_id= otel_span_id= request_id= business_trace_id= tenant_id= document_id= ingestion_job_id= - HHH10001005: Database info:
	Database JDBC URL [jdbc:postgresql://localhost:5432/postgres]
	Database driver: PostgreSQL JDBC Driver
	Database dialect: PostgreSQLDialect
	Database version: 16.13
	Default catalog/schema: postgres/public
	Autocommit mode: undefined/unknown
	Isolation level: READ_COMMITTED [default READ_COMMITTED]
	JDBC fetch size: none
	Pool: DataSourceConnectionProvider
	Minimum pool size: undefined/unknown
	Maximum pool size: undefined/unknown
2026-05-30 10:10:21.089 [main] INFO  org.hibernate.orm.core otel_trace_id= otel_span_id= request_id= business_trace_id= tenant_id= document_id= ingestion_job_id= - HHH000489: No JTA platform available (set 'hibernate.transaction.jta.platform' to enable JTA platform integration)
2026-05-30 10:10:21.160 [main] INFO  o.s.o.j.LocalContainerEntityManagerFactoryBean otel_trace_id= otel_span_id= request_id= business_trace_id= tenant_id= document_id= ingestion_job_id= - Initialized JPA EntityManagerFactory for persistence unit 'default'
2026-05-30 10:10:21.861 [main] INFO  o.s.d.j.r.q.QueryEnhancerFactories otel_trace_id= otel_span_id= request_id= business_trace_id= tenant_id= document_id= ingestion_job_id= - Hibernate is in classpath; If applicable, HQL parser will be used.
2026-05-30 10:10:23.927 [main] INFO  n.d.b.g.s.a.GrpcServerFactoryAutoConfiguration otel_trace_id= otel_span_id= request_id= business_trace_id= tenant_id= document_id= ingestion_job_id= - Detected grpc-netty-shaded: Creating ShadedNettyGrpcServerFactory
2026-05-30 10:10:24.598 [main] INFO  o.s.b.a.e.web.EndpointLinksResolver otel_trace_id= otel_span_id= request_id= business_trace_id= tenant_id= document_id= ingestion_job_id= - Exposing 3 endpoints beneath base path '/actuator'
2026-05-30 10:10:24.631 [main] WARN  o.s.a.m.a.p.s.SyncMcpSamplingProvider otel_trace_id= otel_span_id= request_id= business_trace_id= tenant_id= document_id= ingestion_job_id= - No sampling methods found
2026-05-30 10:10:24.633 [main] WARN  o.s.a.m.a.p.e.SyncMcpElicitationProvider otel_trace_id= otel_span_id= request_id= business_trace_id= tenant_id= document_id= ingestion_job_id= - No elicitation methods found
2026-05-30 10:10:24.707 [main] INFO  o.s.boot.tomcat.TomcatWebServer otel_trace_id= otel_span_id= request_id= business_trace_id= tenant_id= document_id= ingestion_job_id= - Tomcat started on port 8081 (http) with context path '/'
2026-05-30 10:10:24.808 [main] INFO  n.d.b.g.s.s.AbstractGrpcServerFactory otel_trace_id= otel_span_id= request_id= business_trace_id= tenant_id= document_id= ingestion_job_id= - Registered gRPC service: document.DocumentService, bean: documentServiceGrpcImpl, class: com.sparrowx.document.grpc.DocumentServiceGrpcImpl
2026-05-30 10:10:24.808 [main] INFO  n.d.b.g.s.s.AbstractGrpcServerFactory otel_trace_id= otel_span_id= request_id= business_trace_id= tenant_id= document_id= ingestion_job_id= - Registered gRPC service: grpc.health.v1.Health, bean: grpcHealthService, class: io.grpc.protobuf.services.HealthServiceImpl
2026-05-30 10:10:24.809 [main] INFO  n.d.b.g.s.s.AbstractGrpcServerFactory otel_trace_id= otel_span_id= request_id= business_trace_id= tenant_id= document_id= ingestion_job_id= - Registered gRPC service: grpc.reflection.v1alpha.ServerReflection, bean: protoReflectionService, class: io.grpc.protobuf.services.ProtoReflectionService
2026-05-30 10:10:24.972 [main] INFO  n.d.b.g.s.s.GrpcServerLifecycle otel_trace_id= otel_span_id= request_id= business_trace_id= tenant_id= document_id= ingestion_job_id= - gRPC Server started, listening on address: *, port: 50054
2026-05-30 10:10:24.990 [main] INFO  c.s.document.DocumentApplication otel_trace_id= otel_span_id= request_id= business_trace_id= tenant_id= document_id= ingestion_job_id= - Started DocumentApplication in 10.133 seconds (process running for 10.594)
2026-05-30 10:10:25.154 [main] INFO  c.s.d.d.q.QdrantCollectionInitializer otel_trace_id= otel_span_id= request_id= business_trace_id= tenant_id= document_id= ingestion_job_id= - Qdrant collection already exists: sparrowx_document_chunks
2026-05-30 10:10:25.155 [main] WARN  o.s.c.events.SpringDocAppInitializer otel_trace_id= otel_span_id= request_id= business_trace_id= tenant_id= document_id= ingestion_job_id= - SpringDoc /v3/api-docs endpoint is enabled by default. To disable it in production, set the property 'springdoc.api-docs.enabled=false'
2026-05-30 10:10:25.155 [main] WARN  o.s.c.events.SpringDocAppInitializer otel_trace_id= otel_span_id= request_id= business_trace_id= tenant_id= document_id= ingestion_job_id= - SpringDoc /swagger-ui.html endpoint is enabled by default. To disable it in production, set the property 'springdoc.swagger-ui.enabled=false'
2026-05-30 10:10:25.400 [main] INFO  c.s.d.g.h.DocumentServiceStartupCheck otel_trace_id= otel_span_id= request_id= business_trace_id= tenant_id= document_id= ingestion_job_id= - Document service startup check complete documentCount=27 storageProvider=MinioDocumentStorage
2026-05-30 10:10:25.419 [main] INFO  b.i.grpc.health.GrpcHealthAdapter otel_trace_id= otel_span_id= request_id= business_trace_id= tenant_id= document_id= ingestion_job_id= - Application ready — setting gRPC global health to SERVING
2026-05-30 10:10:31.182 [http-nio-8081-exec-1] INFO  o.a.c.c.C.[Tomcat].[localhost].[/] otel_trace_id= otel_span_id= request_id= business_trace_id= tenant_id= document_id= ingestion_job_id= - Initializing Spring DispatcherServlet 'dispatcherServlet'
2026-05-30 10:10:31.182 [http-nio-8081-exec-1] INFO  o.s.web.servlet.DispatcherServlet otel_trace_id= otel_span_id= request_id= business_trace_id= tenant_id= document_id= ingestion_job_id= - Initializing Servlet 'dispatcherServlet'
2026-05-30 10:10:31.182 [http-nio-8081-exec-1] INFO  o.s.web.servlet.DispatcherServlet otel_trace_id= otel_span_id= request_id= business_trace_id= tenant_id= document_id= ingestion_job_id= - Completed initialization in 0 ms
2026-05-30 10:10:41.055 [grpc-default-executor-0] INFO  b.i.g.i.GrpcLoggingInterceptor otel_trace_id= otel_span_id= request_id= business_trace_id= tenant_id= document_id= ingestion_job_id= - grpc.call.start document.DocumentService/BuildDocumentEvidence
2026-05-30 10:10:41.107 [grpc-default-executor-0] INFO  b.i.g.i.GrpcTracingInterceptor otel_trace_id=ead30aad887fa8f23f63e5fbedefc1f9 otel_span_id=c8e6314ec711d7b5 request_id= business_trace_id= tenant_id= document_id= ingestion_job_id= - trace.start: ead30aad887fa8f23f63e5fbedefc1f9
2026-05-30 10:10:41.305 [grpc-default-executor-1] INFO  b.i.g.i.GrpcLoggingInterceptor$2 otel_trace_id= otel_span_id= request_id= business_trace_id= tenant_id= document_id= ingestion_job_id= - grpc.request.message document.DocumentService/BuildDocumentEvidence
2026-05-30 10:10:41.322 [grpc-default-executor-1] INFO  b.i.g.i.GrpcLoggingInterceptor$2 otel_trace_id= otel_span_id= request_id=req-build-evidence-neural-imaging-unsupported-001 business_trace_id=trace-build-evidence-neural-imaging-unsupported-001 tenant_id=tenant-001 document_id= ingestion_job_id= - grpc.request.complete document.DocumentService/BuildDocumentEvidence
2026-05-30 10:10:41.337 [grpc-default-executor-1] INFO  b.c.c.i.CommandObservabilityInterceptor otel_trace_id=ead30aad887fa8f23f63e5fbedefc1f9 otel_span_id=c8e6314ec711d7b5 request_id=req-build-evidence-neural-imaging-unsupported-001 business_trace_id=trace-build-evidence-neural-imaging-unsupported-001 tenant_id=tenant-001 document_id= ingestion_job_id= - command.start BuildDocumentEvidenceCommand
2026-05-30 10:10:41.338 [grpc-default-executor-1] INFO  c.s.d.o.EvidenceBuildLogger otel_trace_id=ead30aad887fa8f23f63e5fbedefc1f9 otel_span_id=c8e6314ec711d7b5 request_id=req-build-evidence-neural-imaging-unsupported-001 business_trace_id=trace-build-evidence-neural-imaging-unsupported-001 tenant_id=tenant-001 document_id= ingestion_job_id= - Document evidence build requested tenantId=tenant-001 userId=user-001 projectId=project-001 teamId=team-001 goal=EXTRACTION scopedDocumentCount=1 limit=8 allowClaimCache=false requireVerification=true
2026-05-30 10:11:07.664 [grpc-default-executor-1] INFO  c.s.d.o.EvidenceBuildLogger otel_trace_id=ead30aad887fa8f23f63e5fbedefc1f9 otel_span_id=c8e6314ec711d7b5 request_id=req-build-evidence-neural-imaging-unsupported-001 business_trace_id=trace-build-evidence-neural-imaging-unsupported-001 tenant_id=tenant-001 document_id= ingestion_job_id= - Document evidence build completed tenantId=tenant-001 userId=user-001 graphId=b066b082-33a0-418c-a3f9-6cb81a10d34a nodeCount=6 edgeCount=2 usedChunkRetrieval=true usedClaimCache=false coverageScore=0.0
2026-05-30 10:11:07.665 [grpc-default-executor-1] INFO  b.c.c.i.CommandObservabilityInterceptor otel_trace_id=ead30aad887fa8f23f63e5fbedefc1f9 otel_span_id=c8e6314ec711d7b5 request_id=req-build-evidence-neural-imaging-unsupported-001 business_trace_id=trace-build-evidence-neural-imaging-unsupported-001 tenant_id=tenant-001 document_id= ingestion_job_id= - command.complete BuildDocumentEvidenceCommand in 26327 ms
2026-05-30 10:11:07.666 [grpc-default-executor-1] INFO  i.o.e.logging.LoggingSpanExporter otel_trace_id=ead30aad887fa8f23f63e5fbedefc1f9 otel_span_id=c8e6314ec711d7b5 request_id=req-build-evidence-neural-imaging-unsupported-001 business_trace_id=trace-build-evidence-neural-imaging-unsupported-001 tenant_id=tenant-001 document_id= ingestion_job_id= - 'command.BuildDocumentEvidenceCommand' : ead30aad887fa8f23f63e5fbedefc1f9 f1b7117cbf5f1a21 INTERNAL [tracer: sparrowx-document-service:] {}
2026-05-30 10:11:07.704 [grpc-default-executor-1] INFO  b.i.g.i.GrpcLoggingInterceptor$1 otel_trace_id=ead30aad887fa8f23f63e5fbedefc1f9 otel_span_id=c8e6314ec711d7b5 request_id=req-build-evidence-neural-imaging-unsupported-001 business_trace_id=trace-build-evidence-neural-imaging-unsupported-001 tenant_id=tenant-001 document_id= ingestion_job_id= - grpc.response.send document.DocumentService/BuildDocumentEvidence
2026-05-30 10:11:07.718 [grpc-default-executor-1] INFO  i.o.e.logging.LoggingSpanExporter otel_trace_id=ead30aad887fa8f23f63e5fbedefc1f9 otel_span_id=c8e6314ec711d7b5 request_id=req-build-evidence-neural-imaging-unsupported-001 business_trace_id=trace-build-evidence-neural-imaging-unsupported-001 tenant_id=tenant-001 document_id= ingestion_job_id= - 'document.DocumentService/BuildDocumentEvidence' : ead30aad887fa8f23f63e5fbedefc1f9 c8e6314ec711d7b5 SERVER [tracer: sparrowx-document-service:] AttributesMap{data={rpc.method=document.DocumentService/BuildDocumentEvidence, rpc.grpc.status_code=OK, rpc.system=grpc}, capacity=128, totalAddedValues=3}
2026-05-30 10:11:07.725 [grpc-default-executor-1] INFO  b.i.g.i.GrpcLoggingInterceptor$1 otel_trace_id=ead30aad887fa8f23f63e5fbedefc1f9 otel_span_id=c8e6314ec711d7b5 request_id=req-build-evidence-neural-imaging-unsupported-001 business_trace_id=trace-build-evidence-neural-imaging-unsupported-001 tenant_id=tenant-001 document_id= ingestion_job_id= - grpc.call.close document.DocumentService/BuildDocumentEvidence status=Status{code=OK, description=null, cause=null}
2026-05-30 10:11:07.747 [grpc-default-executor-1] INFO  b.i.g.i.GrpcLoggingInterceptor$2 otel_trace_id= otel_span_id= request_id= business_trace_id= tenant_id= document_id= ingestion_job_id= - grpc.call.complete document.DocumentService/BuildDocumentEvidence
